Workbook
Name IQ_CH: 110000
Name IQ_CQ: 5000
Name IQ_CY: 10000
Name IQ_DAILY: 500000
Name IQ_FH: 100000
Name IQ_FQ: 500
Name IQ_FY: 1000
Name IQ_LTM: 2000
Name IQ_MONTH: 15000
Name IQ_NTM: 6000
Name IQ_WEEK: 50000
Name IQ_YTD: 3000

Sheet Summary
B2: Sales Data
B4: USD | C4: Full Year | I4: Full Year | O4: Total Sales | AB4: 2026B | AE4: Existing | AR4: New
C5: 25A | D5: 25B | E5: 25F vs 25B | F5: 24A | G5: 25F vs 24A | I5: 26B | J5: 25A | K5: 26B vs 25F | O5: 46023 | P5: 46054 | Q5: 46082 | R5: 46113 | S5: 46143 | T5: 46174 | U5: 46204 | V5: 46235 | W5: 46266 | X5: 46296 | Y5: 46327 | Z5: 46357 | AB5: Existing doors | AC5: New doors | AE5: 46023 | AF5: 46054 | AG5: 46082 | AH5: 46113 | AI5: 46143 | AJ5: 46174 | AK5: 46204 | AL5: 46235 | AM5: 46266 | AN5: 46296 | AO5: 46327 | AP5: 46357 | AR5: 46023 | AS5: 46054 | AT5: 46082 | AU5: 46113 | AV5: 46143 | AW5: 46174 | AX5: 46204 | AY5: 46235 | AZ5: 46266 | BA5: 46296 | BB5: 46327 | BC5: 46357
B6: Northeast | C6: =Northeast!Z7+Northeast!Z16+Northeast!Z22+C43 -> 81851.45 | D6: =Northeast!Y7+Northeast!Y16+Northeast!Y22+D43 -> 199000 | E6: =IFERROR(C6/D6-1, "N/A") -> -0.58868618 | F6: =Northeast!X7+Northeast!X16+Northeast!X22+F43 -> 90880.71 | G6: =IFERROR(C6/F6-1, "N/A") -> -0.099352877 | I6: =Northeast!AA7+Northeast!AA16+Northeast!AA22 -> 199000 | J6: =C6 -> 81851.45 | K6: =IFERROR(I6/J6-1, "N/A") -> 1.4312337 | O6: =Northeast!AG7+Northeast!AG16+Northeast!AG22 -> 7920 | P6: =Northeast!AH7+Northeast!AH16+Northeast!AH22 -> 12920 | Q6: =Northeast!AI7+Northeast!AI16+Northeast!AI22 -> 13910 | R6: =Northeast!AJ7+Northeast!AJ16+Northeast!AJ22 -> 13910 | S6: =Northeast!AK7+Northeast!AK16+Northeast!AK22 -> 12910 | T6: =Northeast!AL7+Northeast!AL16+Northeast!AL22 -> 16920 | U6: =Northeast!AM7+Northeast!AM16+Northeast!AM22 -> 18920 | V6: =Northeast!AN7+Northeast!AN16+Northeast!AN22 -> 9940 | ... Z6: =Northeast!AR7+Northeast!AR16+Northeast!AR22 -> 16930 | AB6: =Northeast!AA7+Northeast!AA16 -> 99000 | AC6: =I6-AB6 -> 100000 | AE6: =Northeast!AG7+Northeast!AG16 -> 7920 | AF6: =Northeast!AH7+Northeast!AH16 -> 7920 | AG6: =Northeast!AI7+Northeast!AI16 -> 8910 | AH6: =Northeast!AJ7+Northeast!AJ16 -> 8910 | AI6: =Northeast!AK7+Northeast!AK16 -> 8910 | AJ6: =Northeast!AL7+Northeast!AL16 -> 7920 | AK6: =Northeast!AM7+Northeast!AM16 -> 7920 | AL6: =Northeast!AN7+Northeast!AN16 -> 5940 | ... AP6: =Northeast!AR7+Northeast!AR16 -> 6930 | AR6: =O6-AE6 -> 0 | AS6: =P6-AF6 -> 5000 | AT6: =Q6-AG6 -> 5000 | AU6: =R6-AH6 -> 5000 | AV6: =S6-AI6 -> 4000 | AW6: =T6-AJ6 -> 9000 | AX6: =U6-AK6 -> 11000 | AY6: =V6-AL6 -> 4000 | ... BC6: =Z6-AP6 -> 10000
B7: Central | C7: =Central!Z8+Central!Z19+Central!Z25+C44 -> 138736.72 | D7: =Central!Y8+Central!Y19+Central!Y25+D44 -> 242000 | E7: =IFERROR(C7/D7-1, "N/A") -> -0.42670777 | F7: =Central!X8+Central!X19+Central!X25+F44 -> 121731.17 | G7: =IFERROR(C7/F7-1, "N/A") -> 0.13969758 | I7: =Central!AA8+Central!AA19+Central!AA25 -> 286000 | J7: =C7 -> 138736.72 | K7: =IFERROR(I7/J7-1, "N/A") -> 1.0614586 | O7: =Central!AG8+Central!AG19+Central!AG25 -> 14880 | P7: =Central!AH8+Central!AH19+Central!AH25 -> 19880 | Q7: =Central!AI8+Central!AI19+Central!AI25 -> 21740 | R7: =Central!AJ8+Central!AJ19+Central!AJ25 -> 21740 | S7: =Central!AK8+Central!AK19+Central!AK25 -> 20740 | T7: =Central!AL8+Central!AL19+Central!AL25 -> 23880 | U7: =Central!AM8+Central!AM19+Central!AM25 -> 25880 | V7: =Central!AN8+Central!AN19+Central!AN25 -> 15160 | ... Z7: =Central!AR8+Central!AR19+Central!AR25 -> 23020 | AB7: =Central!AA8+Central!AA19 -> 186000 | AC7: =I7-AB7 -> 100000 | AE7: =Central!AG8+Central!AG19 -> 14880 | AF7: =Central!AH8+Central!AH19 -> 14880 | AG7: =Central!AI8+Central!AI19 -> 16740 | AH7: =Central!AJ8+Central!AJ19 -> 16740 | AI7: =Central!AK8+Central!AK19 -> 16740 | AJ7: =Central!AL8+Central!AL19 -> 14880 | AK7: =Central!AM8+Central!AM19 -> 14880 | AL7: =Central!AN8+Central!AN19 -> 11160 | ... AP7: =Central!AR8+Central!AR19 -> 13020 | AR7: =O7-AE7 -> 0 | AS7: =P7-AF7 -> 5000 | AT7: =Q7-AG7 -> 5000 | AU7: =R7-AH7 -> 5000 | AV7: =S7-AI7 -> 4000 | AW7: =T7-AJ7 -> 9000 | AX7: =U7-AK7 -> 11000 | AY7: =V7-AL7 -> 4000 | ... BC7: =Z7-AP7 -> 10000
B8: West | C8: =West!Z16+West!Z27+West!Z33+C45 -> 306743.02 | D8: =West!Y16+West!Y27+West!Y33+D45 -> 574500 | E8: =IFERROR(C8/D8-1, "N/A") -> -0.46606959 | F8: =West!X16+West!X27+West!X33+F45 -> 343837.12 | G8: =IFERROR(C8/F8-1, "N/A") -> -0.10788277 | I8: =West!AA16+West!AA27+West!AA33 -> 377000 | J8: =C8 -> 306743.02 | K8: =IFERROR(I8/J8-1, "N/A") -> 0.22904182 | O8: =West!AG16+West!AG27+West!AG33 -> 22160 | P8: =West!AH16+West!AH27+West!AH33 -> 27160 | Q8: =West!AI16+West!AI27+West!AI33 -> 29930 | R8: =West!AJ16+West!AJ27+West!AJ33 -> 29930 | S8: =West!AK16+West!AK27+West!AK33 -> 28930 | T8: =West!AL16+West!AL27+West!AL33 -> 31160 | U8: =West!AM16+West!AM27+West!AM33 -> 33160 | V8: =West!AN16+West!AN27+West!AN33 -> 20620 | ... Z8: =West!AR16+West!AR27+West!AR33 -> 29390 | AB8: =West!AA16+West!AA27 -> 277000 | AC8: =I8-AB8 -> 100000 | AE8: =West!AG16+West!AG27 -> 22160 | AF8: =West!AH16+West!AH27 -> 22160 | AG8: =West!AI16+West!AI27 -> 24930 | AH8: =West!AJ16+West!AJ27 -> 24930 | AI8: =West!AK16+West!AK27 -> 24930 | AJ8: =West!AL16+West!AL27 -> 22160 | AK8: =West!AM16+West!AM27 -> 22160 | AL8: =West!AN16+West!AN27 -> 16620 | ... AP8: =West!AR16+West!AR27 -> 19390 | AR8: =O8-AE8 -> 0 | AS8: =P8-AF8 -> 5000 | AT8: =Q8-AG8 -> 5000 | AU8: =R8-AH8 -> 5000 | AV8: =S8-AI8 -> 4000 | AW8: =T8-AJ8 -> 9000 | AX8: =U8-AK8 -> 11000 | AY8: =V8-AL8 -> 4000 | ... BC8: =Z8-AP8 -> 10000
B9: Southeast | C9: =Southeast!Z14+Southeast!Z23+Southeast!Z29+C46 -> 131948.22 | D9: =Southeast!Y14+Southeast!Y23+Southeast!Y29+D46 -> 343000 | E9: =IFERROR(C9/D9-1, "N/A") -> -0.61531131 | F9: =Southeast!X14+Southeast!X23+Southeast!X29+F46 -> 150948.02 | G9: =IFERROR(C9/F9-1, "N/A") -> -0.12586982 | I9: =Southeast!AA14+Southeast!AA23+Southeast!AA29 -> 272000 | J9: =C9 -> 131948.22 | K9: =IFERROR(I9/J9-1, "N/A") -> 1.0614147 | O9: =Southeast!AG14+Southeast!AG23+Southeast!AG29 -> 13760 | P9: =Southeast!AH14+Southeast!AH23+Southeast!AH29 -> 18760 | Q9: =Southeast!AI14+Southeast!AI23+Southeast!AI29 -> 20480 | R9: =Southeast!AJ14+Southeast!AJ23+Southeast!AJ29 -> 20480 | S9: =Southeast!AK14+Southeast!AK23+Southeast!AK29 -> 19480 | T9: =Southeast!AL14+Southeast!AL23+Southeast!AL29 -> 22760 | U9: =Southeast!AM14+Southeast!AM23+Southeast!AM29 -> 24760 | V9: =Southeast!AN14+Southeast!AN23+Southeast!AN29 -> 14320 | ... Z9: =Southeast!AR14+Southeast!AR23+Southeast!AR29 -> 22040 | AB9: =Southeast!AA14+Southeast!AA23 -> 172000 | AC9: =I9-AB9 -> 100000 | AE9: =Southeast!AG14+Southeast!AG23 -> 13760 | AF9: =Southeast!AH14+Southeast!AH23 -> 13760 | AG9: =Southeast!AI14+Southeast!AI23 -> 15480 | AH9: =Southeast!AJ14+Southeast!AJ23 -> 15480 | AI9: =Southeast!AK14+Southeast!AK23 -> 15480 | AJ9: =Southeast!AL14+Southeast!AL23 -> 13760 | AK9: =Southeast!AM14+Southeast!AM23 -> 13760 | AL9: =Southeast!AN14+Southeast!AN23 -> 10320 | ... AP9: =Southeast!AR14+Southeast!AR23 -> 12040 | AR9: =O9-AE9 -> 0 | AS9: =P9-AF9 -> 5000 | AT9: =Q9-AG9 -> 5000 | AU9: =R9-AH9 -> 5000 | AV9: =S9-AI9 -> 4000 | AW9: =T9-AJ9 -> 9000 | AX9: =U9-AK9 -> 11000 | AY9: =V9-AL9 -> 4000 | ... BC9: =Z9-AP9 -> 10000
B10: Other | C10: =Other!Z5+Other!Z10+Other!Z16+C47 -> 77613.54 | D10: =Other!Y5+Other!Y10+Other!Y16+D47 -> 155000 | E10: =IFERROR(C10/D10-1, "N/A") -> -0.49926748 | F10: =Other!X5+Other!X10+Other!X16+F47 -> 59847.38 | G10: =IFERROR(C10/F10-1, "N/A") -> 0.29685777 | I10: =Other!AA5+Other!AA10+Other!AA16 -> 90000 | J10: =C10 -> 77613.54 | K10: =IFERROR(I10/J10-1, "N/A") -> 0.15959148 | O10: =Other!AG5+Other!AG10+Other!AG16 -> 7200 | P10: =Other!AH5+Other!AH10+Other!AH16 -> 7200 | Q10: =Other!AI5+Other!AI10+Other!AI16 -> 8100 | R10: =Other!AJ5+Other!AJ10+Other!AJ16 -> 8100 | S10: =Other!AK5+Other!AK10+Other!AK16 -> 8100 | T10: =Other!AL5+Other!AL10+Other!AL16 -> 7200 | U10: =Other!AM5+Other!AM10+Other!AM16 -> 7200 | V10: =Other!AN5+Other!AN10+Other!AN16 -> 5400 | ... Z10: =Other!AR5+Other!AR10+Other!AR16 -> 6300 | AB10: =Other!AA5+Other!AA10 -> 90000 | AC10: =I10-AB10 -> 0 | AE10: =Other!AG5+Other!AG10 -> 7200 | AF10: =Other!AH5+Other!AH10 -> 7200 | AG10: =Other!AI5+Other!AI10 -> 8100 | AH10: =Other!AJ5+Other!AJ10 -> 8100 | AI10: =Other!AK5+Other!AK10 -> 8100 | AJ10: =Other!AL5+Other!AL10 -> 7200 | AK10: =Other!AM5+Other!AM10 -> 7200 | AL10: =Other!AN5+Other!AN10 -> 5400 | ... AP10: =Other!AR5+Other!AR10 -> 6300 | AR10: =O10-AE10 -> 0 | AS10: =P10-AF10 -> 0 | AT10: =Q10-AG10 -> 0 | AU10: =R10-AH10 -> 0 | AV10: =S10-AI10 -> 0 | AW10: =T10-AJ10 -> 0 | AX10: =U10-AK10 -> 0 | AY10: =V10-AL10 -> 0 | ... BC10: =Z10-AP10 -> 0
B12: US Spa | C12: =SUM(C6:C10) -> 736892.95 | D12: =SUM(D6:D10) -> 1513500 | E12: =IFERROR(C12/D12-1, "N/A") -> -0.51311995 | F12: =SUM(F6:F10) -> 767244.4 | G12: =IFERROR(C12/F12-1, "N/A") -> -0.039559038 | I12: =SUM(I6:I10) -> 1224000 | J12: =SUM(J6:J10) -> 736892.95 | K12: =IFERROR(I12/J12-1, "N/A") -> 0.66102824 | O12: =SUM(O6:O10) -> 65920 | P12: =SUM(P6:P10) -> 85920 | Q12: =SUM(Q6:Q10) -> 94160 | R12: =SUM(R6:R10) -> 94160 | S12: =SUM(S6:S10) -> 90160 | T12: =SUM(T6:T10) -> 101920 | U12: =SUM(U6:U10) -> 109920 | V12: =SUM(V6:V10) -> 65440 | ... Z12: =SUM(Z6:Z10) -> 97680 | AB12: =SUM(AB6:AB10) -> 824000 | AC12: =SUM(AC6:AC10) -> 400000 | AE12: =SUM(AE6:AE10) -> 65920 | AF12: =SUM(AF6:AF10) -> 65920 | AG12: =SUM(AG6:AG10) -> 74160 | AH12: =SUM(AH6:AH10) -> 74160 | AI12: =SUM(AI6:AI10) -> 74160 | AJ12: =SUM(AJ6:AJ10) -> 65920 | AK12: =SUM(AK6:AK10) -> 65920 | AL12: =SUM(AL6:AL10) -> 49440 | ... AP12: =SUM(AP6:AP10) -> 57680 | AR12: =SUM(AR6:AR10) -> 0 | AS12: =SUM(AS6:AS10) -> 20000 | AT12: =SUM(AT6:AT10) -> 20000 | AU12: =SUM(AU6:AU10) -> 20000 | AV12: =SUM(AV6:AV10) -> 16000 | AW12: =SUM(AW6:AW10) -> 36000 | AX12: =SUM(AX6:AX10) -> 44000 | AY12: =SUM(AY6:AY10) -> 16000 | ... BC12: =SUM(BC6:BC10) -> 40000
B16: Commission Summary
C18: Sales 2026 | D18: o/w New 2026 | E18: o/w New 2025 | F18: o/w Existing | G18: Commission on New 2026 | H18: Commission on New 2025 | I18: Commission on Existing | J18: Total 2026 Commission
B19: Northeast | C19: =I6 -> 199000 | D19: =Northeast!AA22 -> 100000 | E19: =Northeast!AA16 -> 37000 | F19: =C19-D19-E19 -> 62000 | G19: =D19*10% -> 10000 | H19: =E19*5% -> 1850 | I19: =F19*5% -> 3100 | J19: =SUM(G19:I19) -> 14950
B20: Central | C20: =I7 -> 286000 | D20: =Central!AA25 -> 100000 | E20: =Central!AA19 -> 66000 | F20: =C20-D20-E20 -> 120000 | G20: =D20*10% -> 10000 | H20: =E20*5% -> 3300 | I20: =F20*5% -> 6000 | J20: =SUM(G20:I20) -> 19300
B21: West | C21: =I8 -> 377000 | D21: =West!AA33 -> 100000 | E21: =West!AA27 -> 77000 | F21: =C21-D21-E21 -> 200000 | G21: =D21*10% -> 10000 | H21: =E21*5% -> 3850 | I21: =F21*5% -> 10000 | J21: =SUM(G21:I21) -> 23850
B22: Southeast | C22: =I9 -> 272000 | D22: =Southeast!AA29 -> 100000 | E22: =Southeast!AA23 -> 23000 | F22: =C22-D22-E22 -> 149000 | G22: =D22*10% -> 10000 | H22: =E22*5% -> 1150 | I22: =F22*5% -> 7450 | J22: =SUM(G22:I22) -> 18600
B23: Other | C23: =I10 -> 90000 | D23: =Other!AA16 -> 0 | E23: =Other!AA10 -> 20000 | F23: =C23-D23-E23 -> 70000 | G23: =D23*10% -> 0 | H23: =E23*5% -> 1000 | I23: =F23*5% -> 3500 | J23: =SUM(G23:I23) -> 4500
B25: US Spa | C25: =SUM(C19:C23) -> 1224000 | D25: =SUM(D19:D23) -> 400000 | E25: =SUM(E19:E23) -> 223000 | F25: =SUM(F19:F23) -> 601000 | G25: =SUM(G19:G23) -> 40000 | H25: =SUM(H19:H23) -> 11150 | I25: =SUM(I19:I23) -> 30050 | J25: =SUM(J19:J23) -> 81200
B39: Lost
B41: USD | C41: Full Year | M41: Full Year
C42: 25F | D42: 25B | E42: 25F vs 25B | F42: 24A | G42: 25F vs 24A | H42: 25B | I42: 25A vs 25B | J42: 24A | K42: 25A vs 24A | M42: 26B | N42: 25F | O42: 26B vs 25F
B43: Northeast | C43: =SUMIF(Lost!$D:$D, $B43,Lost!Z:Z) -> 0 | D43: =SUMIF(Lost!$D:$D, $B43,Lost!Y:Y) -> 0 | E43: =IFERROR(C43/D43-1, "N/A") -> N/A | F43: =SUMIF(Lost!$D:$D, $B43,Lost!X:X) -> 0 | G43: =IFERROR(C43/F43-1, "N/A") -> N/A | H43: =SUMIF(Lost!$D:$D, $B43,Lost!Q:Q) -> 0 | I43: =IFERROR(#REF!/H43-1, "N/A") -> N/A | J43: =SUMIF(Lost!$D:$D, $B43,Lost!O:O) -> 0 | K43: =IFERROR(#REF!/J43-1, "N/A") -> N/A | M43: =SUMIF(Lost!$D:$D, $B43,Lost!AA:AA) -> 0 | N43: =C43 -> 0 | O43: =IFERROR(M43/N43-1, "N/A") -> N/A
B44: Central | C44: =SUMIF(Lost!$D:$D, $B44,Lost!Z:Z) -> 0 | D44: =SUMIF(Lost!$D:$D, $B44,Lost!Y:Y) -> 10000 | E44: =IFERROR(C44/D44-1, "N/A") -> -1 | F44: =SUMIF(Lost!$D:$D, $B44,Lost!X:X) -> 5494 | G44: =IFERROR(C44/F44-1, "N/A") -> -1 | H44: =SUMIF(Lost!$D:$D, $B44,Lost!Q:Q) -> 10000 | I44: =IFERROR(#REF!/H44-1, "N/A") -> N/A | J44: =SUMIF(Lost!$D:$D, $B44,Lost!O:O) -> 5494 | K44: =IFERROR(#REF!/J44-1, "N/A") -> N/A | M44: =SUMIF(Lost!$D:$D, $B44,Lost!AA:AA) -> 0 | N44: =C44 -> 0 | O44: =IFERROR(M44/N44-1, "N/A") -> N/A
B45: West | C45: =SUMIF(Lost!$D:$D, $B45,Lost!Z:Z) -> 0 | D45: =SUMIF(Lost!$D:$D, $B45,Lost!Y:Y) -> 0 | E45: =IFERROR(C45/D45-1, "N/A") -> N/A | F45: =SUMIF(Lost!$D:$D, $B45,Lost!X:X) -> 0 | G45: =IFERROR(C45/F45-1, "N/A") -> N/A | H45: =SUMIF(Lost!$D:$D, $B45,Lost!Q:Q) -> 0 | I45: =IFERROR(#REF!/H45-1, "N/A") -> N/A | J45: =SUMIF(Lost!$D:$D, $B45,Lost!O:O) -> 0 | K45: =IFERROR(#REF!/J45-1, "N/A") -> N/A | M45: =SUMIF(Lost!$D:$D, $B45,Lost!AA:AA) -> 0 | N45: =C45 -> 0 | O45: =IFERROR(M45/N45-1, "N/A") -> N/A
B46: Southeast | C46: =SUMIF(Lost!$D:$D, $B46,Lost!Z:Z) -> 0 | D46: =SUMIF(Lost!$D:$D, $B46,Lost!Y:Y) -> 0 | E46: =IFERROR(C46/D46-1, "N/A") -> N/A | F46: =SUMIF(Lost!$D:$D, $B46,Lost!X:X) -> 0 | G46: =IFERROR(C46/F46-1, "N/A") -> N/A | H46: =SUMIF(Lost!$D:$D, $B46,Lost!Q:Q) -> 0 | I46: =IFERROR(#REF!/H46-1, "N/A") -> N/A | J46: =SUMIF(Lost!$D:$D, $B46,Lost!O:O) -> 0 | K46: =IFERROR(#REF!/J46-1, "N/A") -> N/A | M46: =SUMIF(Lost!$D:$D, $B46,Lost!AA:AA) -> 0 | N46: =C46 -> 0 | O46: =IFERROR(M46/N46-1, "N/A") -> N/A
B47: Other | C47: =SUMIF(Lost!$D:$D, $B47,Lost!Z:Z) -> 0 | D47: =SUMIF(Lost!$D:$D, $B47,Lost!Y:Y) -> 0 | E47: =IFERROR(C47/D47-1, "N/A") -> N/A | F47: =SUMIF(Lost!$D:$D, $B47,Lost!X:X) -> 0 | G47: =IFERROR(C47/F47-1, "N/A") -> N/A | H47: =SUMIF(Lost!$D:$D, $B47,Lost!Q:Q) -> 0 | I47: =IFERROR(#REF!/H47-1, "N/A") -> N/A | J47: =SUMIF(Lost!$D:$D, $B47,Lost!O:O) -> 0 | K47: =IFERROR(#REF!/J47-1, "N/A") -> N/A | M47: =SUMIF(Lost!$D:$D, $B47,Lost!AA:AA) -> 0 | N47: =C47 -> 0 | O47: =IFERROR(M47/N47-1, "N/A") -> N/A
B49: US Spa | C49: =SUM(C43:C47) -> 0 | D49: =SUM(D43:D47) -> 10000 | E49: =IFERROR(C49/D49-1, "N/A") -> -1 | F49: =SUM(F43:F47) -> 5494 | G49: =IFERROR(C49/F49-1, "N/A") -> -1 | H49: =SUM(H43:H47) -> 10000 | I49: =IFERROR(#REF!/H49-1, "N/A") -> N/A | J49: =SUM(J43:J47) -> 5494 | K49: =IFERROR(#REF!/J49-1, "N/A") -> N/A | M49: =SUM(M43:M47) -> 0 | N49: =SUM(N43:N47) -> 0 | O49: =IFERROR(M49/N49-1, "N/A") -> N/A

Sheet Definition
B2: Cluster | C2: Definition
B3: A+++ | C3: QMS Key Account with a target / potential > $100k per year
B4: A++ | C4: QMS Key Account with a target / potential $50k - $100k per year
B5: A+ | C5: QMS Key Account with a target / potential $30k - $50k per year
B6: A | C6: Non-key account, with 2025 sales > $20k or 2026 target >$20k
B7: B | C7: Non-key account, with 2025 sales > $10k or 2026 target >$10k
B8: C | C8: Non-key account, with 2025 sales < $10k or 2026 target <$10k
B9: Lost | C9: Lost door, no budget
B10: NKD26 | C10: New door won in 2026

Sheet Northeast
O1: Year to date | P1: Year to date | Q1: Year to date | S1: Year to date | T1: Year to date | V1: Full year | W1: Full year | X1: Full year | Y1: Full year | Z1: Full year | AA1: Full year | AC1: Full year | AD1: Full year | AE1: Full year | AG1: 0.08 | AH1: 0.08 | AI1: 0.09 | AJ1: 0.09 | AK1: 0.09 | AL1: 0.08 | AM1: 0.08 | AN1: 0.06 | AO1: 0.09 | AP1: 0.1 | AQ1: 0.09 | AR1: 0.07
B2: Customer Code | C2: Customer Name | D2: Region | E2: Sales person | F2: New door year | G2: Active? | H2: 2025 Cluster | I2: 2026 Cluster | J2: 2025A | K2: 2026B | L2: Size indicator | M2: Customer Growth Class | O2: 2024 YTD | P2: 2025 YTD | Q2: 2025B YTD | S2: 25 vs 24 % | T2: 25 vs 25B % | V2: 2022 | W2: 2023 | X2: 2024 | Y2: 2025B | Z2: 2025A | AA2: 2026B | AC2: 25 vs 24 % | AD2: 25 vs 25B % | AE2: 26B vs 25A % | AG2: 46023 | AH2: 46054 | AI2: 46082 | AJ2: 46113 | AK2: 46143 | AL2: 46174 | AM2: 46204 | AN2: 46235 | AO2: 46266 | AP2: 46296 | AQ2: 46327 | AR2: 46357
B3: 25001 | C3: Four Seasons Hotel Philadelphia; PA | D3: =VLOOKUP($B3, 'Performance data'!$B:$K, 3, 0) -> Northeast | E3: Marcus | F3: =VLOOKUP($B3, 'Performance data'!$B:$K, 7, 0) -> 2021 | H3: =VLOOKUP($B3, 'Performance data'!$B:$K, 5, 0) -> A | I3: A+ | J3: =P3 -> 26036.49 | K3: 30000 | M3: Grow | O3: =SUMIF('Performance data'!$B:$B, $B3,'Performance data'!K:K) -> 33680.82 | P3: =SUMIF('Performance data'!$B:$B, $B3,'Performance data'!L:L) -> 26036.49 | Q3: =SUMIF('Performance data'!$B:$B, $B3,'Performance data'!M:M) -> 40000 | S3: =$P3/O3-1 -> -0.22696389 | T3: =P3/Q3-1 -> -0.34908775 | V3: =SUMIF('Performance data'!$B:$B, $B3,'Performance data'!Z:Z) -> 32357.19 | W3: =SUMIF('Performance data'!$B:$B, $B3,'Performance data'!AA:AA) -> 24745.57 | X3: =SUMIF('Performance data'!$B:$B, $B3,'Performance data'!AB:AB) -> 33680.82 | Y3: =SUMIF('Performance data'!$B:$B, $B3,'Performance data'!AD:AD) -> 40000 | Z3: =J3 -> 26036.49 | AA3: =K3 -> 30000 | AC3: =Z3/X3-1 -> -0.22696389 | AD3: =Z3/Y3-1 -> -0.34908775 | AE3: =AA3/Z3-1 -> 0.15222904 | AG3: =$AA3*AG$1 -> 2400 | AH3: =$AA3*AH$1 -> 2400 | AI3: =$AA3*AI$1 -> 2700 | AJ3: =$AA3*AJ$1 -> 2700 | AK3: =$AA3*AK$1 -> 2700 | AL3: =$AA3*AL$1 -> 2400 | AM3: =$AA3*AM$1 -> 2400 | AN3: =$AA3*AN$1 -> 1800 | ... AR3: =$AA3*AR$1 -> 2100
B4: 25037 | C4: Equinox Holdings Inc; Boston | D4: =VLOOKUP($B4, 'Performance data'!$B:$K, 3, 0) -> Northeast | E4: Marcus | F4: =VLOOKUP($B4, 'Performance data'!$B:$K, 7, 0) -> 2023 | H4: =VLOOKUP($B4, 'Performance data'!$B:$K, 5, 0) -> B | I4: C | J4: =P4 -> 5249.32 | K4: 6000 | M4: Maintain | O4: =SUMIF('Performance data'!$B:$B, $B4,'Performance data'!K:K) -> 14341.14 | P4: =SUMIF('Performance data'!$B:$B, $B4,'Performance data'!L:L) -> 5249.32 | Q4: =SUMIF('Performance data'!$B:$B, $B4,'Performance data'!M:M) -> 16000 | S4: =$P4/O4-1 -> -0.63396773 | T4: =P4/Q4-1 -> -0.6719175 | V4: =SUMIF('Performance data'!$B:$B, $B4,'Performance data'!Z:Z) -> 0 | W4: =SUMIF('Performance data'!$B:$B, $B4,'Performance data'!AA:AA) -> 20827.14 | X4: =SUMIF('Performance data'!$B:$B, $B4,'Performance data'!AB:AB) -> 14341.14 | Y4: =SUMIF('Performance data'!$B:$B, $B4,'Performance data'!AD:AD) -> 16000 | Z4: =J4 -> 5249.32 | AA4: =K4 -> 6000 | AC4: =Z4/X4-1 -> -0.63396773 | AD4: =Z4/Y4-1 -> -0.6719175 | AE4: =AA4/Z4-1 -> 0.14300519 | AG4: =$AA4*AG$1 -> 480 | AH4: =$AA4*AH$1 -> 480 | AI4: =$AA4*AI$1 -> 540 | AJ4: =$AA4*AJ$1 -> 540 | AK4: =$AA4*AK$1 -> 540 | AL4: =$AA4*AL$1 -> 480 | AM4: =$AA4*AM$1 -> 480 | AN4: =$AA4*AN$1 -> 360 | ... AR4: =$AA4*AR$1 -> 420
B5: 25045 | C5: dba Haven Spa | D5: =VLOOKUP($B5, 'Performance data'!$B:$K, 3, 0) -> Northeast | E5: Marcus | F5: =VLOOKUP($B5, 'Performance data'!$B:$K, 7, 0) -> 2024 | H5: =VLOOKUP($B5, 'Performance data'!$B:$K, 5, 0) -> NKD24 | I5: C | J5: =P5 -> 5838.02 | K5: 6000 | M5: Maintain | O5: =SUMIF('Performance data'!$B:$B, $B5,'Performance data'!K:K) -> 27105.03 | P5: =SUMIF('Performance data'!$B:$B, $B5,'Performance data'!L:L) -> 5838.02 | Q5: =SUMIF('Performance data'!$B:$B, $B5,'Performance data'!M:M) -> 25000 | S5: =$P5/O5-1 -> -0.78461489 | T5: =P5/Q5-1 -> -0.7664792 | V5: =SUMIF('Performance data'!$B:$B, $B5,'Performance data'!Z:Z) -> 0 | W5: =SUMIF('Performance data'!$B:$B, $B5,'Performance data'!AA:AA) -> 0 | X5: =SUMIF('Performance data'!$B:$B, $B5,'Performance data'!AB:AB) -> 27105.03 | Y5: =SUMIF('Performance data'!$B:$B, $B5,'Performance data'!AD:AD) -> 25000 | Z5: =J5 -> 5838.02 | AA5: =K5 -> 6000 | AC5: =Z5/X5-1 -> -0.78461489 | AD5: =Z5/Y5-1 -> -0.7664792 | AE5: =AA5/Z5-1 -> 0.027745708 | AG5: =$AA5*AG$1 -> 480 | AH5: =$AA5*AH$1 -> 480 | AI5: =$AA5*AI$1 -> 540 | AJ5: =$AA5*AJ$1 -> 540 | AK5: =$AA5*AK$1 -> 540 | AL5: =$AA5*AL$1 -> 480 | AM5: =$AA5*AM$1 -> 480 | AN5: =$AA5*AN$1 -> 360 | ... AR5: =$AA5*AR$1 -> 420
B6: 25049 | C6: Four Seasons Baltimore; MD | D6: =VLOOKUP($B6, 'Performance data'!$B:$K, 3, 0) -> Northeast | E6: Marcus | F6: =VLOOKUP($B6, 'Performance data'!$B:$K, 7, 0) -> 2024 | H6: =VLOOKUP($B6, 'Performance data'!$B:$K, 5, 0) -> NKD24 | I6: A+ | J6: =P6 -> 14251.07 | K6: 20000 | M6: Grow | O6: =SUMIF('Performance data'!$B:$B, $B6,'Performance data'!K:K) -> 15753.72 | P6: =SUMIF('Performance data'!$B:$B, $B6,'Performance data'!L:L) -> 14251.07 | Q6: =SUMIF('Performance data'!$B:$B, $B6,'Performance data'!M:M) -> 18000 | S6: =$P6/O6-1 -> -0.09538382 | T6: =P6/Q6-1 -> -0.20827389 | V6: =SUMIF('Performance data'!$B:$B, $B6,'Performance data'!Z:Z) -> 0 | W6: =SUMIF('Performance data'!$B:$B, $B6,'Performance data'!AA:AA) -> 0 | X6: =SUMIF('Performance data'!$B:$B, $B6,'Performance data'!AB:AB) -> 15753.72 | Y6: =SUMIF('Performance data'!$B:$B, $B6,'Performance data'!AD:AD) -> 18000 | Z6: =J6 -> 14251.07 | AA6: =K6 -> 20000 | AC6: =Z6/X6-1 -> -0.09538382 | AD6: =Z6/Y6-1 -> -0.20827389 | AE6: =AA6/Z6-1 -> 0.40340339 | AG6: =$AA6*AG$1 -> 1600 | AH6: =$AA6*AH$1 -> 1600 | AI6: =$AA6*AI$1 -> 1800 | AJ6: =$AA6*AJ$1 -> 1800 | AK6: =$AA6*AK$1 -> 1800 | AL6: =$AA6*AL$1 -> 1600 | AM6: =$AA6*AM$1 -> 1600 | AN6: =$AA6*AN$1 -> 1200 | ... AR6: =$AA6*AR$1 -> 1400
B7: Total Active Existing Doors | G7: =COUNTIF(G3:G6, "Yes") -> 0 | J7: =SUM(J3:J6) -> 51374.9 | K7: =SUM(K3:K6) -> 62000 | O7: =SUM(O3:O6) -> 90880.71 | P7: =SUM(P3:P6) -> 51374.9 | Q7: =SUM(Q3:Q6) -> 99000 | S7: =$P7/O7-1 -> -0.43469962 | T7: =P7/Q7-1 -> -0.48106162 | V7: =SUM(V3:V6) -> 32357.19 | W7: =SUM(W3:W6) -> 45572.71 | X7: =SUM(X3:X6) -> 90880.71 | Y7: =SUM(Y3:Y6) -> 99000 | Z7: =SUM(Z3:Z6) -> 51374.9 | AA7: =SUM(AA3:AA6) -> 62000 | AC7: =Z7/X7-1 -> -0.43469962 | AD7: =Z7/Y7-1 -> -0.48106162 | AE7: =AA7/Z7-1 -> 0.206815 | AG7: =SUM(AG3:AG6) -> 4960 | AH7: =SUM(AH3:AH6) -> 4960 | AI7: =SUM(AI3:AI6) -> 5580 | AJ7: =SUM(AJ3:AJ6) -> 5580 | AK7: =SUM(AK3:AK6) -> 5580 | AL7: =SUM(AL3:AL6) -> 4960 | AM7: =SUM(AM3:AM6) -> 4960 | AN7: =SUM(AN3:AN6) -> 3720 | ... AR7: =SUM(AR3:AR6) -> 4340
B11: 25061 | C11: Equinox Holdings Inc; Washington DC | D11: =VLOOKUP($B11, 'Performance data'!$B:$K, 3, 0) -> Northeast | E11: Marcus | F11: =VLOOKUP($B11, 'Performance data'!$B:$K, 7, 0) -> 2025 | H11: =VLOOKUP($B11, 'Performance data'!$B:$K, 5, 0) -> NKD25 | I11: C | J11: =P11 -> 6871.79 | K11: 7000 | M11: Maintain | O11: =SUMIF('Performance data'!$B:$B, $B11,'Performance data'!K:K) -> 0 | P11: =SUMIF('Performance data'!$B:$B, $B11,'Performance data'!L:L) -> 6871.79 | Q11: =SUMIF('Performance data'!$B:$B, $B11,'Performance data'!M:M) -> 0 | S11: =$P11/O11-1 -> #DIV/0! | T11: =P11/Q11-1 -> #DIV/0! | V11: =SUMIF('Performance data'!$B:$B, $B11,'Performance data'!Z:Z) -> 0 | W11: =SUMIF('Performance data'!$B:$B, $B11,'Performance data'!AA:AA) -> 0 | X11: =SUMIF('Performance data'!$B:$B, $B11,'Performance data'!AB:AB) -> 0 | Y11: =SUMIF('Performance data'!$B:$B, $B11,'Performance data'!AD:AD) -> 0 | Z11: =J11 -> 6871.79 | AA11: =K11 -> 7000 | AC11: =Z11/X11-1 -> #DIV/0! | AD11: =Z11/Y11-1 -> #DIV/0! | AE11: =AA11/Z11-1 -> 0.018657439 | AG11: =$AA11*AG$1 -> 560 | AH11: =$AA11*AH$1 -> 560 | AI11: =$AA11*AI$1 -> 630 | AJ11: =$AA11*AJ$1 -> 630 | AK11: =$AA11*AK$1 -> 630 | AL11: =$AA11*AL$1 -> 560 | AM11: =$AA11*AM$1 -> 560 | AN11: =$AA11*AN$1 -> 420 | ... AR11: =$AA11*AR$1 -> 490
B12: 25062 | C12: Equinox Holdings Inc; SPA Retail Washington DC | D12: =VLOOKUP($B12, 'Performance data'!$B:$K, 3, 0) -> Northeast | E12: Marcus | F12: =VLOOKUP($B12, 'Performance data'!$B:$K, 7, 0) -> 2025 | H12: =VLOOKUP($B12, 'Performance data'!$B:$K, 5, 0) -> NKD25 | I12: C | J12: =P12 -> 3844.76 | K12: 5000 | M12: Maintain | O12: =SUMIF('Performance data'!$B:$B, $B12,'Performance data'!K:K) -> 0 | P12: =SUMIF('Performance data'!$B:$B, $B12,'Performance data'!L:L) -> 3844.76 | Q12: =SUMIF('Performance data'!$B:$B, $B12,'Performance data'!M:M) -> 0 | S12: =$P12/O12-1 -> #DIV/0! | T12: =P12/Q12-1 -> #DIV/0! | V12: =SUMIF('Performance data'!$B:$B, $B12,'Performance data'!Z:Z) -> 0 | W12: =SUMIF('Performance data'!$B:$B, $B12,'Performance data'!AA:AA) -> 0 | X12: =SUMIF('Performance data'!$B:$B, $B12,'Performance data'!AB:AB) -> 0 | Y12: =SUMIF('Performance data'!$B:$B, $B12,'Performance data'!AD:AD) -> 0 | Z12: =J12 -> 3844.76 | AA12: =K12 -> 5000 | AC12: =Z12/X12-1 -> #DIV/0! | AD12: =Z12/Y12-1 -> #DIV/0! | AE12: =AA12/Z12-1 -> 0.30047129 | AG12: =$AA12*AG$1 -> 400 | AH12: =$AA12*AH$1 -> 400 | AI12: =$AA12*AI$1 -> 450 | AJ12: =$AA12*AJ$1 -> 450 | AK12: =$AA12*AK$1 -> 450 | AL12: =$AA12*AL$1 -> 400 | AM12: =$AA12*AM$1 -> 400 | AN12: =$AA12*AN$1 -> 300 | ... AR12: =$AA12*AR$1 -> 350
B13: 25070 | C13: Renaissance Hotel Partners LLC | D13: =VLOOKUP($B13, 'Performance data'!$B:$K, 3, 0) -> Northeast | E13: Marcus | F13: =VLOOKUP($B13, 'Performance data'!$B:$K, 7, 0) -> 2025 | H13: =VLOOKUP($B13, 'Performance data'!$B:$K, 5, 0) -> NKD25 | I13: A++ | J13: =P13 -> 19760 | K13: 25000 | M13: Grow | O13: =SUMIF('Performance data'!$B:$B, $B13,'Performance data'!K:K) -> 0 | P13: =SUMIF('Performance data'!$B:$B, $B13,'Performance data'!L:L) -> 19760 | Q13: =SUMIF('Performance data'!$B:$B, $B13,'Performance data'!M:M) -> 0 | S13: =$P13/O13-1 -> #DIV/0! | T13: =P13/Q13-1 -> #DIV/0! | V13: =SUMIF('Performance data'!$B:$B, $B13,'Performance data'!Z:Z) -> 0 | W13: =SUMIF('Performance data'!$B:$B, $B13,'Performance data'!AA:AA) -> 0 | X13: =SUMIF('Performance data'!$B:$B, $B13,'Performance data'!AB:AB) -> 0 | Y13: =SUMIF('Performance data'!$B:$B, $B13,'Performance data'!AD:AD) -> 0 | Z13: =J13 -> 19760 | AA13: =K13 -> 25000 | AC13: =Z13/X13-1 -> #DIV/0! | AD13: =Z13/Y13-1 -> #DIV/0! | AE13: =AA13/Z13-1 -> 0.26518219 | AG13: =$AA13*AG$1 -> 2000 | AH13: =$AA13*AH$1 -> 2000 | AI13: =$AA13*AI$1 -> 2250 | AJ13: =$AA13*AJ$1 -> 2250 | AK13: =$AA13*AK$1 -> 2250 | AL13: =$AA13*AL$1 -> 2000 | AM13: =$AA13*AM$1 -> 2000 | AN13: =$AA13*AN$1 -> 1500 | ... AR13: =$AA13*AR$1 -> 1750
B14: NKD25 | C14: New doors 2025 | D14: Northeast | E14: Marcus | F14: 2025 | H14: NKD25 | O14: 0 | P14: 0 | Q14: =SUMIFS('2025 budget doc'!$AC:$AC, '2025 budget doc'!$B:$B, "NKD25", '2025 budget doc'!$E:$E, $D14) -> 18000 | S14: =$P14/O14-1 -> #DIV/0! | T14: =P14/Q14-1 -> -1 | V14: 0 | W14: 0 | X14: 0 | Y14: =SUMIFS('2025 budget doc'!$L:$L, '2025 budget doc'!$B:$B, "NKD25", '2025 budget doc'!$E:$E, $D14) -> 100000 | Z14: =J14 -> 0 | AA14: =K14 -> 0 | AC14: =Z14/X14-1 -> #DIV/0! | AD14: =Z14/Y14-1 -> -1 | AE14: =AA14/Z14-1 -> #DIV/0! | AG14: =$AA14*AG$1 -> 0 | AH14: =$AA14*AH$1 -> 0 | AI14: =$AA14*AI$1 -> 0 | AJ14: =$AA14*AJ$1 -> 0 | AK14: =$AA14*AK$1 -> 0 | AL14: =$AA14*AL$1 -> 0 | AM14: =$AA14*AM$1 -> 0 | AN14: =$AA14*AN$1 -> 0 | ... AR14: =$AA14*AR$1 -> 0
B16: Total New Doors 2025 | G16: =COUNTIF(G11:G13, "Yes")+G14 -> 0 | J16: =SUM(J11:J14) -> 30476.55 | K16: =SUM(K11:K14) -> 37000 | O16: =SUM(O11:O14) -> 0 | P16: =SUM(P11:P14) -> 30476.55 | Q16: =SUM(Q11:Q14) -> 18000 | S16: =$P16/O16-1 -> #DIV/0! | T16: =P16/Q16-1 -> 0.69314167 | V16: =SUM(V11:V14) -> 0 | W16: =SUM(W11:W14) -> 0 | X16: =SUM(X11:X14) -> 0 | Y16: =SUM(Y11:Y14) -> 100000 | Z16: =SUM(Z11:Z14) -> 30476.55 | AA16: =SUM(AA11:AA14) -> 37000 | AC16: =Z16/X16-1 -> #DIV/0! | AD16: =Z16/Y16-1 -> -0.6952345 | AE16: =AA16/Z16-1 -> 0.21404818 | AG16: =SUM(AG11:AG14) -> 2960 | AH16: =SUM(AH11:AH14) -> 2960 | AI16: =SUM(AI11:AI14) -> 3330 | AJ16: =SUM(AJ11:AJ14) -> 3330 | AK16: =SUM(AK11:AK14) -> 3330 | AL16: =SUM(AL11:AL14) -> 2960 | AM16: =SUM(AM11:AM14) -> 2960 | AN16: =SUM(AN11:AN14) -> 2220 | ... AR16: =SUM(AR11:AR14) -> 2590
AY19: =AV20 -> 1 | AZ19: =AW20 -> 1 | BA19: =AX20+AV20 -> 2 | BB19: =AY20+AW20 -> 1 | BC19: =AZ20+AX20+AV20 -> 3 | BD19: =BA20+AY20+AW20 -> 2 | BE19: =BB20+AZ20+AX20+AV20 -> 3 | BF19: =BC20+BA20+AY20+AW20 -> 3
B20: NKD26 | C20: New doors 2026 | D20: Northeast | E20: Marcus | F20: 2026 | G20: 8 | H20: NKD26 | I20: NKD26 | K20: 100000 | O20: 0 | P20: 0 | Q20: 0 | S20: =$P20/O20-1 -> #DIV/0! | T20: =P20/Q20-1 -> #DIV/0! | V20: 0 | W20: 0 | X20: 0 | Y20: 0 | Z20: =J20 -> 0 | AA20: =K20 -> 100000 | AC20: =Z20/X20-1 -> #DIV/0! | AD20: =Z20/Y20-1 -> #DIV/0! | AE20: =AA20/Z20-1 -> #DIV/0! | AG20: =AU20*5000+AU19*4000 -> 0 | AH20: =AV20*5000+AV19*4000 -> 5000 | AI20: =AW20*5000+AW19*4000 -> 5000 | AJ20: =AX20*5000+AX19*4000 -> 5000 | AK20: =AY20*5000+AY19*4000 -> 4000 | AL20: =AZ20*5000+AZ19*4000 -> 9000 | AM20: =BA20*5000+BA19*4000-2000 -> 11000 | AN20: =BB20*5000+BB19*4000 -> 4000 | AO20: =BC20*5000+BC19*4000 -> 17000 | AP20: =BD20*5000+BD19*4000 -> 13000 | AQ20: =BE20*5000+BE19*4000 -> 17000 | AR20: =BF20*5000+BF19*4000-2000 -> 10000 | AV20: 1 | AW20: 1 | AX20: 1 | AZ20: 1 | BA20: 1 | BC20: 1 | BD20: 1 | BE20: 1
B22: Total New Doors 2026 | G22: =COUNTIF(G19:G19, "Yes")+G20 -> 8 | J22: =SUM(J19:J20) -> 0 | K22: =SUM(K19:K20) -> 100000 | O22: =SUM(O19:O20) -> 0 | P22: =SUM(P19:P20) -> 0 | Q22: =SUM(Q19:Q20) -> 0 | S22: =$P22/O22-1 -> #DIV/0! | T22: =P22/Q22-1 -> #DIV/0! | V22: =SUM(V19:V20) -> 0 | W22: =SUM(W19:W20) -> 0 | X22: =SUM(X19:X20) -> 0 | Y22: =SUM(Y19:Y20) -> 0 | Z22: =SUM(Z19:Z20) -> 0 | AA22: =SUM(AA19:AA20) -> 100000 | AC22: =Z22/X22-1 -> #DIV/0! | AD22: =Z22/Y22-1 -> #DIV/0! | AE22: =AA22/Z22-1 -> #DIV/0! | AG22: =SUM(AG19:AG20) -> 0 | AH22: =SUM(AH19:AH20) -> 5000 | AI22: =SUM(AI19:AI20) -> 5000 | AJ22: =SUM(AJ19:AJ20) -> 5000 | AK22: =SUM(AK19:AK20) -> 4000 | AL22: =SUM(AL19:AL20) -> 9000 | AM22: =SUM(AM19:AM20) -> 11000 | AN22: =SUM(AN19:AN20) -> 4000 | ... AR22: =SUM(AR19:AR20) -> 10000

Sheet Central
O1: Year to date | P1: Year to date | Q1: Year to date | S1: Year to date | T1: Year to date | V1: Full year | W1: Full year | X1: Full year | Y1: Full year | Z1: Full year | AA1: Full year | AC1: Full year | AD1: Full year | AE1: Full year | AG1: 0.08 | AH1: 0.08 | AI1: 0.09 | AJ1: 0.09 | AK1: 0.09 | AL1: 0.08 | AM1: 0.08 | AN1: 0.06 | AO1: 0.09 | AP1: 0.1 | AQ1: 0.09 | AR1: 0.07
B2: Customer Code | C2: Customer Name | D2: Region | E2: Sales person | F2: New door year | G2: Active? | H2: 2025 Cluster | I2: 2026 Cluster | J2: 2025A | K2: 2026B | L2: Size indicator | M2: Customer Growth Class | O2: 2024 YTD | P2: 2025 YTD | Q2: 2025B YTD | S2: 25 vs 24 % | T2: 25 vs 25B % | V2: 2022 | W2: 2023 | X2: 2024 | Y2: 2025B | Z2: 2025A | AA2: 2026B | AC2: 25 vs 24 % | AD2: 25 vs 25B % | AE2: 26B vs 25A % | AG2: 46023 | AH2: 46054 | AI2: 46082 | AJ2: 46113 | AK2: 46143 | AL2: 46174 | AM2: 46204 | AN2: 46235 | AO2: 46266 | AP2: 46296 | AQ2: 46327 | AR2: 46357
B3: 25039 | C3: Four Seasons Hotel Austin; DTRS Austin LLC | D3: =VLOOKUP($B3, 'Performance data'!$B:$K, 3, 0) -> Central | E3: =VLOOKUP($B3, 'Performance data'!$B:$K, 4, 0) -> Emily | F3: =VLOOKUP($B3, 'Performance data'!$B:$K, 7, 0) -> 2024 | H3: =VLOOKUP($B3, 'Performance data'!$B:$K, 5, 0) -> NKD24 | I3: Lost | J3: =P3 -> 2153.52 | M3: Lose | O3: =SUMIF('Performance data'!$B:$B, $B3,'Performance data'!K:K) -> 18410.82 | P3: =SUMIF('Performance data'!$B:$B, $B3,'Performance data'!L:L) -> 2153.52 | Q3: =SUMIF('Performance data'!$B:$B, $B3,'Performance data'!M:M) -> 16000 | S3: =$P3/O3-1 -> -0.88302965 | T3: =P3/Q3-1 -> -0.865405 | V3: =SUMIF('Performance data'!$B:$B, $B3,'Performance data'!Z:Z) -> 0 | W3: =SUMIF('Performance data'!$B:$B, $B3,'Performance data'!AA:AA) -> 0 | X3: =SUMIF('Performance data'!$B:$B, $B3,'Performance data'!AB:AB) -> 18410.82 | Y3: =SUMIF('Performance data'!$B:$B, $B3,'Performance data'!AD:AD) -> 16000 | Z3: =J3 -> 2153.52 | AA3: =K3 -> 0 | AC3: =Z3/X3-1 -> -0.88302965 | AD3: =Z3/Y3-1 -> -0.865405 | AE3: =AA3/Z3-1 -> -1 | AG3: =$AA3*AG$1 -> 0 | AH3: =$AA3*AH$1 -> 0 | AI3: =$AA3*AI$1 -> 0 | AJ3: =$AA3*AJ$1 -> 0 | AK3: =$AA3*AK$1 -> 0 | AL3: =$AA3*AL$1 -> 0 | AM3: =$AA3*AM$1 -> 0 | AN3: =$AA3*AN$1 -> 0 | ... AR3: =$AA3*AR$1 -> 0
B4: 25044 | C4: The Elms Hotel and Spa; Missouri | D4: =VLOOKUP($B4, 'Performance data'!$B:$K, 3, 0) -> Central | E4: =VLOOKUP($B4, 'Performance data'!$B:$K, 4, 0) -> Emily | F4: =VLOOKUP($B4, 'Performance data'!$B:$K, 7, 0) -> 2024 | H4: =VLOOKUP($B4, 'Performance data'!$B:$K, 5, 0) -> NKD24 | I4: A | J4: =P4 -> 26752.85 | K4: 28000 | M4: Grow | O4: =SUMIF('Performance data'!$B:$B, $B4,'Performance data'!K:K) -> 23382.73 | P4: =SUMIF('Performance data'!$B:$B, $B4,'Performance data'!L:L) -> 26752.85 | Q4: =SUMIF('Performance data'!$B:$B, $B4,'Performance data'!M:M) -> 25000 | S4: =$P4/O4-1 -> 0.14412859 | T4: =P4/Q4-1 -> 0.070114 | V4: =SUMIF('Performance data'!$B:$B, $B4,'Performance data'!Z:Z) -> 0 | W4: =SUMIF('Performance data'!$B:$B, $B4,'Performance data'!AA:AA) -> 0 | X4: =SUMIF('Performance data'!$B:$B, $B4,'Performance data'!AB:AB) -> 23382.73 | Y4: =SUMIF('Performance data'!$B:$B, $B4,'Performance data'!AD:AD) -> 25000 | Z4: =J4 -> 26752.85 | AA4: =K4 -> 28000 | AC4: =Z4/X4-1 -> 0.14412859 | AD4: =Z4/Y4-1 -> 0.070114 | AE4: =AA4/Z4-1 -> 0.046617463 | AG4: =$AA4*AG$1 -> 2240 | AH4: =$AA4*AH$1 -> 2240 | AI4: =$AA4*AI$1 -> 2520 | AJ4: =$AA4*AJ$1 -> 2520 | AK4: =$AA4*AK$1 -> 2520 | AL4: =$AA4*AL$1 -> 2240 | AM4: =$AA4*AM$1 -> 2240 | AN4: =$AA4*AN$1 -> 1680 | ... AR4: =$AA4*AR$1 -> 1960
B5: 25050 | C5: Mokara Hotel & Spa, Omni Hotels Management Corp. | D5: =VLOOKUP($B5, 'Performance data'!$B:$K, 3, 0) -> Central | E5: =VLOOKUP($B5, 'Performance data'!$B:$K, 4, 0) -> Emily | F5: =VLOOKUP($B5, 'Performance data'!$B:$K, 7, 0) -> 2024 | H5: =VLOOKUP($B5, 'Performance data'!$B:$K, 5, 0) -> NKD24 | I5: A+ | J5: =P5 -> 7207.32 | K5: 12000 | M5: Grow | O5: =SUMIF('Performance data'!$B:$B, $B5,'Performance data'!K:K) -> 16142.96 | P5: =SUMIF('Performance data'!$B:$B, $B5,'Performance data'!L:L) -> 7207.32 | Q5: =SUMIF('Performance data'!$B:$B, $B5,'Performance data'!M:M) -> 16000 | S5: =$P5/O5-1 -> -0.55353169 | T5: =P5/Q5-1 -> -0.5495425 | V5: =SUMIF('Performance data'!$B:$B, $B5,'Performance data'!Z:Z) -> 0 | W5: =SUMIF('Performance data'!$B:$B, $B5,'Performance data'!AA:AA) -> 0 | X5: =SUMIF('Performance data'!$B:$B, $B5,'Performance data'!AB:AB) -> 16142.96 | Y5: =SUMIF('Performance data'!$B:$B, $B5,'Performance data'!AD:AD) -> 16000 | Z5: =J5 -> 7207.32 | AA5: =K5 -> 12000 | AC5: =Z5/X5-1 -> -0.55353169 | AD5: =Z5/Y5-1 -> -0.5495425 | AE5: =AA5/Z5-1 -> 0.66497394 | AG5: =$AA5*AG$1 -> 960 | AH5: =$AA5*AH$1 -> 960 | AI5: =$AA5*AI$1 -> 1080 | AJ5: =$AA5*AJ$1 -> 1080 | AK5: =$AA5*AK$1 -> 1080 | AL5: =$AA5*AL$1 -> 960 | AM5: =$AA5*AM$1 -> 960 | AN5: =$AA5*AN$1 -> 720 | ... AR5: =$AA5*AR$1 -> 840
B6: 25054 | C6: Four Seasons Hotel Nashville; TN | D6: =VLOOKUP($B6, 'Performance data'!$B:$K, 3, 0) -> Southeast | E6: Emily | F6: =VLOOKUP($B6, 'Performance data'!$B:$K, 7, 0) -> 2024 | H6: =VLOOKUP($B6, 'Performance data'!$B:$K, 5, 0) -> NKD24 | I6: A+ | J6: =P6 -> 26549.66 | K6: 30000 | M6: Grow | O6: =SUMIF('Performance data'!$B:$B, $B6,'Performance data'!K:K) -> 24095.02 | P6: =SUMIF('Performance data'!$B:$B, $B6,'Performance data'!L:L) -> 26549.66 | Q6: =SUMIF('Performance data'!$B:$B, $B6,'Performance data'!M:M) -> 25000 | S6: =$P6/O6-1 -> 0.10187333 | T6: =P6/Q6-1 -> 0.0619864 | V6: =SUMIF('Performance data'!$B:$B, $B6,'Performance data'!Z:Z) -> 0 | W6: =SUMIF('Performance data'!$B:$B, $B6,'Performance data'!AA:AA) -> 0 | X6: =SUMIF('Performance data'!$B:$B, $B6,'Performance data'!AB:AB) -> 24095.02 | Y6: =SUMIF('Performance data'!$B:$B, $B6,'Performance data'!AD:AD) -> 25000 | Z6: =J6 -> 26549.66 | AA6: =K6 -> 30000 | AC6: =Z6/X6-1 -> 0.10187333 | AD6: =Z6/Y6-1 -> 0.0619864 | AE6: =AA6/Z6-1 -> 0.12995797 | AG6: =$AA6*AG$1 -> 2400 | AH6: =$AA6*AH$1 -> 2400 | AI6: =$AA6*AI$1 -> 2700 | AJ6: =$AA6*AJ$1 -> 2700 | AK6: =$AA6*AK$1 -> 2700 | AL6: =$AA6*AL$1 -> 2400 | AM6: =$AA6*AM$1 -> 2400 | AN6: =$AA6*AN$1 -> 1800 | ... AR6: =$AA6*AR$1 -> 2100
B7: 25056 | C7: AMI LLC Bergamos Retreat | D7: =VLOOKUP($B7, 'Performance data'!$B:$K, 3, 0) -> Central | E7: Emily | F7: =VLOOKUP($B7, 'Performance data'!$B:$K, 7, 0) -> 2024 | H7: =VLOOKUP($B7, 'Performance data'!$B:$K, 5, 0) -> NKD24 | I7: A+++ | J7: =P7 -> 35149.62 | K7: 50000 | M7: Grow | O7: =SUMIF('Performance data'!$B:$B, $B7,'Performance data'!K:K) -> 34205.64 | P7: =SUMIF('Performance data'!$B:$B, $B7,'Performance data'!L:L) -> 35149.62 | Q7: =SUMIF('Performance data'!$B:$B, $B7,'Performance data'!M:M) -> 50000 | S7: =$P7/O7-1 -> 0.027597203 | T7: =P7/Q7-1 -> -0.2970076 | V7: =SUMIF('Performance data'!$B:$B, $B7,'Performance data'!Z:Z) -> 0 | W7: =SUMIF('Performance data'!$B:$B, $B7,'Performance data'!AA:AA) -> 0 | X7: =SUMIF('Performance data'!$B:$B, $B7,'Performance data'!AB:AB) -> 34205.64 | Y7: =SUMIF('Performance data'!$B:$B, $B7,'Performance data'!AD:AD) -> 50000 | Z7: =J7 -> 35149.62 | AA7: =K7 -> 50000 | AC7: =Z7/X7-1 -> 0.027597203 | AD7: =Z7/Y7-1 -> -0.2970076 | AE7: =AA7/Z7-1 -> 0.42249048 | AG7: =$AA7*AG$1 -> 4000 | AH7: =$AA7*AH$1 -> 4000 | AI7: =$AA7*AI$1 -> 4500 | AJ7: =$AA7*AJ$1 -> 4500 | AK7: =$AA7*AK$1 -> 4500 | AL7: =$AA7*AL$1 -> 4000 | AM7: =$AA7*AM$1 -> 4000 | AN7: =$AA7*AN$1 -> 3000 | ... AR7: =$AA7*AR$1 -> 3500
B8: Total Active Existing Doors | G8: =COUNTIF(G3:G7, "Yes") -> 0 | J8: =SUM(J3:J7) -> 97812.97 | K8: =SUM(K3:K7) -> 120000 | O8: =SUM(O3:O7) -> 116237.17 | P8: =SUM(P3:P7) -> 97812.97 | Q8: =SUM(Q3:Q7) -> 132000 | S8: =$P8/O8-1 -> -0.15850524 | T8: =P8/Q8-1 -> -0.25899265 | V8: =SUM(V3:V7) -> 0 | W8: =SUM(W3:W7) -> 0 | X8: =SUM(X3:X7) -> 116237.17 | Y8: =SUM(Y3:Y7) -> 132000 | Z8: =SUM(Z3:Z7) -> 97812.97 | AA8: =SUM(AA3:AA7) -> 120000 | AC8: =Z8/X8-1 -> -0.15850524 | AD8: =Z8/Y8-1 -> -0.25899265 | AE8: =AA8/Z8-1 -> 0.22683117 | AG8: =SUM(AG3:AG7) -> 9600 | AH8: =SUM(AH3:AH7) -> 9600 | AI8: =SUM(AI3:AI7) -> 10800 | AJ8: =SUM(AJ3:AJ7) -> 10800 | AK8: =SUM(AK3:AK7) -> 10800 | AL8: =SUM(AL3:AL7) -> 9600 | AM8: =SUM(AM3:AM7) -> 9600 | AN8: =SUM(AN3:AN7) -> 7200 | ... AR8: =SUM(AR3:AR7) -> 8400
B12: 25068 | C12: 321 Skin Glow LLC | D12: =VLOOKUP($B12, 'Performance data'!$B:$K, 3, 0) -> Central | E12: =VLOOKUP($B12, 'Performance data'!$B:$K, 4, 0) -> Emily | F12: =VLOOKUP($B12, 'Performance data'!$B:$K, 7, 0) -> 2025 | H12: =VLOOKUP($B12, 'Performance data'!$B:$K, 5, 0) -> NKD25 | I12: B | J12: =P12 -> 9538 | K12: 12000 | M12: Grow | O12: =SUMIF('Performance data'!$B:$B, $B12,'Performance data'!K:K) -> 0 | P12: =SUMIF('Performance data'!$B:$B, $B12,'Performance data'!L:L) -> 9538 | Q12: =SUMIF('Performance data'!$B:$B, $B12,'Performance data'!M:M) -> 0 | S12: =$P12/O12-1 -> #DIV/0! | T12: =P12/Q12-1 -> #DIV/0! | V12: =SUMIF('Performance data'!$B:$B, $B12,'Performance data'!Z:Z) -> 0 | W12: =SUMIF('Performance data'!$B:$B, $B12,'Performance data'!AA:AA) -> 0 | X12: =SUMIF('Performance data'!$B:$B, $B12,'Performance data'!AB:AB) -> 0 | Y12: =SUMIF('Performance data'!$B:$B, $B12,'Performance data'!AD:AD) -> 0 | Z12: =J12 -> 9538 | AA12: =K12 -> 12000 | AC12: =Z12/X12-1 -> #DIV/0! | AD12: =Z12/Y12-1 -> #DIV/0! | AE12: =AA12/Z12-1 -> 0.25812539 | AG12: =$AA12*AG$1 -> 960 | AH12: =$AA12*AH$1 -> 960 | AI12: =$AA12*AI$1 -> 1080 | AJ12: =$AA12*AJ$1 -> 1080 | AK12: =$AA12*AK$1 -> 1080 | AL12: =$AA12*AL$1 -> 960 | AM12: =$AA12*AM$1 -> 960 | AN12: =$AA12*AN$1 -> 720 | ... AR12: =$AA12*AR$1 -> 840
B13: 25071 | C13: Nerdium LLC; Texas | D13: =VLOOKUP($B13, 'Performance data'!$B:$K, 3, 0) -> Central | E13: =VLOOKUP($B13, 'Performance data'!$B:$K, 4, 0) -> Emily | F13: =VLOOKUP($B13, 'Performance data'!$B:$K, 7, 0) -> 2025 | H13: =VLOOKUP($B13, 'Performance data'!$B:$K, 5, 0) -> NKD25 | I13: B | J13: =P13 -> 5488.99 | K13: 10000 | M13: Grow | O13: =SUMIF('Performance data'!$B:$B, $B13,'Performance data'!K:K) -> 0 | P13: =SUMIF('Performance data'!$B:$B, $B13,'Performance data'!L:L) -> 5488.99 | Q13: =SUMIF('Performance data'!$B:$B, $B13,'Performance data'!M:M) -> 0 | S13: =$P13/O13-1 -> #DIV/0! | T13: =P13/Q13-1 -> #DIV/0! | V13: =SUMIF('Performance data'!$B:$B, $B13,'Performance data'!Z:Z) -> 0 | W13: =SUMIF('Performance data'!$B:$B, $B13,'Performance data'!AA:AA) -> 0 | X13: =SUMIF('Performance data'!$B:$B, $B13,'Performance data'!AB:AB) -> 0 | Y13: =SUMIF('Performance data'!$B:$B, $B13,'Performance data'!AD:AD) -> 0 | Z13: =J13 -> 5488.99 | AA13: =K13 -> 10000 | AC13: =Z13/X13-1 -> #DIV/0! | AD13: =Z13/Y13-1 -> #DIV/0! | AE13: =AA13/Z13-1 -> 0.82182879 | AG13: =$AA13*AG$1 -> 800 | AH13: =$AA13*AH$1 -> 800 | AI13: =$AA13*AI$1 -> 900 | AJ13: =$AA13*AJ$1 -> 900 | AK13: =$AA13*AK$1 -> 900 | AL13: =$AA13*AL$1 -> 800 | AM13: =$AA13*AM$1 -> 800 | AN13: =$AA13*AN$1 -> 600 | ... AR13: =$AA13*AR$1 -> 700
B14: 25073 | C14: Mario Tricoci Hair Salons & Day Spas | D14: =VLOOKUP($B14, 'Performance data'!$B:$K, 3, 0) -> Central | E14: =VLOOKUP($B14, 'Performance data'!$B:$K, 4, 0) -> Emily | F14: =VLOOKUP($B14, 'Performance data'!$B:$K, 7, 0) -> 2025 | H14: =VLOOKUP($B14, 'Performance data'!$B:$K, 5, 0) -> NKD25 | I14: A | J14: =P14 -> 8904 | K14: 20000 | M14: Grow | O14: =SUMIF('Performance data'!$B:$B, $B14,'Performance data'!K:K) -> 0 | P14: =SUMIF('Performance data'!$B:$B, $B14,'Performance data'!L:L) -> 8904 | Q14: =SUMIF('Performance data'!$B:$B, $B14,'Performance data'!M:M) -> 0 | S14: =$P14/O14-1 -> #DIV/0! | T14: =P14/Q14-1 -> #DIV/0! | V14: =SUMIF('Performance data'!$B:$B, $B14,'Performance data'!Z:Z) -> 0 | W14: =SUMIF('Performance data'!$B:$B, $B14,'Performance data'!AA:AA) -> 0 | X14: =SUMIF('Performance data'!$B:$B, $B14,'Performance data'!AB:AB) -> 0 | Y14: =SUMIF('Performance data'!$B:$B, $B14,'Performance data'!AD:AD) -> 0 | Z14: =J14 -> 8904 | AA14: =K14 -> 20000 | AC14: =Z14/X14-1 -> #DIV/0! | AD14: =Z14/Y14-1 -> #DIV/0! | AE14: =AA14/Z14-1 -> 1.2461815 | AG14: =$AA14*AG$1 -> 1600 | AH14: =$AA14*AH$1 -> 1600 | AI14: =$AA14*AI$1 -> 1800 | AJ14: =$AA14*AJ$1 -> 1800 | AK14: =$AA14*AK$1 -> 1800 | AL14: =$AA14*AL$1 -> 1600 | AM14: =$AA14*AM$1 -> 1600 | AN14: =$AA14*AN$1 -> 1200 | ... AR14: =$AA14*AR$1 -> 1400
B15: 25074 | C15: Houstonian Campus, LLC | D15: =VLOOKUP($B15, 'Performance data'!$B:$K, 3, 0) -> Central | E15: =VLOOKUP($B15, 'Performance data'!$B:$K, 4, 0) -> Emily | F15: =VLOOKUP($B15, 'Performance data'!$B:$K, 7, 0) -> 2025 | H15: =VLOOKUP($B15, 'Performance data'!$B:$K, 5, 0) -> NKD25 | I15: A++ | J15: =P15 -> 6178.28 | K15: 12000 | M15: Grow | O15: =SUMIF('Performance data'!$B:$B, $B15,'Performance data'!K:K) -> 0 | P15: =SUMIF('Performance data'!$B:$B, $B15,'Performance data'!L:L) -> 6178.28 | Q15: =SUMIF('Performance data'!$B:$B, $B15,'Performance data'!M:M) -> 0 | S15: =$P15/O15-1 -> #DIV/0! | T15: =P15/Q15-1 -> #DIV/0! | V15: =SUMIF('Performance data'!$B:$B, $B15,'Performance data'!Z:Z) -> 0 | W15: =SUMIF('Performance data'!$B:$B, $B15,'Performance data'!AA:AA) -> 0 | X15: =SUMIF('Performance data'!$B:$B, $B15,'Performance data'!AB:AB) -> 0 | Y15: =SUMIF('Performance data'!$B:$B, $B15,'Performance data'!AD:AD) -> 0 | Z15: =J15 -> 6178.28 | AA15: =K15 -> 12000 | AC15: =Z15/X15-1 -> #DIV/0! | AD15: =Z15/Y15-1 -> #DIV/0! | AE15: =AA15/Z15-1 -> 0.94228814 | AG15: =$AA15*AG$1 -> 960 | AH15: =$AA15*AH$1 -> 960 | AI15: =$AA15*AI$1 -> 1080 | AJ15: =$AA15*AJ$1 -> 1080 | AK15: =$AA15*AK$1 -> 1080 | AL15: =$AA15*AL$1 -> 960 | AM15: =$AA15*AM$1 -> 960 | AN15: =$AA15*AN$1 -> 720 | ... AR15: =$AA15*AR$1 -> 840
B16: 25060 | C16: Nashville Hospitality/DBA Westin | D16: =VLOOKUP($B16, 'Performance data'!$B:$K, 3, 0) -> Southeast | E16: Emily | F16: =VLOOKUP($B16, 'Performance data'!$B:$K, 7, 0) -> 2025 | H16: NKD25 | I16: B | J16: =P16 -> 10814.48 | K16: 12000 | M16: Grow | O16: =SUMIF('Performance data'!$B:$B, $B16,'Performance data'!K:K) -> 0 | P16: =SUMIF('Performance data'!$B:$B, $B16,'Performance data'!L:L) -> 10814.48 | Q16: =SUMIF('Performance data'!$B:$B, $B16,'Performance data'!M:M) -> 0 | S16: =$P16/O16-1 -> #DIV/0! | T16: =P16/Q16-1 -> #DIV/0! | V16: =SUMIF('Performance data'!$B:$B, $B16,'Performance data'!Z:Z) -> 0 | W16: =SUMIF('Performance data'!$B:$B, $B16,'Performance data'!AA:AA) -> 0 | X16: =SUMIF('Performance data'!$B:$B, $B16,'Performance data'!AB:AB) -> 0 | Y16: =SUMIF('Performance data'!$B:$B, $B16,'Performance data'!AD:AD) -> 0 | Z16: =J16 -> 10814.48 | AA16: =K16 -> 12000 | AC16: =Z16/X16-1 -> #DIV/0! | AD16: =Z16/Y16-1 -> #DIV/0! | AE16: =AA16/Z16-1 -> 0.10962339 | AG16: =$AA16*AG$1 -> 960 | AH16: =$AA16*AH$1 -> 960 | AI16: =$AA16*AI$1 -> 1080 | AJ16: =$AA16*AJ$1 -> 1080 | AK16: =$AA16*AK$1 -> 1080 | AL16: =$AA16*AL$1 -> 960 | AM16: =$AA16*AM$1 -> 960 | AN16: =$AA16*AN$1 -> 720 | ... AR16: =$AA16*AR$1 -> 840
B17: NKD25 | C17: New doors 2025 | D17: Central | E17: Emily | F17: 2025 | H17: NKD25 | O17: 0 | P17: 0 | Q17: =SUMIFS('2025 budget doc'!$AC:$AC, '2025 budget doc'!$B:$B, "NKD25", '2025 budget doc'!$E:$E, $D17) -> 18000 | S17: =$P17/O17-1 -> #DIV/0! | T17: =P17/Q17-1 -> -1 | V17: 0 | W17: 0 | X17: 0 | Y17: =SUMIFS('2025 budget doc'!$L:$L, '2025 budget doc'!$B:$B, "NKD25", '2025 budget doc'!$E:$E, $D17) -> 100000 | Z17: =J17 -> 0 | AA17: =K17 -> 0 | AC17: =Z17/X17-1 -> #DIV/0! | AD17: =Z17/Y17-1 -> -1 | AE17: =AA17/Z17-1 -> #DIV/0! | AG17: =$AA17*AG$1 -> 0 | AH17: =$AA17*AH$1 -> 0 | AI17: =$AA17*AI$1 -> 0 | AJ17: =$AA17*AJ$1 -> 0 | AK17: =$AA17*AK$1 -> 0 | AL17: =$AA17*AL$1 -> 0 | AM17: =$AA17*AM$1 -> 0 | AN17: =$AA17*AN$1 -> 0 | ... AR17: =$AA17*AR$1 -> 0
AG18: =$AA18*AG$1 -> 0 | AH18: =$AA18*AH$1 -> 0 | AI18: =$AA18*AI$1 -> 0 | AJ18: =$AA18*AJ$1 -> 0 | AK18: =$AA18*AK$1 -> 0 | AL18: =$AA18*AL$1 -> 0 | AM18: =$AA18*AM$1 -> 0 | AN18: =$AA18*AN$1 -> 0 | ... AR18: =$AA18*AR$1 -> 0
B19: Total New Doors 2025 | G19: =COUNTIF(G12:G13, "Yes")+G17 -> 0 | J19: =SUM(J12:J17) -> 40923.75 | K19: =SUM(K12:K17) -> 66000 | O19: =SUM(O12:O17) -> 0 | P19: =SUM(P12:P17) -> 40923.75 | Q19: =SUM(Q12:Q17) -> 18000 | S19: =$P19/O19-1 -> #DIV/0! | T19: =P19/Q19-1 -> 1.2735417 | V19: =SUM(V12:V17) -> 0 | W19: =SUM(W12:W17) -> 0 | X19: =SUM(X12:X17) -> 0 | Y19: =SUM(Y12:Y17) -> 100000 | Z19: =SUM(Z12:Z17) -> 40923.75 | AA19: =SUM(AA12:AA17) -> 66000 | AC19: =Z19/X19-1 -> #DIV/0! | AD19: =Z19/Y19-1 -> -0.5907625 | AE19: =AA19/Z19-1 -> 0.61275543 | AG19: =SUM(AG12:AG17) -> 5280 | AH19: =SUM(AH12:AH17) -> 5280 | AI19: =SUM(AI12:AI17) -> 5940 | AJ19: =SUM(AJ12:AJ17) -> 5940 | AK19: =SUM(AK12:AK17) -> 5940 | AL19: =SUM(AL12:AL17) -> 5280 | AM19: =SUM(AM12:AM17) -> 5280 | AN19: =SUM(AN12:AN17) -> 3960 | ... AR19: =SUM(AR12:AR17) -> 4620
AY22: =AV23 -> 1 | AZ22: =AW23 -> 1 | BA22: =AX23+AV23 -> 2 | BB22: =AY23+AW23 -> 1 | BC22: =AZ23+AX23+AV23 -> 3 | BD22: =BA23+AY23+AW23 -> 2 | BE22: =BB23+AZ23+AX23+AV23 -> 3 | BF22: =BC23+BA23+AY23+AW23 -> 3
B23: NKD26 | C23: New doors 2026 | D23: Central | E23: Emily | F23: 2026 | G23: 8 | H23: NKD26 | I23: NKD26 | K23: 100000 | O23: 0 | P23: 0 | Q23: 0 | S23: =$P23/O23-1 -> #DIV/0! | T23: =P23/Q23-1 -> #DIV/0! | V23: 0 | W23: 0 | X23: 0 | Y23: 0 | Z23: =J23 -> 0 | AA23: =K23 -> 100000 | AC23: =Z23/X23-1 -> #DIV/0! | AD23: =Z23/Y23-1 -> #DIV/0! | AE23: =AA23/Z23-1 -> #DIV/0! | AG23: =AU23*5000+AU22*4000 -> 0 | AH23: =AV23*5000+AV22*4000 -> 5000 | AI23: =AW23*5000+AW22*4000 -> 5000 | AJ23: =AX23*5000+AX22*4000 -> 5000 | AK23: =AY23*5000+AY22*4000 -> 4000 | AL23: =AZ23*5000+AZ22*4000 -> 9000 | AM23: =BA23*5000+BA22*4000-2000 -> 11000 | AN23: =BB23*5000+BB22*4000 -> 4000 | AO23: =BC23*5000+BC22*4000 -> 17000 | AP23: =BD23*5000+BD22*4000 -> 13000 | AQ23: =BE23*5000+BE22*4000 -> 17000 | AR23: =BF23*5000+BF22*4000-2000 -> 10000 | AV23: 1 | AW23: 1 | AX23: 1 | AZ23: 1 | BA23: 1 | BC23: 1 | BD23: 1 | BE23: 1
B25: Total New Doors 2026 | G25: =COUNTIF(G22:G22, "Yes")+G23 -> 8 | J25: =SUM(J22:J23) -> 0 | K25: =SUM(K22:K23) -> 100000 | O25: =SUM(O22:O23) -> 0 | P25: =SUM(P22:P23) -> 0 | Q25: =SUM(Q22:Q23) -> 0 | S25: =$P25/O25-1 -> #DIV/0! | T25: =P25/Q25-1 -> #DIV/0! | V25: =SUM(V22:V23) -> 0 | W25: =SUM(W22:W23) -> 0 | X25: =SUM(X22:X23) -> 0 | Y25: =SUM(Y22:Y23) -> 0 | Z25: =SUM(Z22:Z23) -> 0 | AA25: =SUM(AA22:AA23) -> 100000 | AC25: =Z25/X25-1 -> #DIV/0! | AD25: =Z25/Y25-1 -> #DIV/0! | AE25: =AA25/Z25-1 -> #DIV/0! | AG25: =SUM(AG22:AG23) -> 0 | AH25: =SUM(AH22:AH23) -> 5000 | AI25: =SUM(AI22:AI23) -> 5000 | AJ25: =SUM(AJ22:AJ23) -> 5000 | AK25: =SUM(AK22:AK23) -> 4000 | AL25: =SUM(AL22:AL23) -> 9000 | AM25: =SUM(AM22:AM23) -> 11000 | AN25: =SUM(AN22:AN23) -> 4000 | ... AR25: =SUM(AR22:AR23) -> 10000

Sheet West
O1: Year to date | P1: Year to date | Q1: Year to date | S1: Year to date | T1: Year to date | V1: Full year | W1: Full year | X1: Full year | Y1: Full year | Z1: Full year | AA1: Full year | AC1: Full year | AD1: Full year | AE1: Full year | AG1: 0.08 | AH1: 0.08 | AI1: 0.09 | AJ1: 0.09 | AK1: 0.09 | AL1: 0.08 | AM1: 0.08 | AN1: 0.06 | AO1: 0.09 | AP1: 0.1 | AQ1: 0.09 | AR1: 0.07
B2: Customer Code | C2: Customer Name | D2: Region | E2: Sales person | F2: New door year | G2: Active? | H2: 2025 Cluster | I2: 2026 Cluster | J2: 2025A | K2: 2026B | L2: Size indicator | M2: Customer Growth Class | O2: 2024 YTD | P2: 2025 YTD | Q2: 2025B YTD | S2: 25 vs 24 % | T2: 25 vs 25B % | V2: 2022 | W2: 2023 | X2: 2024 | Y2: 2025B | Z2: 2025A | AA2: 2026B | AC2: 25 vs 24 % | AD2: 25 vs 25B % | AE2: 26B vs 25A % | AG2: 46023 | AH2: 46054 | AI2: 46082 | AJ2: 46113 | AK2: 46143 | AL2: 46174 | AM2: 46204 | AN2: 46235 | AO2: 46266 | AP2: 46296 | AQ2: 46327 | AR2: 46357
B3: 25012 | C3: Rosewood Sense Spa, CA | D3: =VLOOKUP($B3, 'Performance data'!$B:$K, 3, 0) -> West | E3: Erin | F3: =VLOOKUP($B3, 'Performance data'!$B:$K, 7, 0) -> 2022 | H3: =VLOOKUP($B3, 'Performance data'!$B:$K, 5, 0) -> A+ | I3: Lost | J3: =P3 -> 52636.33 | M3: Lose | O3: =SUMIF('Performance data'!$B:$B, $B3,'Performance data'!K:K) -> 104398.38 | P3: =SUMIF('Performance data'!$B:$B, $B3,'Performance data'!L:L) -> 52636.33 | Q3: =SUMIF('Performance data'!$B:$B, $B3,'Performance data'!M:M) -> 120000 | S3: =$P3/O3-1 -> -0.49581277 | T3: =P3/Q3-1 -> -0.56136392 | V3: =SUMIF('Performance data'!$B:$B, $B3,'Performance data'!Z:Z) -> 127800.66 | W3: =SUMIF('Performance data'!$B:$B, $B3,'Performance data'!AA:AA) -> 127251.66 | X3: =SUMIF('Performance data'!$B:$B, $B3,'Performance data'!AB:AB) -> 104398.38 | Y3: =SUMIF('Performance data'!$B:$B, $B3,'Performance data'!AD:AD) -> 120000 | Z3: =J3 -> 52636.33 | AA3: =K3 -> 0 | AC3: =Z3/X3-1 -> -0.49581277 | AD3: =Z3/Y3-1 -> -0.56136392 | AE3: =AA3/Z3-1 -> -1 | AG3: =$AA3*AG$1 -> 0 | AH3: =$AA3*AH$1 -> 0 | AI3: =$AA3*AI$1 -> 0 | AJ3: =$AA3*AJ$1 -> 0 | AK3: =$AA3*AK$1 -> 0 | AL3: =$AA3*AL$1 -> 0 | AM3: =$AA3*AM$1 -> 0 | AN3: =$AA3*AN$1 -> 0 | ... AR3: =$AA3*AR$1 -> 0
B4: 25027 | C4: San Manuel Entert.; Yaamava Resort; Highland | D4: =VLOOKUP($B4, 'Performance data'!$B:$K, 3, 0) -> West | E4: Erin | F4: =VLOOKUP($B4, 'Performance data'!$B:$K, 7, 0) -> 2022 | H4: =VLOOKUP($B4, 'Performance data'!$B:$K, 5, 0) -> A+ | I4: A+++ | J4: =P4 -> 113790.07 | K4: 120000 | M4: Grow | O4: =SUMIF('Performance data'!$B:$B, $B4,'Performance data'!K:K) -> 103728.39 | P4: =SUMIF('Performance data'!$B:$B, $B4,'Performance data'!L:L) -> 113790.07 | Q4: =SUMIF('Performance data'!$B:$B, $B4,'Performance data'!M:M) -> 115000 | S4: =$P4/O4-1 -> 0.097000252 | T4: =P4/Q4-1 -> -0.01052113 | V4: =SUMIF('Performance data'!$B:$B, $B4,'Performance data'!Z:Z) -> 19362.58 | W4: =SUMIF('Performance data'!$B:$B, $B4,'Performance data'!AA:AA) -> 57225.3 | X4: =SUMIF('Performance data'!$B:$B, $B4,'Performance data'!AB:AB) -> 103728.39 | Y4: =SUMIF('Performance data'!$B:$B, $B4,'Performance data'!AD:AD) -> 115000 | Z4: =J4 -> 113790.07 | AA4: =K4 -> 120000 | AC4: =Z4/X4-1 -> 0.097000252 | AD4: =Z4/Y4-1 -> -0.01052113 | AE4: =AA4/Z4-1 -> 0.054573567 | AG4: =$AA4*AG$1 -> 9600 | AH4: =$AA4*AH$1 -> 9600 | AI4: =$AA4*AI$1 -> 10800 | AJ4: =$AA4*AJ$1 -> 10800 | AK4: =$AA4*AK$1 -> 10800 | AL4: =$AA4*AL$1 -> 9600 | AM4: =$AA4*AM$1 -> 9600 | AN4: =$AA4*AN$1 -> 7200 | ... AR4: =$AA4*AR$1 -> 8400
B5: 25032 | C5: Four Seasons Hotel Las Vegas | D5: =VLOOKUP($B5, 'Performance data'!$B:$K, 3, 0) -> West | E5: Erin | F5: =VLOOKUP($B5, 'Performance data'!$B:$K, 7, 0) -> 2023 | H5: =VLOOKUP($B5, 'Performance data'!$B:$K, 5, 0) -> A+ | I5: A+ | J5: =P5 -> 44420.93 | K5: 50000 | M5: Grow | O5: =SUMIF('Performance data'!$B:$B, $B5,'Performance data'!K:K) -> 50110.28 | P5: =SUMIF('Performance data'!$B:$B, $B5,'Performance data'!L:L) -> 44420.93 | Q5: =SUMIF('Performance data'!$B:$B, $B5,'Performance data'!M:M) -> 55000 | S5: =$P5/O5-1 -> -0.11353658 | T5: =P5/Q5-1 -> -0.19234673 | V5: =SUMIF('Performance data'!$B:$B, $B5,'Performance data'!Z:Z) -> 0 | W5: =SUMIF('Performance data'!$B:$B, $B5,'Performance data'!AA:AA) -> 38782.75 | X5: =SUMIF('Performance data'!$B:$B, $B5,'Performance data'!AB:AB) -> 50110.28 | Y5: =SUMIF('Performance data'!$B:$B, $B5,'Performance data'!AD:AD) -> 55000 | Z5: =J5 -> 44420.93 | AA5: =K5 -> 50000 | AC5: =Z5/X5-1 -> -0.11353658 | AD5: =Z5/Y5-1 -> -0.19234673 | AE5: =AA5/Z5-1 -> 0.12559552 | AG5: =$AA5*AG$1 -> 4000 | AH5: =$AA5*AH$1 -> 4000 | AI5: =$AA5*AI$1 -> 4500 | AJ5: =$AA5*AJ$1 -> 4500 | AK5: =$AA5*AK$1 -> 4500 | AL5: =$AA5*AL$1 -> 4000 | AM5: =$AA5*AM$1 -> 4000 | AN5: =$AA5*AN$1 -> 3000 | ... AR5: =$AA5*AR$1 -> 3500
B6: 25038 | C6: Lemon & Honey Day Spa; Orange, CA | D6: =VLOOKUP($B6, 'Performance data'!$B:$K, 3, 0) -> West | E6: Erin | F6: =VLOOKUP($B6, 'Performance data'!$B:$K, 7, 0) -> 2023 | H6: =VLOOKUP($B6, 'Performance data'!$B:$K, 5, 0) -> A | I6: B | J6: =P6 -> 13457.21 | K6: 13000 | M6: Maintain | O6: =SUMIF('Performance data'!$B:$B, $B6,'Performance data'!K:K) -> 28530.96 | P6: =SUMIF('Performance data'!$B:$B, $B6,'Performance data'!L:L) -> 13457.21 | Q6: =SUMIF('Performance data'!$B:$B, $B6,'Performance data'!M:M) -> 26000 | S6: =$P6/O6-1 -> -0.52832958 | T6: =P6/Q6-1 -> -0.482415 | V6: =SUMIF('Performance data'!$B:$B, $B6,'Performance data'!Z:Z) -> 0 | W6: =SUMIF('Performance data'!$B:$B, $B6,'Performance data'!AA:AA) -> 5204.37 | X6: =SUMIF('Performance data'!$B:$B, $B6,'Performance data'!AB:AB) -> 28530.96 | Y6: =SUMIF('Performance data'!$B:$B, $B6,'Performance data'!AD:AD) -> 26000 | Z6: =J6 -> 13457.21 | AA6: =K6 -> 13000 | AC6: =Z6/X6-1 -> -0.52832958 | AD6: =Z6/Y6-1 -> -0.482415 | AE6: =AA6/Z6-1 -> -0.033975096 | AG6: =$AA6*AG$1 -> 1040 | AH6: =$AA6*AH$1 -> 1040 | AI6: =$AA6*AI$1 -> 1170 | AJ6: =$AA6*AJ$1 -> 1170 | AK6: =$AA6*AK$1 -> 1170 | AL6: =$AA6*AL$1 -> 1040 | AM6: =$AA6*AM$1 -> 1040 | AN6: =$AA6*AN$1 -> 780 | ... AR6: =$AA6*AR$1 -> 910
B7: 25004 | C7: Teton Mountain Lodge | D7: =VLOOKUP($B7, 'Performance data'!$B:$K, 3, 0) -> West | E7: Erin | F7: =VLOOKUP($B7, 'Performance data'!$B:$K, 7, 0) -> 2021 | H7: =VLOOKUP($B7, 'Performance data'!$B:$K, 5, 0) -> B | I7: C | J7: =P7 -> 6008.52 | K7: 6000 | M7: Maintain | O7: =SUMIF('Performance data'!$B:$B, $B7,'Performance data'!K:K) -> 10917.56 | P7: =SUMIF('Performance data'!$B:$B, $B7,'Performance data'!L:L) -> 6008.52 | Q7: =SUMIF('Performance data'!$B:$B, $B7,'Performance data'!M:M) -> 12000 | S7: =$P7/O7-1 -> -0.44964626 | T7: =P7/Q7-1 -> -0.49929 | V7: =SUMIF('Performance data'!$B:$B, $B7,'Performance data'!Z:Z) -> 5634 | W7: =SUMIF('Performance data'!$B:$B, $B7,'Performance data'!AA:AA) -> 7158.06 | X7: =SUMIF('Performance data'!$B:$B, $B7,'Performance data'!AB:AB) -> 10917.56 | Y7: =SUMIF('Performance data'!$B:$B, $B7,'Performance data'!AD:AD) -> 12000 | Z7: =J7 -> 6008.52 | AA7: =K7 -> 6000 | AC7: =Z7/X7-1 -> -0.44964626 | AD7: =Z7/Y7-1 -> -0.49929 | AE7: =AA7/Z7-1 -> -0.0014179865 | AG7: =$AA7*AG$1 -> 480 | AH7: =$AA7*AH$1 -> 480 | AI7: =$AA7*AI$1 -> 540 | AJ7: =$AA7*AJ$1 -> 540 | AK7: =$AA7*AK$1 -> 540 | AL7: =$AA7*AL$1 -> 480 | AM7: =$AA7*AM$1 -> 480 | AN7: =$AA7*AN$1 -> 360 | ... AR7: =$AA7*AR$1 -> 420
B8: 25000 | C8: West Coast Lifestyles Inc.; CA | D8: =VLOOKUP($B8, 'Performance data'!$B:$K, 3, 0) -> West | E8: Erin | F8: =VLOOKUP($B8, 'Performance data'!$B:$K, 7, 0) -> 2021 | H8: =VLOOKUP($B8, 'Performance data'!$B:$K, 5, 0) -> C | I8: Lost | J8: =P8 -> 737 | M8: Lose | O8: =SUMIF('Performance data'!$B:$B, $B8,'Performance data'!K:K) -> 1539.92 | P8: =SUMIF('Performance data'!$B:$B, $B8,'Performance data'!L:L) -> 737 | Q8: =SUMIF('Performance data'!$B:$B, $B8,'Performance data'!M:M) -> 1500 | S8: =$P8/O8-1 -> -0.52140371 | T8: =P8/Q8-1 -> -0.50866667 | V8: =SUMIF('Performance data'!$B:$B, $B8,'Performance data'!Z:Z) -> 5749.65 | W8: =SUMIF('Performance data'!$B:$B, $B8,'Performance data'!AA:AA) -> 7017.28 | X8: =SUMIF('Performance data'!$B:$B, $B8,'Performance data'!AB:AB) -> 1539.92 | Y8: =SUMIF('Performance data'!$B:$B, $B8,'Performance data'!AD:AD) -> 1500 | Z8: =J8 -> 737 | AA8: =K8 -> 0 | AC8: =Z8/X8-1 -> -0.52140371 | AD8: =Z8/Y8-1 -> -0.50866667 | AE8: =AA8/Z8-1 -> -1 | AG8: =$AA8*AG$1 -> 0 | AH8: =$AA8*AH$1 -> 0 | AI8: =$AA8*AI$1 -> 0 | AJ8: =$AA8*AJ$1 -> 0 | AK8: =$AA8*AK$1 -> 0 | AL8: =$AA8*AL$1 -> 0 | AM8: =$AA8*AM$1 -> 0 | AN8: =$AA8*AN$1 -> 0 | ... AR8: =$AA8*AR$1 -> 0
B9: 25015 | C9: Gateway Canyon Resort & Spa; CO | D9: =VLOOKUP($B9, 'Performance data'!$B:$K, 3, 0) -> West | E9: Erin | F9: =VLOOKUP($B9, 'Performance data'!$B:$K, 7, 0) -> 2022 | H9: =VLOOKUP($B9, 'Performance data'!$B:$K, 5, 0) -> C | I9: C | J9: =P9 -> 1573.68 | O9: =SUMIF('Performance data'!$B:$B, $B9,'Performance data'!K:K) -> 2717.32 | P9: =SUMIF('Performance data'!$B:$B, $B9,'Performance data'!L:L) -> 1573.68 | Q9: =SUMIF('Performance data'!$B:$B, $B9,'Performance data'!M:M) -> 3000 | S9: =$P9/O9-1 -> -0.42087056 | T9: =P9/Q9-1 -> -0.47544 | V9: =SUMIF('Performance data'!$B:$B, $B9,'Performance data'!Z:Z) -> 9631.1 | W9: =SUMIF('Performance data'!$B:$B, $B9,'Performance data'!AA:AA) -> 6958.48 | X9: =SUMIF('Performance data'!$B:$B, $B9,'Performance data'!AB:AB) -> 2717.32 | Y9: =SUMIF('Performance data'!$B:$B, $B9,'Performance data'!AD:AD) -> 3000 | Z9: =J9 -> 1573.68 | AA9: =K9 -> 0 | AC9: =Z9/X9-1 -> -0.42087056 | AD9: =Z9/Y9-1 -> -0.47544 | AE9: =AA9/Z9-1 -> -1 | AG9: =$AA9*AG$1 -> 0 | AH9: =$AA9*AH$1 -> 0 | AI9: =$AA9*AI$1 -> 0 | AJ9: =$AA9*AJ$1 -> 0 | AK9: =$AA9*AK$1 -> 0 | AL9: =$AA9*AL$1 -> 0 | AM9: =$AA9*AM$1 -> 0 | AN9: =$AA9*AN$1 -> 0 | ... AR9: =$AA9*AR$1 -> 0
B10: 25036 | C10: MacArthur Place; LÁuberge de Sonoma LLC; CA | D10: =VLOOKUP($B10, 'Performance data'!$B:$K, 3, 0) -> West | E10: Erin | F10: =VLOOKUP($B10, 'Performance data'!$B:$K, 7, 0) -> 2023 | H10: =VLOOKUP($B10, 'Performance data'!$B:$K, 5, 0) -> C | I10: C | J10: =P10 -> 654.34 | O10: =SUMIF('Performance data'!$B:$B, $B10,'Performance data'!K:K) -> 2357.58 | P10: =SUMIF('Performance data'!$B:$B, $B10,'Performance data'!L:L) -> 654.34 | Q10: =SUMIF('Performance data'!$B:$B, $B10,'Performance data'!M:M) -> 5000 | S10: =$P10/O10-1 -> -0.72245268 | T10: =P10/Q10-1 -> -0.869132 | V10: =SUMIF('Performance data'!$B:$B, $B10,'Performance data'!Z:Z) -> 0 | W10: =SUMIF('Performance data'!$B:$B, $B10,'Performance data'!AA:AA) -> 5919.87 | X10: =SUMIF('Performance data'!$B:$B, $B10,'Performance data'!AB:AB) -> 2357.58 | Y10: =SUMIF('Performance data'!$B:$B, $B10,'Performance data'!AD:AD) -> 5000 | Z10: =J10 -> 654.34 | AA10: =K10 -> 0 | AC10: =Z10/X10-1 -> -0.72245268 | AD10: =Z10/Y10-1 -> -0.869132 | AE10: =AA10/Z10-1 -> -1 | AG10: =$AA10*AG$1 -> 0 | AH10: =$AA10*AH$1 -> 0 | AI10: =$AA10*AI$1 -> 0 | AJ10: =$AA10*AJ$1 -> 0 | AK10: =$AA10*AK$1 -> 0 | AL10: =$AA10*AL$1 -> 0 | AM10: =$AA10*AM$1 -> 0 | AN10: =$AA10*AN$1 -> 0 | ... AR10: =$AA10*AR$1 -> 0
B11: 25046 | C11: Beverly Wilshire,Four Seasons Hotel, CA | D11: =VLOOKUP($B11, 'Performance data'!$B:$K, 3, 0) -> West | E11: Erin | F11: =VLOOKUP($B11, 'Performance data'!$B:$K, 7, 0) -> 2024 | H11: =VLOOKUP($B11, 'Performance data'!$B:$K, 5, 0) -> NKD24 | I11: Lost | J11: =P11 -> 1551.69 | M11: Lose | O11: =SUMIF('Performance data'!$B:$B, $B11,'Performance data'!K:K) -> 14440.24 | P11: =SUMIF('Performance data'!$B:$B, $B11,'Performance data'!L:L) -> 1551.69 | Q11: =SUMIF('Performance data'!$B:$B, $B11,'Performance data'!M:M) -> 16000 | S11: =$P11/O11-1 -> -0.89254403 | T11: =P11/Q11-1 -> -0.90301937 | V11: =SUMIF('Performance data'!$B:$B, $B11,'Performance data'!Z:Z) -> 0 | W11: =SUMIF('Performance data'!$B:$B, $B11,'Performance data'!AA:AA) -> 0 | X11: =SUMIF('Performance data'!$B:$B, $B11,'Performance data'!AB:AB) -> 14440.24 | Y11: =SUMIF('Performance data'!$B:$B, $B11,'Performance data'!AD:AD) -> 16000 | Z11: =J11 -> 1551.69 | AA11: =K11 -> 0 | AC11: =Z11/X11-1 -> -0.89254403 | AD11: =Z11/Y11-1 -> -0.90301937 | AE11: =AA11/Z11-1 -> -1 | AG11: =$AA11*AG$1 -> 0 | AH11: =$AA11*AH$1 -> 0 | AI11: =$AA11*AI$1 -> 0 | AJ11: =$AA11*AJ$1 -> 0 | AK11: =$AA11*AK$1 -> 0 | AL11: =$AA11*AL$1 -> 0 | AM11: =$AA11*AM$1 -> 0 | AN11: =$AA11*AN$1 -> 0 | ... AR11: =$AA11*AR$1 -> 0
B12: 25052 | C12: Rosewood Miramar Beach; CA | D12: =VLOOKUP($B12, 'Performance data'!$B:$K, 3, 0) -> West | E12: Erin | F12: =VLOOKUP($B12, 'Performance data'!$B:$K, 7, 0) -> 2024 | H12: =VLOOKUP($B12, 'Performance data'!$B:$K, 5, 0) -> NKD24 | I12: Lost | J12: =P12 -> 0 | M12: Lose | O12: =SUMIF('Performance data'!$B:$B, $B12,'Performance data'!K:K) -> 5734 | P12: =SUMIF('Performance data'!$B:$B, $B12,'Performance data'!L:L) -> 0 | Q12: =SUMIF('Performance data'!$B:$B, $B12,'Performance data'!M:M) -> 5000 | S12: =$P12/O12-1 -> -1 | T12: =P12/Q12-1 -> -1 | V12: =SUMIF('Performance data'!$B:$B, $B12,'Performance data'!Z:Z) -> 0 | W12: =SUMIF('Performance data'!$B:$B, $B12,'Performance data'!AA:AA) -> 0 | X12: =SUMIF('Performance data'!$B:$B, $B12,'Performance data'!AB:AB) -> 5734 | Y12: =SUMIF('Performance data'!$B:$B, $B12,'Performance data'!AD:AD) -> 5000 | Z12: =J12 -> 0 | AA12: =K12 -> 0 | AC12: =Z12/X12-1 -> -1 | AD12: =Z12/Y12-1 -> -1 | AE12: =AA12/Z12-1 -> #DIV/0! | AG12: =$AA12*AG$1 -> 0 | AH12: =$AA12*AH$1 -> 0 | AI12: =$AA12*AI$1 -> 0 | AJ12: =$AA12*AJ$1 -> 0 | AK12: =$AA12*AK$1 -> 0 | AL12: =$AA12*AL$1 -> 0 | AM12: =$AA12*AM$1 -> 0 | AN12: =$AA12*AN$1 -> 0 | ... AR12: =$AA12*AR$1 -> 0
B13: 25053 | C13: Bonnie Frances Skin;Phoenix, AZ | D13: =VLOOKUP($B13, 'Performance data'!$B:$K, 3, 0) -> West | E13: Erin | F13: =VLOOKUP($B13, 'Performance data'!$B:$K, 7, 0) -> 2024 | H13: =VLOOKUP($B13, 'Performance data'!$B:$K, 5, 0) -> NKD24 | I13: C | J13: =P13 -> 1846.64 | K13: 2000 | M13: Maintain | O13: =SUMIF('Performance data'!$B:$B, $B13,'Performance data'!K:K) -> 12533.03 | P13: =SUMIF('Performance data'!$B:$B, $B13,'Performance data'!L:L) -> 1846.64 | Q13: =SUMIF('Performance data'!$B:$B, $B13,'Performance data'!M:M) -> 12000 | S13: =$P13/O13-1 -> -0.85265814 | T13: =P13/Q13-1 -> -0.84611333 | V13: =SUMIF('Performance data'!$B:$B, $B13,'Performance data'!Z:Z) -> 0 | W13: =SUMIF('Performance data'!$B:$B, $B13,'Performance data'!AA:AA) -> 0 | X13: =SUMIF('Performance data'!$B:$B, $B13,'Performance data'!AB:AB) -> 12533.03 | Y13: =SUMIF('Performance data'!$B:$B, $B13,'Performance data'!AD:AD) -> 12000 | Z13: =J13 -> 1846.64 | AA13: =K13 -> 2000 | AC13: =Z13/X13-1 -> -0.85265814 | AD13: =Z13/Y13-1 -> -0.84611333 | AE13: =AA13/Z13-1 -> 0.083048131 | AG13: =$AA13*AG$1 -> 160 | AH13: =$AA13*AH$1 -> 160 | AI13: =$AA13*AI$1 -> 180 | AJ13: =$AA13*AJ$1 -> 180 | AK13: =$AA13*AK$1 -> 180 | AL13: =$AA13*AL$1 -> 160 | AM13: =$AA13*AM$1 -> 160 | AN13: =$AA13*AN$1 -> 120 | ... AR13: =$AA13*AR$1 -> 140
B14: 25058 | C14: Five Point Five, Inc. | D14: =VLOOKUP($B14, 'Performance data'!$B:$K, 3, 0) -> West | E14: Erin | F14: =VLOOKUP($B14, 'Performance data'!$B:$K, 7, 0) -> 2024 | H14: =VLOOKUP($B14, 'Performance data'!$B:$K, 5, 0) -> NKD24 | I14: C | J14: =P14 -> 3996 | K14: 4000 | M14: Maintain | O14: =SUMIF('Performance data'!$B:$B, $B14,'Performance data'!K:K) -> 4359.49 | P14: =SUMIF('Performance data'!$B:$B, $B14,'Performance data'!L:L) -> 3996 | Q14: =SUMIF('Performance data'!$B:$B, $B14,'Performance data'!M:M) -> 12000 | S14: =$P14/O14-1 -> -0.083379019 | T14: =P14/Q14-1 -> -0.667 | V14: =SUMIF('Performance data'!$B:$B, $B14,'Performance data'!Z:Z) -> 0 | W14: =SUMIF('Performance data'!$B:$B, $B14,'Performance data'!AA:AA) -> 0 | X14: =SUMIF('Performance data'!$B:$B, $B14,'Performance data'!AB:AB) -> 4359.49 | Y14: =SUMIF('Performance data'!$B:$B, $B14,'Performance data'!AD:AD) -> 12000 | Z14: =J14 -> 3996 | AA14: =K14 -> 4000 | AC14: =Z14/X14-1 -> -0.083379019 | AD14: =Z14/Y14-1 -> -0.667 | AE14: =AA14/Z14-1 -> 0.001001001 | AG14: =$AA14*AG$1 -> 320 | AH14: =$AA14*AH$1 -> 320 | AI14: =$AA14*AI$1 -> 360 | AJ14: =$AA14*AJ$1 -> 360 | AK14: =$AA14*AK$1 -> 360 | AL14: =$AA14*AL$1 -> 320 | AM14: =$AA14*AM$1 -> 320 | AN14: =$AA14*AN$1 -> 240 | ... AR14: =$AA14*AR$1 -> 280
B15: 25059 | C15: Red Rock Tivoli Aestetics | D15: =VLOOKUP($B15, 'Performance data'!$B:$K, 3, 0) -> West | E15: Erin | F15: =VLOOKUP($B15, 'Performance data'!$B:$K, 7, 0) -> 2024 | H15: =VLOOKUP($B15, 'Performance data'!$B:$K, 5, 0) -> NKD24 | I15: C | J15: =P15 -> 5002.82 | K15: 5000 | M15: Maintain | O15: =SUMIF('Performance data'!$B:$B, $B15,'Performance data'!K:K) -> 2469.97 | P15: =SUMIF('Performance data'!$B:$B, $B15,'Performance data'!L:L) -> 5002.82 | Q15: =SUMIF('Performance data'!$B:$B, $B15,'Performance data'!M:M) -> 12000 | S15: =$P15/O15-1 -> 1.0254578 | T15: =P15/Q15-1 -> -0.58309833 | V15: =SUMIF('Performance data'!$B:$B, $B15,'Performance data'!Z:Z) -> 0 | W15: =SUMIF('Performance data'!$B:$B, $B15,'Performance data'!AA:AA) -> 0 | X15: =SUMIF('Performance data'!$B:$B, $B15,'Performance data'!AB:AB) -> 2469.97 | Y15: =SUMIF('Performance data'!$B:$B, $B15,'Performance data'!AD:AD) -> 12000 | Z15: =J15 -> 5002.82 | AA15: =K15 -> 5000 | AC15: =Z15/X15-1 -> 1.0254578 | AD15: =Z15/Y15-1 -> -0.58309833 | AE15: =AA15/Z15-1 -> -0.00056368208 | AG15: =$AA15*AG$1 -> 400 | AH15: =$AA15*AH$1 -> 400 | AI15: =$AA15*AI$1 -> 450 | AJ15: =$AA15*AJ$1 -> 450 | AK15: =$AA15*AK$1 -> 450 | AL15: =$AA15*AL$1 -> 400 | AM15: =$AA15*AM$1 -> 400 | AN15: =$AA15*AN$1 -> 300 | ... AR15: =$AA15*AR$1 -> 350
B16: Total Active Existing Doors | G16: =COUNTIF(G3:G15, "Yes") -> 0 | J16: =SUM(J3:J15) -> 245675.23 | K16: =SUM(K3:K15) -> 200000 | O16: =SUM(O3:O15) -> 343837.12 | P16: =SUM(P3:P15) -> 245675.23 | Q16: =SUM(Q3:Q15) -> 394500 | S16: =$P16/O16-1 -> -0.28548951 | T16: =P16/Q16-1 -> -0.3772491 | V16: =SUM(V3:V15) -> 168177.99 | W16: =SUM(W3:W15) -> 255517.77 | X16: =SUM(X3:X15) -> 343837.12 | Y16: =SUM(Y3:Y15) -> 394500 | Z16: =SUM(Z3:Z15) -> 245675.23 | AA16: =SUM(AA3:AA15) -> 200000 | AC16: =Z16/X16-1 -> -0.28548951 | AD16: =Z16/Y16-1 -> -0.3772491 | AE16: =AA16/Z16-1 -> -0.18591712 | AG16: =SUM(AG3:AG15) -> 16000 | AH16: =SUM(AH3:AH15) -> 16000 | AI16: =SUM(AI3:AI15) -> 18000 | AJ16: =SUM(AJ3:AJ15) -> 18000 | AK16: =SUM(AK3:AK15) -> 18000 | AL16: =SUM(AL3:AL15) -> 16000 | AM16: =SUM(AM3:AM15) -> 16000 | AN16: =SUM(AN3:AN15) -> 12000 | ... AR16: =SUM(AR3:AR15) -> 14000
B20: 25064 | C20: Embracing the Dance of Healing | D20: =VLOOKUP($B20, 'Performance data'!$B:$K, 3, 0) -> West | E20: Erin | F20: =VLOOKUP($B20, 'Performance data'!$B:$K, 7, 0) -> 2025 | H20: =VLOOKUP($B20, 'Performance data'!$B:$K, 5, 0) -> NKD25 | I20: Lost | J20: =P20 -> 2111.76 | M20: Lose | O20: =SUMIF('Performance data'!$B:$B, $B20,'Performance data'!K:K) -> 0 | P20: =SUMIF('Performance data'!$B:$B, $B20,'Performance data'!L:L) -> 2111.76 | Q20: =SUMIF('Performance data'!$B:$B, $B20,'Performance data'!M:M) -> 0 | S20: =$P20/O20-1 -> #DIV/0! | T20: =P20/Q20-1 -> #DIV/0! | V20: =SUMIF('Performance data'!$B:$B, $B20,'Performance data'!Z:Z) -> 0 | W20: =SUMIF('Performance data'!$B:$B, $B20,'Performance data'!AA:AA) -> 0 | X20: =SUMIF('Performance data'!$B:$B, $B20,'Performance data'!AB:AB) -> 0 | Y20: =SUMIF('Performance data'!$B:$B, $B20,'Performance data'!AD:AD) -> 0 | Z20: =J20 -> 2111.76 | AA20: =K20 -> 0 | AC20: =Z20/X20-1 -> #DIV/0! | AD20: =Z20/Y20-1 -> #DIV/0! | AE20: =AA20/Z20-1 -> -1 | AG20: =$AA20*AG$1 -> 0 | AH20: =$AA20*AH$1 -> 0 | AI20: =$AA20*AI$1 -> 0 | AJ20: =$AA20*AJ$1 -> 0 | AK20: =$AA20*AK$1 -> 0 | AL20: =$AA20*AL$1 -> 0 | AM20: =$AA20*AM$1 -> 0 | AN20: =$AA20*AN$1 -> 0 | ... AR20: =$AA20*AR$1 -> 0
B21: 25065 | C21: Cupid Lift Inc., West Hollywood | D21: =VLOOKUP($B21, 'Performance data'!$B:$K, 3, 0) -> West | E21: Erin | F21: =VLOOKUP($B21, 'Performance data'!$B:$K, 7, 0) -> 2025 | H21: =VLOOKUP($B21, 'Performance data'!$B:$K, 5, 0) -> NKD25 | I21: C | J21: =P21 -> 4155 | K21: 5000 | M21: Maintain | O21: =SUMIF('Performance data'!$B:$B, $B21,'Performance data'!K:K) -> 0 | P21: =SUMIF('Performance data'!$B:$B, $B21,'Performance data'!L:L) -> 4155 | Q21: =SUMIF('Performance data'!$B:$B, $B21,'Performance data'!M:M) -> 0 | S21: =$P21/O21-1 -> #DIV/0! | T21: =P21/Q21-1 -> #DIV/0! | V21: =SUMIF('Performance data'!$B:$B, $B21,'Performance data'!Z:Z) -> 0 | W21: =SUMIF('Performance data'!$B:$B, $B21,'Performance data'!AA:AA) -> 0 | X21: =SUMIF('Performance data'!$B:$B, $B21,'Performance data'!AB:AB) -> 0 | Y21: =SUMIF('Performance data'!$B:$B, $B21,'Performance data'!AD:AD) -> 0 | Z21: =J21 -> 4155 | AA21: =K21 -> 5000 | AC21: =Z21/X21-1 -> #DIV/0! | AD21: =Z21/Y21-1 -> #DIV/0! | AE21: =AA21/Z21-1 -> 0.20336943 | AG21: =$AA21*AG$1 -> 400 | AH21: =$AA21*AH$1 -> 400 | AI21: =$AA21*AI$1 -> 450 | AJ21: =$AA21*AJ$1 -> 450 | AK21: =$AA21*AK$1 -> 450 | AL21: =$AA21*AL$1 -> 400 | AM21: =$AA21*AM$1 -> 400 | AN21: =$AA21*AN$1 -> 300 | ... AR21: =$AA21*AR$1 -> 350
B22: 25066 | C22: ARIA Resort & Casino; Las Vegas | D22: =VLOOKUP($B22, 'Performance data'!$B:$K, 3, 0) -> West | E22: Erin | F22: =VLOOKUP($B22, 'Performance data'!$B:$K, 7, 0) -> 2025 | H22: =VLOOKUP($B22, 'Performance data'!$B:$K, 5, 0) -> NKD25 | I22: A+++ | J22: =P22 -> 20154.8 | K22: 30000 | M22: Grow | O22: =SUMIF('Performance data'!$B:$B, $B22,'Performance data'!K:K) -> 0 | P22: =SUMIF('Performance data'!$B:$B, $B22,'Performance data'!L:L) -> 20154.8 | Q22: =SUMIF('Performance data'!$B:$B, $B22,'Performance data'!M:M) -> 0 | S22: =$P22/O22-1 -> #DIV/0! | T22: =P22/Q22-1 -> #DIV/0! | V22: =SUMIF('Performance data'!$B:$B, $B22,'Performance data'!Z:Z) -> 0 | W22: =SUMIF('Performance data'!$B:$B, $B22,'Performance data'!AA:AA) -> 0 | X22: =SUMIF('Performance data'!$B:$B, $B22,'Performance data'!AB:AB) -> 0 | Y22: =SUMIF('Performance data'!$B:$B, $B22,'Performance data'!AD:AD) -> 0 | Z22: =J22 -> 20154.8 | AA22: =K22 -> 30000 | AC22: =Z22/X22-1 -> #DIV/0! | AD22: =Z22/Y22-1 -> #DIV/0! | AE22: =AA22/Z22-1 -> 0.48847917 | AG22: =$AA22*AG$1 -> 2400 | AH22: =$AA22*AH$1 -> 2400 | AI22: =$AA22*AI$1 -> 2700 | AJ22: =$AA22*AJ$1 -> 2700 | AK22: =$AA22*AK$1 -> 2700 | AL22: =$AA22*AL$1 -> 2400 | AM22: =$AA22*AM$1 -> 2400 | AN22: =$AA22*AN$1 -> 1800 | ... AR22: =$AA22*AR$1 -> 2100
B23: 25067 | C23: The Ritz-Carlton, Half Moon Bay LLC | D23: =VLOOKUP($B23, 'Performance data'!$B:$K, 3, 0) -> West | E23: Erin | F23: =VLOOKUP($B23, 'Performance data'!$B:$K, 7, 0) -> 2025 | H23: =VLOOKUP($B23, 'Performance data'!$B:$K, 5, 0) -> NKD25 | I23: A+++ | J23: =P23 -> 25962.32 | K23: 30000 | M23: Grow | O23: =SUMIF('Performance data'!$B:$B, $B23,'Performance data'!K:K) -> 0 | P23: =SUMIF('Performance data'!$B:$B, $B23,'Performance data'!L:L) -> 25962.32 | Q23: =SUMIF('Performance data'!$B:$B, $B23,'Performance data'!M:M) -> 0 | S23: =$P23/O23-1 -> #DIV/0! | T23: =P23/Q23-1 -> #DIV/0! | V23: =SUMIF('Performance data'!$B:$B, $B23,'Performance data'!Z:Z) -> 0 | W23: =SUMIF('Performance data'!$B:$B, $B23,'Performance data'!AA:AA) -> 0 | X23: =SUMIF('Performance data'!$B:$B, $B23,'Performance data'!AB:AB) -> 0 | Y23: =SUMIF('Performance data'!$B:$B, $B23,'Performance data'!AD:AD) -> 0 | Z23: =J23 -> 25962.32 | AA23: =K23 -> 30000 | AC23: =Z23/X23-1 -> #DIV/0! | AD23: =Z23/Y23-1 -> #DIV/0! | AE23: =AA23/Z23-1 -> 0.15552077 | AG23: =$AA23*AG$1 -> 2400 | AH23: =$AA23*AH$1 -> 2400 | AI23: =$AA23*AI$1 -> 2700 | AJ23: =$AA23*AJ$1 -> 2700 | AK23: =$AA23*AK$1 -> 2700 | AL23: =$AA23*AL$1 -> 2400 | AM23: =$AA23*AM$1 -> 2400 | AN23: =$AA23*AN$1 -> 1800 | ... AR23: =$AA23*AR$1 -> 2100
B24: 25072 | C24: Balboa Bay Club Ventures LLC | D24: =VLOOKUP($B24, 'Performance data'!$B:$K, 3, 0) -> West | E24: Erin | F24: =VLOOKUP($B24, 'Performance data'!$B:$K, 7, 0) -> 2025 | H24: =VLOOKUP($B24, 'Performance data'!$B:$K, 5, 0) -> NKD25 | I24: B | J24: =P24 -> 8683.91 | K24: 12000 | M24: Grow | O24: =SUMIF('Performance data'!$B:$B, $B24,'Performance data'!K:K) -> 0 | P24: =SUMIF('Performance data'!$B:$B, $B24,'Performance data'!L:L) -> 8683.91 | Q24: =SUMIF('Performance data'!$B:$B, $B24,'Performance data'!M:M) -> 0 | S24: =$P24/O24-1 -> #DIV/0! | T24: =P24/Q24-1 -> #DIV/0! | V24: =SUMIF('Performance data'!$B:$B, $B24,'Performance data'!Z:Z) -> 0 | W24: =SUMIF('Performance data'!$B:$B, $B24,'Performance data'!AA:AA) -> 0 | X24: =SUMIF('Performance data'!$B:$B, $B24,'Performance data'!AB:AB) -> 0 | Y24: =SUMIF('Performance data'!$B:$B, $B24,'Performance data'!AD:AD) -> 0 | Z24: =J24 -> 8683.91 | AA24: =K24 -> 12000 | AC24: =Z24/X24-1 -> #DIV/0! | AD24: =Z24/Y24-1 -> #DIV/0! | AE24: =AA24/Z24-1 -> 0.381866 | AG24: =$AA24*AG$1 -> 960 | AH24: =$AA24*AH$1 -> 960 | AI24: =$AA24*AI$1 -> 1080 | AJ24: =$AA24*AJ$1 -> 1080 | AK24: =$AA24*AK$1 -> 1080 | AL24: =$AA24*AL$1 -> 960 | AM24: =$AA24*AM$1 -> 960 | AN24: =$AA24*AN$1 -> 720 | ... AR24: =$AA24*AR$1 -> 840
B25: NKD25 | C25: New doors 2025 | D25: West | E25: Erin | F25: 2025 | H25: NKD25 | O25: 0 | P25: 0 | Q25: =SUMIFS('2025 budget doc'!$AC:$AC, '2025 budget doc'!$B:$B, "NKD25", '2025 budget doc'!$E:$E, $D25) -> 106200 | S25: =$P25/O25-1 -> #DIV/0! | T25: =P25/Q25-1 -> -1 | V25: 0 | W25: 0 | X25: 0 | Y25: =SUMIFS('2025 budget doc'!$L:$L, '2025 budget doc'!$B:$B, "NKD25", '2025 budget doc'!$E:$E, $D25) -> 180000 | Z25: =J25 -> 0 | AA25: =K25 -> 0 | AC25: =Z25/X25-1 -> #DIV/0! | AD25: =Z25/Y25-1 -> -1 | AE25: =AA25/Z25-1 -> #DIV/0! | AG25: =$AA25*AG$1 -> 0 | AH25: =$AA25*AH$1 -> 0 | AI25: =$AA25*AI$1 -> 0 | AJ25: =$AA25*AJ$1 -> 0 | AK25: =$AA25*AK$1 -> 0 | AL25: =$AA25*AL$1 -> 0 | AM25: =$AA25*AM$1 -> 0 | AN25: =$AA25*AN$1 -> 0 | ... AR25: =$AA25*AR$1 -> 0
B27: Total New Doors 2025 | G27: =COUNTIF(G20:G24, "Yes")+G25 -> 0 | J27: =SUM(J20:J25) -> 61067.79 | K27: =SUM(K20:K25) -> 77000 | O27: =SUM(O20:O25) -> 0 | P27: =SUM(P20:P25) -> 61067.79 | Q27: =SUM(Q20:Q25) -> 106200 | S27: =$P27/O27-1 -> #DIV/0! | T27: =P27/Q27-1 -> -0.42497373 | V27: =SUM(V20:V25) -> 0 | W27: =SUM(W20:W25) -> 0 | X27: =SUM(X20:X25) -> 0 | Y27: =SUM(Y20:Y25) -> 180000 | Z27: =SUM(Z20:Z25) -> 61067.79 | AA27: =SUM(AA20:AA25) -> 77000 | AC27: =Z27/X27-1 -> #DIV/0! | AD27: =Z27/Y27-1 -> -0.6607345 | AE27: =AA27/Z27-1 -> 0.26089384 | AG27: =SUM(AG20:AG25) -> 6160 | AH27: =SUM(AH20:AH25) -> 6160 | AI27: =SUM(AI20:AI25) -> 6930 | AJ27: =SUM(AJ20:AJ25) -> 6930 | AK27: =SUM(AK20:AK25) -> 6930 | AL27: =SUM(AL20:AL25) -> 6160 | AM27: =SUM(AM20:AM25) -> 6160 | AN27: =SUM(AN20:AN25) -> 4620 | ... AR27: =SUM(AR20:AR25) -> 5390
AY30: =AV31 -> 1 | AZ30: =AW31 -> 1 | BA30: =AX31+AV31 -> 2 | BB30: =AY31+AW31 -> 1 | BC30: =AZ31+AX31+AV31 -> 3 | BD30: =BA31+AY31+AW31 -> 2 | BE30: =BB31+AZ31+AX31+AV31 -> 3 | BF30: =BC31+BA31+AY31+AW31 -> 3
B31: NKD26 | C31: New doors 2026 | D31: West | E31: Erin | F31: 2026 | G31: 8 | H31: NKD26 | K31: 100000 | O31: 0 | P31: 0 | Q31: 0 | S31: =$P31/O31-1 -> #DIV/0! | T31: =P31/Q31-1 -> #DIV/0! | V31: 0 | W31: 0 | X31: 0 | Y31: 0 | Z31: =J31 -> 0 | AA31: =K31 -> 100000 | AC31: =Z31/X31-1 -> #DIV/0! | AD31: =Z31/Y31-1 -> #DIV/0! | AE31: =AA31/Z31-1 -> #DIV/0! | AG31: =AU31*5000+AU30*4000 -> 0 | AH31: =AV31*5000+AV30*4000 -> 5000 | AI31: =AW31*5000+AW30*4000 -> 5000 | AJ31: =AX31*5000+AX30*4000 -> 5000 | AK31: =AY31*5000+AY30*4000 -> 4000 | AL31: =AZ31*5000+AZ30*4000 -> 9000 | AM31: =BA31*5000+BA30*4000-2000 -> 11000 | AN31: =BB31*5000+BB30*4000 -> 4000 | AO31: =BC31*5000+BC30*4000 -> 17000 | AP31: =BD31*5000+BD30*4000 -> 13000 | AQ31: =BE31*5000+BE30*4000 -> 17000 | AR31: =BF31*5000+BF30*4000-2000 -> 10000 | AV31: 1 | AW31: 1 | AX31: 1 | AZ31: 1 | BA31: 1 | BC31: 1 | BD31: 1 | BE31: 1
B33: Total New Doors 2026 | G33: =COUNTIF(G30:G30, "Yes")+G31 -> 8 | J33: =SUM(J30:J31) -> 0 | K33: =SUM(K30:K31) -> 100000 | O33: =SUM(O30:O31) -> 0 | P33: =SUM(P30:P31) -> 0 | Q33: =SUM(Q30:Q31) -> 0 | S33: =$P33/O33-1 -> #DIV/0! | T33: =P33/Q33-1 -> #DIV/0! | V33: =SUM(V30:V31) -> 0 | W33: =SUM(W30:W31) -> 0 | X33: =SUM(X30:X31) -> 0 | Y33: =SUM(Y30:Y31) -> 0 | Z33: =SUM(Z30:Z31) -> 0 | AA33: =SUM(AA30:AA31) -> 100000 | AC33: =Z33/X33-1 -> #DIV/0! | AD33: =Z33/Y33-1 -> #DIV/0! | AE33: =AA33/Z33-1 -> #DIV/0! | AG33: =SUM(AG30:AG31) -> 0 | AH33: =SUM(AH30:AH31) -> 5000 | AI33: =SUM(AI30:AI31) -> 5000 | AJ33: =SUM(AJ30:AJ31) -> 5000 | AK33: =SUM(AK30:AK31) -> 4000 | AL33: =SUM(AL30:AL31) -> 9000 | AM33: =SUM(AM30:AM31) -> 11000 | AN33: =SUM(AN30:AN31) -> 4000 | ... AR33: =SUM(AR30:AR31) -> 10000

Sheet Southeast
O1: Year to date | P1: Year to date | Q1: Year to date | S1: Year to date | T1: Year to date | V1: Full year | W1: Full year | X1: Full year | Y1: Full year | Z1: Full year | AA1: Full year | AC1: Full year | AD1: Full year | AE1: Full year | AG1: 0.08 | AH1: 0.08 | AI1: 0.09 | AJ1: 0.09 | AK1: 0.09 | AL1: 0.08 | AM1: 0.08 | AN1: 0.06 | AO1: 0.09 | AP1: 0.1 | AQ1: 0.09 | AR1: 0.07
B2: Customer Code | C2: Customer Name | D2: Region | E2: Sales person | F2: New door year | G2: Active? | H2: 2025 Cluster | I2: 2026 Cluster | J2: 2025A | K2: 2026B | L2: Size indicator | M2: Customer Growth Class | O2: 2024 YTD | P2: 2025 YTD | Q2: 2025B YTD | S2: 25 vs 24 % | T2: 25 vs 25B % | V2: 2022 | W2: 2023 | X2: 2024 | Y2: 2025B | Z2: 2025A | AA2: 2026B | AC2: 25 vs 24 % | AD2: 25 vs 25B % | AE2: 26B vs 25A % | AG2: 46023 | AH2: 46054 | AI2: 46082 | AJ2: 46113 | AK2: 46143 | AL2: 46174 | AM2: 46204 | AN2: 46235 | AO2: 46266 | AP2: 46296 | AQ2: 46327 | AR2: 46357
B3: 25010 | C3: Four Seasons Hotel, Fort Lauderdale; FL | D3: =VLOOKUP($B3, 'Performance data'!$B:$K, 3, 0) -> Southeast | E3: Bethany | F3: =VLOOKUP($B3, 'Performance data'!$B:$K, 7, 0) -> 2022 | H3: =VLOOKUP($B3, 'Performance data'!$B:$K, 5, 0) -> A | I3: A+++ | J3: =P3 -> 37341.28 | K3: 45000 | M3: Grow | O3: =SUMIF('Performance data'!$B:$B, $B3,'Performance data'!K:K) -> 45516.32 | P3: =SUMIF('Performance data'!$B:$B, $B3,'Performance data'!L:L) -> 37341.28 | Q3: =SUMIF('Performance data'!$B:$B, $B3,'Performance data'!M:M) -> 50000 | S3: =$P3/O3-1 -> -0.17960679 | T3: =P3/Q3-1 -> -0.2531744 | V3: =SUMIF('Performance data'!$B:$B, $B3,'Performance data'!Z:Z) -> 54627.81 | W3: =SUMIF('Performance data'!$B:$B, $B3,'Performance data'!AA:AA) -> 53276.36 | X3: =SUMIF('Performance data'!$B:$B, $B3,'Performance data'!AB:AB) -> 45516.32 | Y3: =SUMIF('Performance data'!$B:$B, $B3,'Performance data'!AD:AD) -> 50000 | Z3: =J3 -> 37341.28 | AA3: =K3 -> 45000 | AC3: =Z3/X3-1 -> -0.17960679 | AD3: =Z3/Y3-1 -> -0.2531744 | AE3: =AA3/Z3-1 -> 0.20510063 | AG3: =$AA3*AG$1 -> 3600 | AH3: =$AA3*AH$1 -> 3600 | AI3: =$AA3*AI$1 -> 4050 | AJ3: =$AA3*AJ$1 -> 4050 | AK3: =$AA3*AK$1 -> 4050 | AL3: =$AA3*AL$1 -> 3600 | AM3: =$AA3*AM$1 -> 3600 | AN3: =$AA3*AN$1 -> 2700 | ... AR3: =$AA3*AR$1 -> 3150
B4: 25002 | C4: Porto Vita/Villa Grande Club; Fl | D4: =VLOOKUP($B4, 'Performance data'!$B:$K, 3, 0) -> Southeast | E4: Bethany | F4: =VLOOKUP($B4, 'Performance data'!$B:$K, 7, 0) -> 2021 | H4: =VLOOKUP($B4, 'Performance data'!$B:$K, 5, 0) -> B | I4: A | J4: =P4 -> 25700.67 | K4: 27000 | M4: Grow | O4: =SUMIF('Performance data'!$B:$B, $B4,'Performance data'!K:K) -> 18065.78 | P4: =SUMIF('Performance data'!$B:$B, $B4,'Performance data'!L:L) -> 25700.67 | Q4: =SUMIF('Performance data'!$B:$B, $B4,'Performance data'!M:M) -> 20000 | S4: =$P4/O4-1 -> 0.42261613 | T4: =P4/Q4-1 -> 0.2850335 | V4: =SUMIF('Performance data'!$B:$B, $B4,'Performance data'!Z:Z) -> 16004.09 | W4: =SUMIF('Performance data'!$B:$B, $B4,'Performance data'!AA:AA) -> 7361.64 | X4: =SUMIF('Performance data'!$B:$B, $B4,'Performance data'!AB:AB) -> 18065.78 | Y4: =SUMIF('Performance data'!$B:$B, $B4,'Performance data'!AD:AD) -> 20000 | Z4: =J4 -> 25700.67 | AA4: =K4 -> 27000 | AC4: =Z4/X4-1 -> 0.42261613 | AD4: =Z4/Y4-1 -> 0.2850335 | AE4: =AA4/Z4-1 -> 0.05055627 | AG4: =$AA4*AG$1 -> 2160 | AH4: =$AA4*AH$1 -> 2160 | AI4: =$AA4*AI$1 -> 2430 | AJ4: =$AA4*AJ$1 -> 2430 | AK4: =$AA4*AK$1 -> 2430 | AL4: =$AA4*AL$1 -> 2160 | AM4: =$AA4*AM$1 -> 2160 | AN4: =$AA4*AN$1 -> 1620 | ... AR4: =$AA4*AR$1 -> 1890
B5: 25016 | C5: Williams Island POA, Inc.Florida | D5: =VLOOKUP($B5, 'Performance data'!$B:$K, 3, 0) -> Southeast | E5: Bethany | F5: =VLOOKUP($B5, 'Performance data'!$B:$K, 7, 0) -> 2022 | H5: =VLOOKUP($B5, 'Performance data'!$B:$K, 5, 0) -> B | I5: C | J5: =P5 -> 3383.22 | K5: 5000 | M5: Maintain | O5: =SUMIF('Performance data'!$B:$B, $B5,'Performance data'!K:K) -> 11466.5 | P5: =SUMIF('Performance data'!$B:$B, $B5,'Performance data'!L:L) -> 3383.22 | Q5: =SUMIF('Performance data'!$B:$B, $B5,'Performance data'!M:M) -> 12000 | S5: =$P5/O5-1 -> -0.70494746 | T5: =P5/Q5-1 -> -0.718065 | V5: =SUMIF('Performance data'!$B:$B, $B5,'Performance data'!Z:Z) -> 11106.15 | W5: =SUMIF('Performance data'!$B:$B, $B5,'Performance data'!AA:AA) -> 7571.13 | X5: =SUMIF('Performance data'!$B:$B, $B5,'Performance data'!AB:AB) -> 11466.5 | Y5: =SUMIF('Performance data'!$B:$B, $B5,'Performance data'!AD:AD) -> 12000 | Z5: =J5 -> 3383.22 | AA5: =K5 -> 5000 | AC5: =Z5/X5-1 -> -0.70494746 | AD5: =Z5/Y5-1 -> -0.718065 | AE5: =AA5/Z5-1 -> 0.47788202 | AG5: =$AA5*AG$1 -> 400 | AH5: =$AA5*AH$1 -> 400 | AI5: =$AA5*AI$1 -> 450 | AJ5: =$AA5*AJ$1 -> 450 | AK5: =$AA5*AK$1 -> 450 | AL5: =$AA5*AL$1 -> 400 | AM5: =$AA5*AM$1 -> 400 | AN5: =$AA5*AN$1 -> 300 | ... AR5: =$AA5*AR$1 -> 350
B6: 25026 | C6: JW Marriott Miami Turnberry | D6: =VLOOKUP($B6, 'Performance data'!$B:$K, 3, 0) -> Southeast | E6: Bethany | F6: =VLOOKUP($B6, 'Performance data'!$B:$K, 7, 0) -> 2023 | H6: =VLOOKUP($B6, 'Performance data'!$B:$K, 5, 0) -> C | I6: C | J6: =P6 -> 3885.2 | K6: 5000 | M6: Maintain | O6: =SUMIF('Performance data'!$B:$B, $B6,'Performance data'!K:K) -> 3224.75 | P6: =SUMIF('Performance data'!$B:$B, $B6,'Performance data'!L:L) -> 3885.2 | Q6: =SUMIF('Performance data'!$B:$B, $B6,'Performance data'!M:M) -> 5000 | S6: =$P6/O6-1 -> 0.20480657 | T6: =P6/Q6-1 -> -0.22296 | V6: =SUMIF('Performance data'!$B:$B, $B6,'Performance data'!Z:Z) -> 0 | W6: =SUMIF('Performance data'!$B:$B, $B6,'Performance data'!AA:AA) -> 10735.11 | X6: =SUMIF('Performance data'!$B:$B, $B6,'Performance data'!AB:AB) -> 3224.75 | Y6: =SUMIF('Performance data'!$B:$B, $B6,'Performance data'!AD:AD) -> 5000 | Z6: =J6 -> 3885.2 | AA6: =K6 -> 5000 | AC6: =Z6/X6-1 -> 0.20480657 | AD6: =Z6/Y6-1 -> -0.22296 | AE6: =AA6/Z6-1 -> 0.28693504 | AG6: =$AA6*AG$1 -> 400 | AH6: =$AA6*AH$1 -> 400 | AI6: =$AA6*AI$1 -> 450 | AJ6: =$AA6*AJ$1 -> 450 | AK6: =$AA6*AK$1 -> 450 | AL6: =$AA6*AL$1 -> 400 | AM6: =$AA6*AM$1 -> 400 | AN6: =$AA6*AN$1 -> 300 | ... AR6: =$AA6*AR$1 -> 350
B7: 25029 | C7: Ana Molinari Inc.; FL | D7: =VLOOKUP($B7, 'Performance data'!$B:$K, 3, 0) -> Southeast | E7: Bethany | F7: =VLOOKUP($B7, 'Performance data'!$B:$K, 7, 0) -> 2023 | H7: =VLOOKUP($B7, 'Performance data'!$B:$K, 5, 0) -> C | I7: C | J7: =P7 -> 4862.18 | K7: 5000 | M7: Maintain | O7: =SUMIF('Performance data'!$B:$B, $B7,'Performance data'!K:K) -> 7659.26 | P7: =SUMIF('Performance data'!$B:$B, $B7,'Performance data'!L:L) -> 4862.18 | Q7: =SUMIF('Performance data'!$B:$B, $B7,'Performance data'!M:M) -> 8000 | S7: =$P7/O7-1 -> -0.36518933 | T7: =P7/Q7-1 -> -0.3922275 | V7: =SUMIF('Performance data'!$B:$B, $B7,'Performance data'!Z:Z) -> 0 | W7: =SUMIF('Performance data'!$B:$B, $B7,'Performance data'!AA:AA) -> 3872.89 | X7: =SUMIF('Performance data'!$B:$B, $B7,'Performance data'!AB:AB) -> 7659.26 | Y7: =SUMIF('Performance data'!$B:$B, $B7,'Performance data'!AD:AD) -> 8000 | Z7: =J7 -> 4862.18 | AA7: =K7 -> 5000 | AC7: =Z7/X7-1 -> -0.36518933 | AD7: =Z7/Y7-1 -> -0.3922275 | AE7: =AA7/Z7-1 -> 0.02834531 | AG7: =$AA7*AG$1 -> 400 | AH7: =$AA7*AH$1 -> 400 | AI7: =$AA7*AI$1 -> 450 | AJ7: =$AA7*AJ$1 -> 450 | AK7: =$AA7*AK$1 -> 450 | AL7: =$AA7*AL$1 -> 400 | AM7: =$AA7*AM$1 -> 400 | AN7: =$AA7*AN$1 -> 300 | ... AR7: =$AA7*AR$1 -> 350
B8: 25040 | C8: AMG Investments LLC, Hurram Hammam; Fl | D8: =VLOOKUP($B8, 'Performance data'!$B:$K, 3, 0) -> Southeast | E8: Bethany | F8: =VLOOKUP($B8, 'Performance data'!$B:$K, 7, 0) -> 2023 | H8: =VLOOKUP($B8, 'Performance data'!$B:$K, 5, 0) -> C | I8: B | J8: =P8 -> 9408.99 | K8: 10000 | M8: Maintain | O8: =SUMIF('Performance data'!$B:$B, $B8,'Performance data'!K:K) -> 7421.06 | P8: =SUMIF('Performance data'!$B:$B, $B8,'Performance data'!L:L) -> 9408.99 | Q8: =SUMIF('Performance data'!$B:$B, $B8,'Performance data'!M:M) -> 8000 | S8: =$P8/O8-1 -> 0.26787683 | T8: =P8/Q8-1 -> 0.17612375 | V8: =SUMIF('Performance data'!$B:$B, $B8,'Performance data'!Z:Z) -> 0 | W8: =SUMIF('Performance data'!$B:$B, $B8,'Performance data'!AA:AA) -> 6216.36 | X8: =SUMIF('Performance data'!$B:$B, $B8,'Performance data'!AB:AB) -> 7421.06 | Y8: =SUMIF('Performance data'!$B:$B, $B8,'Performance data'!AD:AD) -> 8000 | Z8: =J8 -> 9408.99 | AA8: =K8 -> 10000 | AC8: =Z8/X8-1 -> 0.26787683 | AD8: =Z8/Y8-1 -> 0.17612375 | AE8: =AA8/Z8-1 -> 0.062813331 | AG8: =$AA8*AG$1 -> 800 | AH8: =$AA8*AH$1 -> 800 | AI8: =$AA8*AI$1 -> 900 | AJ8: =$AA8*AJ$1 -> 900 | AK8: =$AA8*AK$1 -> 900 | AL8: =$AA8*AL$1 -> 800 | AM8: =$AA8*AM$1 -> 800 | AN8: =$AA8*AN$1 -> 600 | ... AR8: =$AA8*AR$1 -> 700
B9: 25043 | C9: Jupiter Island Holdings, Inc.; Fl | D9: =VLOOKUP($B9, 'Performance data'!$B:$K, 3, 0) -> Southeast | E9: Bethany | F9: =VLOOKUP($B9, 'Performance data'!$B:$K, 7, 0) -> 2023 | H9: =VLOOKUP($B9, 'Performance data'!$B:$K, 5, 0) -> C | I9: C | J9: =P9 -> 3635 | K9: 5000 | M9: Maintain | O9: =SUMIF('Performance data'!$B:$B, $B9,'Performance data'!K:K) -> 2916 | P9: =SUMIF('Performance data'!$B:$B, $B9,'Performance data'!L:L) -> 3635 | Q9: =SUMIF('Performance data'!$B:$B, $B9,'Performance data'!M:M) -> 3000 | S9: =$P9/O9-1 -> 0.24657064 | T9: =P9/Q9-1 -> 0.21166667 | V9: =SUMIF('Performance data'!$B:$B, $B9,'Performance data'!Z:Z) -> 0 | W9: =SUMIF('Performance data'!$B:$B, $B9,'Performance data'!AA:AA) -> 1212 | X9: =SUMIF('Performance data'!$B:$B, $B9,'Performance data'!AB:AB) -> 2916 | Y9: =SUMIF('Performance data'!$B:$B, $B9,'Performance data'!AD:AD) -> 3000 | Z9: =J9 -> 3635 | AA9: =K9 -> 5000 | AC9: =Z9/X9-1 -> 0.24657064 | AD9: =Z9/Y9-1 -> 0.21166667 | AE9: =AA9/Z9-1 -> 0.37551582 | AG9: =$AA9*AG$1 -> 400 | AH9: =$AA9*AH$1 -> 400 | AI9: =$AA9*AI$1 -> 450 | AJ9: =$AA9*AJ$1 -> 450 | AK9: =$AA9*AK$1 -> 450 | AL9: =$AA9*AL$1 -> 400 | AM9: =$AA9*AM$1 -> 400 | AN9: =$AA9*AN$1 -> 300 | ... AR9: =$AA9*AR$1 -> 350
B10: 25008 | C10: Stars Skincare Med Spa, Florida | D10: =VLOOKUP($B10, 'Performance data'!$B:$K, 3, 0) -> Southeast | E10: Bethany | F10: =VLOOKUP($B10, 'Performance data'!$B:$K, 7, 0) -> 2021 | H10: =VLOOKUP($B10, 'Performance data'!$B:$K, 5, 0) -> N/A | I10: Lost | J10: =P10 -> 0 | M10: Lose | O10: =SUMIF('Performance data'!$B:$B, $B10,'Performance data'!K:K) -> 0 | P10: =SUMIF('Performance data'!$B:$B, $B10,'Performance data'!L:L) -> 0 | Q10: =SUMIF('Performance data'!$B:$B, $B10,'Performance data'!M:M) -> 0 | S10: =$P10/O10-1 -> #DIV/0! | T10: =P10/Q10-1 -> #DIV/0! | V10: =SUMIF('Performance data'!$B:$B, $B10,'Performance data'!Z:Z) -> 1083 | W10: =SUMIF('Performance data'!$B:$B, $B10,'Performance data'!AA:AA) -> 1129.5 | X10: =SUMIF('Performance data'!$B:$B, $B10,'Performance data'!AB:AB) -> 0 | Y10: =SUMIF('Performance data'!$B:$B, $B10,'Performance data'!AD:AD) -> 0 | Z10: =J10 -> 0 | AA10: =K10 -> 0 | AC10: =Z10/X10-1 -> #DIV/0! | AD10: =Z10/Y10-1 -> #DIV/0! | AE10: =AA10/Z10-1 -> #DIV/0! | AG10: =$AA10*AG$1 -> 0 | AH10: =$AA10*AH$1 -> 0 | AI10: =$AA10*AI$1 -> 0 | AJ10: =$AA10*AJ$1 -> 0 | AK10: =$AA10*AK$1 -> 0 | AL10: =$AA10*AL$1 -> 0 | AM10: =$AA10*AM$1 -> 0 | AN10: =$AA10*AN$1 -> 0 | ... AR10: =$AA10*AR$1 -> 0
B11: 25024 | C11: Mt. Bailey Holdings, LLC; Four Seasons Hotel Atlanta | D11: =VLOOKUP($B11, 'Performance data'!$B:$K, 3, 0) -> Southeast | E11: Bethany | F11: =VLOOKUP($B11, 'Performance data'!$B:$K, 7, 0) -> 2022 | H11: =VLOOKUP($B11, 'Performance data'!$B:$K, 5, 0) -> N/A | I11: Lost | J11: =P11 -> 0 | M11: Lose | O11: =SUMIF('Performance data'!$B:$B, $B11,'Performance data'!K:K) -> 0 | P11: =SUMIF('Performance data'!$B:$B, $B11,'Performance data'!L:L) -> 0 | Q11: =SUMIF('Performance data'!$B:$B, $B11,'Performance data'!M:M) -> 0 | S11: =$P11/O11-1 -> #DIV/0! | T11: =P11/Q11-1 -> #DIV/0! | V11: =SUMIF('Performance data'!$B:$B, $B11,'Performance data'!Z:Z) -> 7009.6 | W11: =SUMIF('Performance data'!$B:$B, $B11,'Performance data'!AA:AA) -> 2544.24 | X11: =SUMIF('Performance data'!$B:$B, $B11,'Performance data'!AB:AB) -> 0 | Y11: =SUMIF('Performance data'!$B:$B, $B11,'Performance data'!AD:AD) -> 0 | Z11: =J11 -> 0 | AA11: =K11 -> 0 | AC11: =Z11/X11-1 -> #DIV/0! | AD11: =Z11/Y11-1 -> #DIV/0! | AE11: =AA11/Z11-1 -> #DIV/0! | AG11: =$AA11*AG$1 -> 0 | AH11: =$AA11*AH$1 -> 0 | AI11: =$AA11*AI$1 -> 0 | AJ11: =$AA11*AJ$1 -> 0 | AK11: =$AA11*AK$1 -> 0 | AL11: =$AA11*AL$1 -> 0 | AM11: =$AA11*AM$1 -> 0 | AN11: =$AA11*AN$1 -> 0 | ... AR11: =$AA11*AR$1 -> 0
B12: 25047 | C12: Four Seasons Resort Orlando,FL | D12: =VLOOKUP($B12, 'Performance data'!$B:$K, 3, 0) -> Southeast | E12: Bethany | F12: =VLOOKUP($B12, 'Performance data'!$B:$K, 7, 0) -> 2024 | H12: =VLOOKUP($B12, 'Performance data'!$B:$K, 5, 0) -> NKD24 | I12: A+ | J12: =P12 -> 29214.71 | K12: 35000 | M12: Grow | O12: =SUMIF('Performance data'!$B:$B, $B12,'Performance data'!K:K) -> 37356.63 | P12: =SUMIF('Performance data'!$B:$B, $B12,'Performance data'!L:L) -> 29214.71 | Q12: =SUMIF('Performance data'!$B:$B, $B12,'Performance data'!M:M) -> 45000 | S12: =$P12/O12-1 -> -0.21795114 | T12: =P12/Q12-1 -> -0.35078422 | V12: =SUMIF('Performance data'!$B:$B, $B12,'Performance data'!Z:Z) -> 0 | W12: =SUMIF('Performance data'!$B:$B, $B12,'Performance data'!AA:AA) -> 0 | X12: =SUMIF('Performance data'!$B:$B, $B12,'Performance data'!AB:AB) -> 37356.63 | Y12: =SUMIF('Performance data'!$B:$B, $B12,'Performance data'!AD:AD) -> 45000 | Z12: =J12 -> 29214.71 | AA12: =K12 -> 35000 | AC12: =Z12/X12-1 -> -0.21795114 | AD12: =Z12/Y12-1 -> -0.35078422 | AE12: =AA12/Z12-1 -> 0.19802661 | AG12: =$AA12*AG$1 -> 2800 | AH12: =$AA12*AH$1 -> 2800 | AI12: =$AA12*AI$1 -> 3150 | AJ12: =$AA12*AJ$1 -> 3150 | AK12: =$AA12*AK$1 -> 3150 | AL12: =$AA12*AL$1 -> 2800 | AM12: =$AA12*AM$1 -> 2800 | AN12: =$AA12*AN$1 -> 2100 | ... AR12: =$AA12*AR$1 -> 2450
B13: 25055 | C13: USREC Banyan Cay Resort LLC | D13: =VLOOKUP($B13, 'Performance data'!$B:$K, 3, 0) -> Southeast | E13: Bethany | F13: =VLOOKUP($B13, 'Performance data'!$B:$K, 7, 0) -> 2024 | H13: =VLOOKUP($B13, 'Performance data'!$B:$K, 5, 0) -> NKD24 | I13: B | J13: =P13 -> 3791.52 | K13: 12000 | M13: Grow | O13: =SUMIF('Performance data'!$B:$B, $B13,'Performance data'!K:K) -> 17321.72 | P13: =SUMIF('Performance data'!$B:$B, $B13,'Performance data'!L:L) -> 3791.52 | Q13: =SUMIF('Performance data'!$B:$B, $B13,'Performance data'!M:M) -> 12000 | S13: =$P13/O13-1 -> -0.78111181 | T13: =P13/Q13-1 -> -0.68404 | V13: =SUMIF('Performance data'!$B:$B, $B13,'Performance data'!Z:Z) -> 0 | W13: =SUMIF('Performance data'!$B:$B, $B13,'Performance data'!AA:AA) -> 0 | X13: =SUMIF('Performance data'!$B:$B, $B13,'Performance data'!AB:AB) -> 17321.72 | Y13: =SUMIF('Performance data'!$B:$B, $B13,'Performance data'!AD:AD) -> 12000 | Z13: =J13 -> 3791.52 | AA13: =K13 -> 12000 | AC13: =Z13/X13-1 -> -0.78111181 | AD13: =Z13/Y13-1 -> -0.68404 | AE13: =AA13/Z13-1 -> 2.1649576 | AG13: =$AA13*AG$1 -> 960 | AH13: =$AA13*AH$1 -> 960 | AI13: =$AA13*AI$1 -> 1080 | AJ13: =$AA13*AJ$1 -> 1080 | AK13: =$AA13*AK$1 -> 1080 | AL13: =$AA13*AL$1 -> 960 | AM13: =$AA13*AM$1 -> 960 | AN13: =$AA13*AN$1 -> 720 | ... AR13: =$AA13*AR$1 -> 840
B14: Total Active Existing Doors | G14: =COUNTIF(G3:G13, "Yes") -> 0 | J14: =SUM(J3:J13) -> 121222.77 | K14: =SUM(K3:K13) -> 149000 | O14: =SUM(O3:O13) -> 150948.02 | P14: =SUM(P3:P13) -> 121222.77 | Q14: =SUM(Q3:Q13) -> 163000 | S14: =$P14/O14-1 -> -0.19692375 | T14: =P14/Q14-1 -> -0.25630202 | V14: =SUM(V3:V13) -> 89830.65 | W14: =SUM(W3:W13) -> 93919.23 | X14: =SUM(X3:X13) -> 150948.02 | Y14: =SUM(Y3:Y13) -> 163000 | Z14: =SUM(Z3:Z13) -> 121222.77 | AA14: =SUM(AA3:AA13) -> 149000 | AC14: =Z14/X14-1 -> -0.19692375 | AD14: =Z14/Y14-1 -> -0.25630202 | AE14: =AA14/Z14-1 -> 0.22914202 | AG14: =SUM(AG3:AG13) -> 11920 | AH14: =SUM(AH3:AH13) -> 11920 | AI14: =SUM(AI3:AI13) -> 13410 | AJ14: =SUM(AJ3:AJ13) -> 13410 | AK14: =SUM(AK3:AK13) -> 13410 | AL14: =SUM(AL3:AL13) -> 11920 | AM14: =SUM(AM3:AM13) -> 11920 | AN14: =SUM(AN3:AN13) -> 8940 | ... AR14: =SUM(AR3:AR13) -> 10430
B18: 25063 | C18: Equinox Holdings Inc; Miami | D18: =VLOOKUP($B18, 'Performance data'!$B:$K, 3, 0) -> Southeast | E18: Bethany | F18: =VLOOKUP($B18, 'Performance data'!$B:$K, 7, 0) -> 2025 | H18: NKD25 | I18: B | J18: =P18 -> 7189.44 | K18: 10000 | M18: Grow | O18: =SUMIF('Performance data'!$B:$B, $B18,'Performance data'!K:K) -> 0 | P18: =SUMIF('Performance data'!$B:$B, $B18,'Performance data'!L:L) -> 7189.44 | Q18: =SUMIF('Performance data'!$B:$B, $B18,'Performance data'!M:M) -> 0 | S18: =$P18/O18-1 -> #DIV/0! | T18: =P18/Q18-1 -> #DIV/0! | V18: =SUMIF('Performance data'!$B:$B, $B18,'Performance data'!Z:Z) -> 0 | W18: =SUMIF('Performance data'!$B:$B, $B18,'Performance data'!AA:AA) -> 0 | X18: =SUMIF('Performance data'!$B:$B, $B18,'Performance data'!AB:AB) -> 0 | Y18: =SUMIF('Performance data'!$B:$B, $B18,'Performance data'!AD:AD) -> 0 | Z18: =J18 -> 7189.44 | AA18: =K18 -> 10000 | AC18: =Z18/X18-1 -> #DIV/0! | AD18: =Z18/Y18-1 -> #DIV/0! | AE18: =AA18/Z18-1 -> 0.39092892 | AG18: =$AA18*AG$1 -> 800 | AH18: =$AA18*AH$1 -> 800 | AI18: =$AA18*AI$1 -> 900 | AJ18: =$AA18*AJ$1 -> 900 | AK18: =$AA18*AK$1 -> 900 | AL18: =$AA18*AL$1 -> 800 | AM18: =$AA18*AM$1 -> 800 | AN18: =$AA18*AN$1 -> 600 | ... AR18: =$AA18*AR$1 -> 700
B19: 25069 | C19: Simply Bliss SkinCare LLC | D19: =VLOOKUP($B19, 'Performance data'!$B:$K, 3, 0) -> Southeast | E19: Bethany | F19: =VLOOKUP($B19, 'Performance data'!$B:$K, 7, 0) -> 2025 | H19: NKD25 | I19: C | J19: =P19 -> 343 | K19: 1000 | M19: Maintain | O19: =SUMIF('Performance data'!$B:$B, $B19,'Performance data'!K:K) -> 0 | P19: =SUMIF('Performance data'!$B:$B, $B19,'Performance data'!L:L) -> 343 | Q19: =SUMIF('Performance data'!$B:$B, $B19,'Performance data'!M:M) -> 0 | S19: =$P19/O19-1 -> #DIV/0! | T19: =P19/Q19-1 -> #DIV/0! | V19: =SUMIF('Performance data'!$B:$B, $B19,'Performance data'!Z:Z) -> 0 | W19: =SUMIF('Performance data'!$B:$B, $B19,'Performance data'!AA:AA) -> 0 | X19: =SUMIF('Performance data'!$B:$B, $B19,'Performance data'!AB:AB) -> 0 | Y19: =SUMIF('Performance data'!$B:$B, $B19,'Performance data'!AD:AD) -> 0 | Z19: =J19 -> 343 | AA19: =K19 -> 1000 | AC19: =Z19/X19-1 -> #DIV/0! | AD19: =Z19/Y19-1 -> #DIV/0! | AE19: =AA19/Z19-1 -> 1.9154519 | AG19: =$AA19*AG$1 -> 80 | AH19: =$AA19*AH$1 -> 80 | AI19: =$AA19*AI$1 -> 90 | AJ19: =$AA19*AJ$1 -> 90 | AK19: =$AA19*AK$1 -> 90 | AL19: =$AA19*AL$1 -> 80 | AM19: =$AA19*AM$1 -> 80 | AN19: =$AA19*AN$1 -> 60 | ... AR19: =$AA19*AR$1 -> 70
B20: 25076 | C20: Costa d' Este Beach Resort & Spa | D20: =VLOOKUP($B20, 'Performance data'!$B:$K, 3, 0) -> Other | E20: Bethany | F20: =VLOOKUP($B20, 'Performance data'!$B:$K, 7, 0) -> 2025 | H20: =VLOOKUP($B20, 'Performance data'!$B:$K, 5, 0) -> NKD25 | I20: B | J20: =P20 -> 3193.01 | K20: 12000 | M20: Grow | O20: =SUMIF('Performance data'!$B:$B, $B20,'Performance data'!K:K) -> 0 | P20: =SUMIF('Performance data'!$B:$B, $B20,'Performance data'!L:L) -> 3193.01 | Q20: =SUMIF('Performance data'!$B:$B, $B20,'Performance data'!M:M) -> 0 | S20: =$P20/O20-1 -> #DIV/0! | T20: =P20/Q20-1 -> #DIV/0! | V20: =SUMIF('Performance data'!$B:$B, $B20,'Performance data'!Z:Z) -> 0 | W20: =SUMIF('Performance data'!$B:$B, $B20,'Performance data'!AA:AA) -> 0 | X20: =SUMIF('Performance data'!$B:$B, $B20,'Performance data'!AB:AB) -> 0 | Y20: =SUMIF('Performance data'!$B:$B, $B20,'Performance data'!AD:AD) -> 0 | Z20: =J20 -> 3193.01 | AA20: =K20 -> 12000 | AC20: =Z20/X20-1 -> #DIV/0! | AD20: =Z20/Y20-1 -> #DIV/0! | AE20: =AA20/Z20-1 -> 2.7582093 | AG20: =$AA20*AG$1 -> 960 | AH20: =$AA20*AH$1 -> 960 | AI20: =$AA20*AI$1 -> 1080 | AJ20: =$AA20*AJ$1 -> 1080 | AK20: =$AA20*AK$1 -> 1080 | AL20: =$AA20*AL$1 -> 960 | AM20: =$AA20*AM$1 -> 960 | AN20: =$AA20*AN$1 -> 720 | ... AR20: =$AA20*AR$1 -> 840
B21: NKD25 | C21: New doors 2025 | D21: Southeast | E21: Bethany | F21: 2025 | H21: NKD25 | O21: 0 | P21: 0 | Q21: =SUMIFS('2025 budget doc'!$AC:$AC, '2025 budget doc'!$B:$B, "NKD25", '2025 budget doc'!$E:$E, $D21) -> 106200 | S21: =$P21/O21-1 -> #DIV/0! | T21: =P21/Q21-1 -> -1 | V21: 0 | W21: 0 | X21: 0 | Y21: =SUMIFS('2025 budget doc'!$L:$L, '2025 budget doc'!$B:$B, "NKD25", '2025 budget doc'!$E:$E, $D21) -> 180000 | Z21: =J21 -> 0 | AA21: =K21 -> 0 | AC21: =Z21/X21-1 -> #DIV/0! | AD21: =Z21/Y21-1 -> -1 | AE21: =AA21/Z21-1 -> #DIV/0! | AG21: =$AA21*AG$1 -> 0 | AH21: =$AA21*AH$1 -> 0 | AI21: =$AA21*AI$1 -> 0 | AJ21: =$AA21*AJ$1 -> 0 | AK21: =$AA21*AK$1 -> 0 | AL21: =$AA21*AL$1 -> 0 | AM21: =$AA21*AM$1 -> 0 | AN21: =$AA21*AN$1 -> 0 | ... AR21: =$AA21*AR$1 -> 0
B23: Total New Doors 2025 | G23: =COUNTIF(G18:G19, "Yes")+G21 -> 0 | J23: =SUM(J18:J21) -> 10725.45 | K23: =SUM(K18:K21) -> 23000 | O23: =SUM(O18:O21) -> 0 | P23: =SUM(P18:P21) -> 10725.45 | Q23: =SUM(Q18:Q21) -> 106200 | S23: =$P23/O23-1 -> #DIV/0! | T23: =P23/Q23-1 -> -0.89900706 | V23: =SUM(V18:V21) -> 0 | W23: =SUM(W18:W21) -> 0 | X23: =SUM(X18:X21) -> 0 | Y23: =SUM(Y18:Y21) -> 180000 | Z23: =SUM(Z18:Z21) -> 10725.45 | AA23: =SUM(AA18:AA21) -> 23000 | AC23: =Z23/X23-1 -> #DIV/0! | AD23: =Z23/Y23-1 -> -0.94041417 | AE23: =AA23/Z23-1 -> 1.1444322 | AG23: =SUM(AG18:AG21) -> 1840 | AH23: =SUM(AH18:AH21) -> 1840 | AI23: =SUM(AI18:AI21) -> 2070 | AJ23: =SUM(AJ18:AJ21) -> 2070 | AK23: =SUM(AK18:AK21) -> 2070 | AL23: =SUM(AL18:AL21) -> 1840 | AM23: =SUM(AM18:AM21) -> 1840 | AN23: =SUM(AN18:AN21) -> 1380 | ... AR23: =SUM(AR18:AR21) -> 1610
AY26: =AV27 -> 1 | AZ26: =AW27 -> 1 | BA26: =AX27+AV27 -> 2 | BB26: =AY27+AW27 -> 1 | BC26: =AZ27+AX27+AV27 -> 3 | BD26: =BA27+AY27+AW27 -> 2 | BE26: =BB27+AZ27+AX27+AV27 -> 3 | BF26: =BC27+BA27+AY27+AW27 -> 3
B27: NKD26 | C27: New doors 2026 | D27: Southeast | E27: Bethany | F27: 2026 | G27: 8 | H27: NKD26 | K27: 100000 | O27: 0 | P27: 0 | Q27: 0 | S27: =$P27/O27-1 -> #DIV/0! | T27: =P27/Q27-1 -> #DIV/0! | V27: 0 | W27: 0 | X27: 0 | Y27: 0 | Z27: =J27 -> 0 | AA27: =K27 -> 100000 | AC27: =Z27/X27-1 -> #DIV/0! | AD27: =Z27/Y27-1 -> #DIV/0! | AE27: =AA27/Z27-1 -> #DIV/0! | AG27: =AU27*5000+AU26*4000 -> 0 | AH27: =AV27*5000+AV26*4000 -> 5000 | AI27: =AW27*5000+AW26*4000 -> 5000 | AJ27: =AX27*5000+AX26*4000 -> 5000 | AK27: =AY27*5000+AY26*4000 -> 4000 | AL27: =AZ27*5000+AZ26*4000 -> 9000 | AM27: =BA27*5000+BA26*4000-2000 -> 11000 | AN27: =BB27*5000+BB26*4000 -> 4000 | AO27: =BC27*5000+BC26*4000 -> 17000 | AP27: =BD27*5000+BD26*4000 -> 13000 | AQ27: =BE27*5000+BE26*4000 -> 17000 | AR27: =BF27*5000+BF26*4000-2000 -> 10000 | AV27: 1 | AW27: 1 | AX27: 1 | AZ27: 1 | BA27: 1 | BC27: 1 | BD27: 1 | BE27: 1
B29: Total New Doors 2026 | G29: =COUNTIF(G26:G26, "Yes")+G27 -> 8 | J29: =SUM(J26:J27) -> 0 | K29: =SUM(K26:K27) -> 100000 | O29: =SUM(O26:O27) -> 0 | P29: =SUM(P26:P27) -> 0 | Q29: =SUM(Q26:Q27) -> 0 | S29: =$P29/O29-1 -> #DIV/0! | T29: =P29/Q29-1 -> #DIV/0! | V29: =SUM(V26:V27) -> 0 | W29: =SUM(W26:W27) -> 0 | X29: =SUM(X26:X27) -> 0 | Y29: =SUM(Y26:Y27) -> 0 | Z29: =SUM(Z26:Z27) -> 0 | AA29: =SUM(AA26:AA27) -> 100000 | AC29: =Z29/X29-1 -> #DIV/0! | AD29: =Z29/Y29-1 -> #DIV/0! | AE29: =AA29/Z29-1 -> #DIV/0! | AG29: =SUM(AG26:AG27) -> 0 | AH29: =SUM(AH26:AH27) -> 5000 | AI29: =SUM(AI26:AI27) -> 5000 | AJ29: =SUM(AJ26:AJ27) -> 5000 | AK29: =SUM(AK26:AK27) -> 4000 | AL29: =SUM(AL26:AL27) -> 9000 | AM29: =SUM(AM26:AM27) -> 11000 | AN29: =SUM(AN26:AN27) -> 4000 | ... AR29: =SUM(AR26:AR27) -> 10000

Sheet Other
O1: Year to date | P1: Year to date | Q1: Year to date | S1: Year to date | T1: Year to date | V1: Full year | W1: Full year | X1: Full year | Y1: Full year | Z1: Full year | AA1: Full year | AC1: Full year | AD1: Full year | AE1: Full year | AG1: 0.08 | AH1: 0.08 | AI1: 0.09 | AJ1: 0.09 | AK1: 0.09 | AL1: 0.08 | AM1: 0.08 | AN1: 0.06 | AO1: 0.09 | AP1: 0.1 | AQ1: 0.09 | AR1: 0.07
B2: Customer Code | C2: Customer Name | D2: Region | E2: Sales person | F2: New door year | G2: Active? | H2: 2025 Cluster | I2: 2026 Cluster | J2: 2025A | K2: 2026B | L2: Size indicator | M2: Customer Growth Class | O2: 2024 YTD | P2: 2025 YTD | Q2: 2025B YTD | S2: 25 vs 24 % | T2: 25 vs 25B % | V2: 2022 | W2: 2023 | X2: 2024 | Y2: 2025B | Z2: 2025F | AA2: 2026B | AC2: 25 vs 24 % | AD2: 25 vs 25B % | AE2: 26B vs 25A % | AG2: 46023 | AH2: 46054 | AI2: 46082 | AJ2: 46113 | AK2: 46143 | AL2: 46174 | AM2: 46204 | AN2: 46235 | AO2: 46266 | AP2: 46296 | AQ2: 46327 | AR2: 46357
B3: 25035 | C3: Rosewood Little Dix Bay; Helen Lugo | D3: =VLOOKUP($B3, 'Performance data'!$B:$K, 3, 0) -> Other | E3: =VLOOKUP($B3, 'Performance data'!$B:$K, 4, 0) -> Melissa | F3: =VLOOKUP($B3, 'Performance data'!$B:$K, 7, 0) -> 2023 | H3: =VLOOKUP($B3, 'Performance data'!$B:$K, 5, 0) -> B | I3: Lost | J3: =P3 -> 0 | M3: Lose | O3: =SUMIF('Performance data'!$B:$B, $B3,'Performance data'!K:K) -> 13723.61 | P3: =SUMIF('Performance data'!$B:$B, $B3,'Performance data'!L:L) -> 0 | Q3: =SUMIF('Performance data'!$B:$B, $B3,'Performance data'!M:M) -> 15000 | S3: =$P3/O3-1 -> -1 | T3: =P3/Q3-1 -> -1 | V3: =SUMIF('Performance data'!$B:$B, $B3,'Performance data'!Z:Z) -> 0 | W3: =SUMIF('Performance data'!$B:$B, $B3,'Performance data'!AA:AA) -> 22651.16 | X3: =SUMIF('Performance data'!$B:$B, $B3,'Performance data'!AB:AB) -> 13723.61 | Y3: =SUMIF('Performance data'!$B:$B, $B3,'Performance data'!AD:AD) -> 15000 | Z3: =J3 -> 0 | AA3: =K3 -> 0 | AC3: =Z3/X3-1 -> -1 | AD3: =Z3/Y3-1 -> -1 | AE3: =AA3/Z3-1 -> #DIV/0! | AG3: =$AA3*AG$1 -> 0 | AH3: =$AA3*AH$1 -> 0 | AI3: =$AA3*AI$1 -> 0 | AJ3: =$AA3*AJ$1 -> 0 | AK3: =$AA3*AK$1 -> 0 | AL3: =$AA3*AL$1 -> 0 | AM3: =$AA3*AM$1 -> 0 | AN3: =$AA3*AN$1 -> 0 | ... AR3: =$AA3*AR$1 -> 0
B4: 25042 | C4: Eau Spa Palm Beach; Fl | D4: =VLOOKUP($B4, 'Performance data'!$B:$K, 3, 0) -> Southeast | E4: Bethany | F4: =VLOOKUP($B4, 'Performance data'!$B:$K, 7, 0) -> 2023 | H4: =VLOOKUP($B4, 'Performance data'!$B:$K, 5, 0) -> A | I4: A+++ | J4: =P4 -> 63209.74 | K4: 70000 | M4: Grow | O4: =SUMIF('Performance data'!$B:$B, $B4,'Performance data'!K:K) -> 46123.77 | P4: =SUMIF('Performance data'!$B:$B, $B4,'Performance data'!L:L) -> 63209.74 | Q4: =SUMIF('Performance data'!$B:$B, $B4,'Performance data'!M:M) -> 50000 | S4: =$P4/O4-1 -> 0.37043741 | T4: =P4/Q4-1 -> 0.2641948 | V4: =SUMIF('Performance data'!$B:$B, $B4,'Performance data'!Z:Z) -> 0 | W4: =SUMIF('Performance data'!$B:$B, $B4,'Performance data'!AA:AA) -> 24324 | X4: =SUMIF('Performance data'!$B:$B, $B4,'Performance data'!AB:AB) -> 46123.77 | Y4: =SUMIF('Performance data'!$B:$B, $B4,'Performance data'!AD:AD) -> 50000 | Z4: =J4 -> 63209.74 | AA4: =K4 -> 70000 | AC4: =Z4/X4-1 -> 0.37043741 | AD4: =Z4/Y4-1 -> 0.2641948 | AE4: =AA4/Z4-1 -> 0.10742427 | AG4: =$AA4*AG$1 -> 5600 | AH4: =$AA4*AH$1 -> 5600 | AI4: =$AA4*AI$1 -> 6300 | AJ4: =$AA4*AJ$1 -> 6300 | AK4: =$AA4*AK$1 -> 6300 | AL4: =$AA4*AL$1 -> 5600 | AM4: =$AA4*AM$1 -> 5600 | AN4: =$AA4*AN$1 -> 4200 | ... AR4: =$AA4*AR$1 -> 4900
B5: Total Active Existing Doors | G5: =COUNTIF(G3:G4, "Yes") -> 0 | J5: =SUM(J3:J4) -> 63209.74 | K5: =SUM(K3:K4) -> 70000 | O5: =SUM(O3:O3) -> 13723.61 | P5: =SUM(P3:P3) -> 0 | Q5: =SUM(Q3:Q3) -> 15000 | S5: =$P5/O5-1 -> -1 | T5: =P5/Q5-1 -> -1 | V5: =SUM(V3:V4) -> 0 | W5: =SUM(W3:W4) -> 46975.16 | X5: =SUM(X3:X4) -> 59847.38 | Y5: =SUM(Y3:Y4) -> 65000 | Z5: =SUM(Z3:Z4) -> 63209.74 | AA5: =SUM(AA3:AA4) -> 70000 | AC5: =Z5/X5-1 -> 0.056182242 | AD5: =Z5/Y5-1 -> -0.027542462 | AE5: =AA5/Z5-1 -> 0.10742427 | AG5: =SUM(AG3:AG4) -> 5600 | AH5: =SUM(AH3:AH4) -> 5600 | AI5: =SUM(AI3:AI4) -> 6300 | AJ5: =SUM(AJ3:AJ4) -> 6300 | AK5: =SUM(AK3:AK4) -> 6300 | AL5: =SUM(AL3:AL4) -> 5600 | AM5: =SUM(AM3:AM4) -> 5600 | AN5: =SUM(AN3:AN4) -> 4200 | ... AR5: =SUM(AR3:AR4) -> 4900
B7: 25075 | C7: Wyndham Grand Rio Mar Hotel | D7: =VLOOKUP($B7, 'Performance data'!$B:$K, 3, 0) -> Other | E7: =VLOOKUP($B7, 'Performance data'!$B:$K, 4, 0) -> Melissa | F7: =VLOOKUP($B7, 'Performance data'!$B:$K, 7, 0) -> 2025 | H7: =VLOOKUP($B7, 'Performance data'!$B:$K, 5, 0) -> NKD25 | I7: A | J7: =P7 -> 14403.8 | K7: 20000 | M7: Grow | O7: =SUMIF('Performance data'!$B:$B, $B7,'Performance data'!K:K) -> 0 | P7: =SUMIF('Performance data'!$B:$B, $B7,'Performance data'!L:L) -> 14403.8 | Q7: =SUMIF('Performance data'!$B:$B, $B7,'Performance data'!M:M) -> 0 | S7: =$P7/O7-1 -> #DIV/0! | T7: =P7/Q7-1 -> #DIV/0! | V7: =SUMIF('Performance data'!$B:$B, $B7,'Performance data'!Z:Z) -> 0 | W7: =SUMIF('Performance data'!$B:$B, $B7,'Performance data'!AA:AA) -> 0 | X7: =SUMIF('Performance data'!$B:$B, $B7,'Performance data'!AB:AB) -> 0 | Y7: =SUMIF('Performance data'!$B:$B, $B7,'Performance data'!AD:AD) -> 0 | Z7: =J7 -> 14403.8 | AA7: =K7 -> 20000 | AC7: =Z7/X7-1 -> #DIV/0! | AD7: =Z7/Y7-1 -> #DIV/0! | AE7: =AA7/Z7-1 -> 0.38852247 | AG7: =$AA7*AG$1 -> 1600 | AH7: =$AA7*AH$1 -> 1600 | AI7: =$AA7*AI$1 -> 1800 | AJ7: =$AA7*AJ$1 -> 1800 | AK7: =$AA7*AK$1 -> 1800 | AL7: =$AA7*AL$1 -> 1600 | AM7: =$AA7*AM$1 -> 1600 | AN7: =$AA7*AN$1 -> 1200 | ... AR7: =$AA7*AR$1 -> 1400
B8: NKD25 | C8: New doors 2025 | D8: Other | E8: Melissa | F8: 2025 | H8: NKD25 | O8: 0 | P8: 0 | Q8: =SUMIFS('2025 budget doc'!$AC:$AC, '2025 budget doc'!$B:$B, "NKD25", '2025 budget doc'!$E:$E, $D8) -> 53100 | S8: =$P8/O8-1 -> #DIV/0! | T8: =P8/Q8-1 -> -1 | V8: 0 | W8: 0 | X8: 0 | Y8: =SUMIFS('2025 budget doc'!$L:$L, '2025 budget doc'!$B:$B, "NKD25", '2025 budget doc'!$E:$E, $D8) -> 90000 | Z8: =J8 -> 0 | AA8: =K8 -> 0 | AC8: =Z8/X8-1 -> #DIV/0! | AD8: =Z8/Y8-1 -> -1 | AE8: =AA8/Z8-1 -> #DIV/0! | AG8: =$AA8*AG$1 -> 0 | AH8: =$AA8*AH$1 -> 0 | AI8: =$AA8*AI$1 -> 0 | AJ8: =$AA8*AJ$1 -> 0 | AK8: =$AA8*AK$1 -> 0 | AL8: =$AA8*AL$1 -> 0 | AM8: =$AA8*AM$1 -> 0 | AN8: =$AA8*AN$1 -> 0 | ... AR8: =$AA8*AR$1 -> 0
B10: Total New Doors 2025 | G10: =COUNTIF(G7:G7, "Yes")+G8 -> 0 | J10: =SUM(J7:J8) -> 14403.8 | K10: =SUM(K7:K8) -> 20000 | O10: =SUM(O7:O8) -> 0 | P10: =SUM(P7:P8) -> 14403.8 | Q10: =SUM(Q7:Q8) -> 53100 | S10: =$P10/O10-1 -> #DIV/0! | T10: =P10/Q10-1 -> -0.728742 | V10: =SUM(V7:V8) -> 0 | W10: =SUM(W7:W8) -> 0 | X10: =SUM(X7:X8) -> 0 | Y10: =SUM(Y7:Y8) -> 90000 | Z10: =SUM(Z7:Z8) -> 14403.8 | AA10: =SUM(AA7:AA8) -> 20000 | AC10: =Z10/X10-1 -> #DIV/0! | AD10: =Z10/Y10-1 -> -0.83995778 | AE10: =AA10/Z10-1 -> 0.38852247 | AG10: =SUM(AG7:AG8) -> 1600 | AH10: =SUM(AH7:AH8) -> 1600 | AI10: =SUM(AI7:AI8) -> 1800 | AJ10: =SUM(AJ7:AJ8) -> 1800 | AK10: =SUM(AK7:AK8) -> 1800 | AL10: =SUM(AL7:AL8) -> 1600 | AM10: =SUM(AM7:AM8) -> 1600 | AN10: =SUM(AN7:AN8) -> 1200 | ... AR10: =SUM(AR7:AR8) -> 1400
B14: NKD26 | C14: New doors 2026 | D14: Other | E14: Melissa | F14: 2026 | H14: NKD26 | O14: 0 | P14: 0 | Q14: 0 | S14: =$P14/O14-1 -> #DIV/0! | T14: =P14/Q14-1 -> #DIV/0! | V14: 0 | W14: 0 | X14: 0 | Y14: 0 | Z14: =J14 -> 0 | AA14: =K14 -> 0 | AC14: =Z14/X14-1 -> #DIV/0! | AD14: =Z14/Y14-1 -> #DIV/0! | AE14: =AA14/Z14-1 -> #DIV/0!
B16: Total New Doors 2026 | G16: =COUNTIF(G13:G13, "Yes")+G14 -> 0 | J16: =SUM(J13:J14) -> 0 | K16: =SUM(K13:K14) -> 0 | O16: =SUM(O13:O14) -> 0 | P16: =SUM(P13:P14) -> 0 | Q16: =SUM(Q13:Q14) -> 0 | S16: =$P16/O16-1 -> #DIV/0! | T16: =P16/Q16-1 -> #DIV/0! | V16: =SUM(V13:V14) -> 0 | W16: =SUM(W13:W14) -> 0 | X16: =SUM(X13:X14) -> 0 | Y16: =SUM(Y13:Y14) -> 0 | Z16: =SUM(Z13:Z14) -> 0 | AA16: =SUM(AA13:AA14) -> 0 | AC16: =Z16/X16-1 -> #DIV/0! | AD16: =Z16/Y16-1 -> #DIV/0! | AE16: =AA16/Z16-1 -> #DIV/0!

Sheet Lost
O1: Year to date | P1: Year to date | Q1: Year to date | S1: Year to date | T1: Year to date | V1: Full year | W1: Full year | X1: Full year | Y1: Full year | Z1: Full year | AA1: Full year | AC1: Full year | AD1: Full year | AE1: Full year
B2: Customer Code | C2: Customer Name | D2: Region | E2: Sales person | F2: New door year | G2: Active? | H2: 2025 Cluster | I2: 2026 Cluster | J2: 2025A | K2: 2026B | L2: Size indicator | M2: Customer Growth Class | O2: 2024 YTD | P2: 2025 YTD | Q2: 2025B YTD | S2: 25 vs 24 % | T2: 25 vs 25B % | V2: 2022 | W2: 2023 | X2: 2024 | Y2: 2025B | Z2: 2025A | AA2: 2026B | AC2: 25 vs 24 % | AD2: 25 vs 25B % | AE2: 26B vs 25F %
B3: 25003 | C3: The resort at Longboat Key CLub; Florida | D3: =VLOOKUP($B3, 'Performance data'!$B:$K, 3, 0) -> Southeast | E3: =VLOOKUP($B3, 'Performance data'!$B:$K, 4, 0) -> Lisa | F3: =VLOOKUP($B3, 'Performance data'!$B:$K, 7, 0) -> 2021 | G3: No | H3: =VLOOKUP($B3, 'Performance data'!$B:$K, 5, 0) -> N/A | I3: Lost | J3: =P3 -> 0 | K3: 0 | M3: Lose | O3: =SUMIF('Performance data'!$B:$B, $B3,'Performance data'!K:K) -> 0 | P3: =SUMIF('Performance data'!$B:$B, $B3,'Performance data'!L:L) -> 0 | Q3: =SUMIF('Performance data'!$B:$B, $B3,'Performance data'!M:M) -> 0 | S3: =$P3/O3-1 -> #DIV/0! | T3: =P3/Q3-1 -> #DIV/0! | V3: =SUMIF('Performance data'!$B:$B, $B3,'Performance data'!Z:Z) -> 1917.25 | W3: =SUMIF('Performance data'!$B:$B, $B3,'Performance data'!AA:AA) -> 0 | X3: =SUMIF('Performance data'!$B:$B, $B3,'Performance data'!AB:AB) -> 0 | Y3: =SUMIF('Performance data'!$B:$B, $B3,'Performance data'!AD:AD) -> 0 | Z3: =J3 -> 0 | AA3: =K3 -> 0 | AC3: =Z3/X3-1 -> #DIV/0! | AD3: =Z3/Y3-1 -> #DIV/0! | AE3: =AA3/Z3-1 -> #DIV/0!
B4: 25009 | C4: Glo Rejuvenation; Oregon | D4: =VLOOKUP($B4, 'Performance data'!$B:$K, 3, 0) -> West | E4: =VLOOKUP($B4, 'Performance data'!$B:$K, 4, 0) -> Amy | F4: =VLOOKUP($B4, 'Performance data'!$B:$K, 7, 0) -> 2022 | G4: No | H4: =VLOOKUP($B4, 'Performance data'!$B:$K, 5, 0) -> N/A | I4: Lost | J4: =P4 -> 0 | K4: 0 | M4: Lose | O4: =SUMIF('Performance data'!$B:$B, $B4,'Performance data'!K:K) -> 0 | P4: =SUMIF('Performance data'!$B:$B, $B4,'Performance data'!L:L) -> 0 | Q4: =SUMIF('Performance data'!$B:$B, $B4,'Performance data'!M:M) -> 0 | S4: =$P4/O4-1 -> #DIV/0! | T4: =P4/Q4-1 -> #DIV/0! | V4: =SUMIF('Performance data'!$B:$B, $B4,'Performance data'!Z:Z) -> 22959.84 | W4: =SUMIF('Performance data'!$B:$B, $B4,'Performance data'!AA:AA) -> 9876.65 | X4: =SUMIF('Performance data'!$B:$B, $B4,'Performance data'!AB:AB) -> 0 | Y4: =SUMIF('Performance data'!$B:$B, $B4,'Performance data'!AD:AD) -> 0 | Z4: =J4 -> 0 | AA4: =K4 -> 0 | AC4: =Z4/X4-1 -> #DIV/0! | AD4: =Z4/Y4-1 -> #DIV/0! | AE4: =AA4/Z4-1 -> #DIV/0!
B5: 25011 | C5: D&G Global Inc.; Claire Gobler; CA | D5: =VLOOKUP($B5, 'Performance data'!$B:$K, 3, 0) -> West | E5: =VLOOKUP($B5, 'Performance data'!$B:$K, 4, 0) -> Amy | F5: =VLOOKUP($B5, 'Performance data'!$B:$K, 7, 0) -> 2022 | G5: No | H5: =VLOOKUP($B5, 'Performance data'!$B:$K, 5, 0) -> N/A | I5: Lost | J5: =P5 -> 0 | K5: 0 | M5: Lose | O5: =SUMIF('Performance data'!$B:$B, $B5,'Performance data'!K:K) -> 0 | P5: =SUMIF('Performance data'!$B:$B, $B5,'Performance data'!L:L) -> 0 | Q5: =SUMIF('Performance data'!$B:$B, $B5,'Performance data'!M:M) -> 0 | S5: =$P5/O5-1 -> #DIV/0! | T5: =P5/Q5-1 -> #DIV/0! | V5: =SUMIF('Performance data'!$B:$B, $B5,'Performance data'!Z:Z) -> 25189.2 | W5: =SUMIF('Performance data'!$B:$B, $B5,'Performance data'!AA:AA) -> 524.2 | X5: =SUMIF('Performance data'!$B:$B, $B5,'Performance data'!AB:AB) -> 0 | Y5: =SUMIF('Performance data'!$B:$B, $B5,'Performance data'!AD:AD) -> 0 | Z5: =J5 -> 0 | AA5: =K5 -> 0 | AC5: =Z5/X5-1 -> #DIV/0! | AD5: =Z5/Y5-1 -> #DIV/0! | AE5: =AA5/Z5-1 -> #DIV/0!
B6: 25013 | C6: Gurney ´s Inn Resort & Spa LLC; NY | D6: =VLOOKUP($B6, 'Performance data'!$B:$K, 3, 0) -> Central | E6: =VLOOKUP($B6, 'Performance data'!$B:$K, 4, 0) -> Emily | F6: =VLOOKUP($B6, 'Performance data'!$B:$K, 7, 0) -> 2022 | G6: No | H6: =VLOOKUP($B6, 'Performance data'!$B:$K, 5, 0) -> N/A | I6: Lost | J6: =P6 -> 0 | K6: 0 | M6: Lose | O6: =SUMIF('Performance data'!$B:$B, $B6,'Performance data'!K:K) -> 0 | P6: =SUMIF('Performance data'!$B:$B, $B6,'Performance data'!L:L) -> 0 | Q6: =SUMIF('Performance data'!$B:$B, $B6,'Performance data'!M:M) -> 0 | S6: =$P6/O6-1 -> #DIV/0! | T6: =P6/Q6-1 -> #DIV/0! | V6: =SUMIF('Performance data'!$B:$B, $B6,'Performance data'!Z:Z) -> 28353.3 | W6: =SUMIF('Performance data'!$B:$B, $B6,'Performance data'!AA:AA) -> 0 | X6: =SUMIF('Performance data'!$B:$B, $B6,'Performance data'!AB:AB) -> 0 | Y6: =SUMIF('Performance data'!$B:$B, $B6,'Performance data'!AD:AD) -> 0 | Z6: =J6 -> 0 | AA6: =K6 -> 0 | AC6: =Z6/X6-1 -> #DIV/0! | AD6: =Z6/Y6-1 -> #DIV/0! | AE6: =AA6/Z6-1 -> #DIV/0!
B7: 25018 | C7: Iridescent LLC; Big-Bang; Miiami; Paula | D7: =VLOOKUP($B7, 'Performance data'!$B:$K, 3, 0) -> Southeast | E7: =VLOOKUP($B7, 'Performance data'!$B:$K, 4, 0) -> Lisa | F7: =VLOOKUP($B7, 'Performance data'!$B:$K, 7, 0) -> 2022 | G7: No | H7: =VLOOKUP($B7, 'Performance data'!$B:$K, 5, 0) -> N/A | I7: Lost | J7: =P7 -> 0 | K7: 0 | M7: Lose | O7: =SUMIF('Performance data'!$B:$B, $B7,'Performance data'!K:K) -> 0 | P7: =SUMIF('Performance data'!$B:$B, $B7,'Performance data'!L:L) -> 0 | Q7: =SUMIF('Performance data'!$B:$B, $B7,'Performance data'!M:M) -> 0 | S7: =$P7/O7-1 -> #DIV/0! | T7: =P7/Q7-1 -> #DIV/0! | V7: =SUMIF('Performance data'!$B:$B, $B7,'Performance data'!Z:Z) -> 8694 | W7: =SUMIF('Performance data'!$B:$B, $B7,'Performance data'!AA:AA) -> 0 | X7: =SUMIF('Performance data'!$B:$B, $B7,'Performance data'!AB:AB) -> 0 | Y7: =SUMIF('Performance data'!$B:$B, $B7,'Performance data'!AD:AD) -> 0 | Z7: =J7 -> 0 | AA7: =K7 -> 0 | AC7: =Z7/X7-1 -> #DIV/0! | AD7: =Z7/Y7-1 -> #DIV/0! | AE7: =AA7/Z7-1 -> #DIV/0!
B8: 25019 | C8: Banyan Cay Res.; W Palm Beach; Melissa | D8: =VLOOKUP($B8, 'Performance data'!$B:$K, 3, 0) -> Southeast | E8: =VLOOKUP($B8, 'Performance data'!$B:$K, 4, 0) -> Lisa | F8: =VLOOKUP($B8, 'Performance data'!$B:$K, 7, 0) -> 2022 | G8: No | H8: =VLOOKUP($B8, 'Performance data'!$B:$K, 5, 0) -> N/A | I8: Lost | J8: =P8 -> 0 | K8: 0 | M8: Lose | O8: =SUMIF('Performance data'!$B:$B, $B8,'Performance data'!K:K) -> 0 | P8: =SUMIF('Performance data'!$B:$B, $B8,'Performance data'!L:L) -> 0 | Q8: =SUMIF('Performance data'!$B:$B, $B8,'Performance data'!M:M) -> 0 | S8: =$P8/O8-1 -> #DIV/0! | T8: =P8/Q8-1 -> #DIV/0! | V8: =SUMIF('Performance data'!$B:$B, $B8,'Performance data'!Z:Z) -> 3203.8 | W8: =SUMIF('Performance data'!$B:$B, $B8,'Performance data'!AA:AA) -> 0 | X8: =SUMIF('Performance data'!$B:$B, $B8,'Performance data'!AB:AB) -> 0 | Y8: =SUMIF('Performance data'!$B:$B, $B8,'Performance data'!AD:AD) -> 0 | Z8: =J8 -> 0 | AA8: =K8 -> 0 | AC8: =Z8/X8-1 -> #DIV/0! | AD8: =Z8/Y8-1 -> #DIV/0! | AE8: =AA8/Z8-1 -> #DIV/0!
B9: 25020 | C9: Faena Hotel Miami Beach; FL | D9: =VLOOKUP($B9, 'Performance data'!$B:$K, 3, 0) -> Southeast | E9: =VLOOKUP($B9, 'Performance data'!$B:$K, 4, 0) -> Lisa | F9: =VLOOKUP($B9, 'Performance data'!$B:$K, 7, 0) -> 2022 | G9: No | H9: =VLOOKUP($B9, 'Performance data'!$B:$K, 5, 0) -> N/A | I9: Lost | J9: =P9 -> 0 | K9: 0 | M9: Lose | O9: =SUMIF('Performance data'!$B:$B, $B9,'Performance data'!K:K) -> 0 | P9: =SUMIF('Performance data'!$B:$B, $B9,'Performance data'!L:L) -> 0 | Q9: =SUMIF('Performance data'!$B:$B, $B9,'Performance data'!M:M) -> 0 | S9: =$P9/O9-1 -> #DIV/0! | T9: =P9/Q9-1 -> #DIV/0! | V9: =SUMIF('Performance data'!$B:$B, $B9,'Performance data'!Z:Z) -> 7514.3 | W9: =SUMIF('Performance data'!$B:$B, $B9,'Performance data'!AA:AA) -> 0 | X9: =SUMIF('Performance data'!$B:$B, $B9,'Performance data'!AB:AB) -> 0 | Y9: =SUMIF('Performance data'!$B:$B, $B9,'Performance data'!AD:AD) -> 0 | Z9: =J9 -> 0 | AA9: =K9 -> 0 | AC9: =Z9/X9-1 -> #DIV/0! | AD9: =Z9/Y9-1 -> #DIV/0! | AE9: =AA9/Z9-1 -> #DIV/0!
B10: 25021 | C10: TALISKER CLUB; Holly Arndt | D10: =VLOOKUP($B10, 'Performance data'!$B:$K, 3, 0) -> Central | E10: =VLOOKUP($B10, 'Performance data'!$B:$K, 4, 0) -> Amy | F10: =VLOOKUP($B10, 'Performance data'!$B:$K, 7, 0) -> N/A | G10: No | H10: =VLOOKUP($B10, 'Performance data'!$B:$K, 5, 0) -> N/A | I10: Lost | J10: =P10 -> 0 | K10: 0 | M10: Lose | O10: =SUMIF('Performance data'!$B:$B, $B10,'Performance data'!K:K) -> 0 | P10: =SUMIF('Performance data'!$B:$B, $B10,'Performance data'!L:L) -> 0 | Q10: =SUMIF('Performance data'!$B:$B, $B10,'Performance data'!M:M) -> 0 | S10: =$P10/O10-1 -> #DIV/0! | T10: =P10/Q10-1 -> #DIV/0! | V10: =SUMIF('Performance data'!$B:$B, $B10,'Performance data'!Z:Z) -> 0 | W10: =SUMIF('Performance data'!$B:$B, $B10,'Performance data'!AA:AA) -> 0 | X10: =SUMIF('Performance data'!$B:$B, $B10,'Performance data'!AB:AB) -> 0 | Y10: =SUMIF('Performance data'!$B:$B, $B10,'Performance data'!AD:AD) -> 0 | Z10: =J10 -> 0 | AA10: =K10 -> 0 | AC10: =Z10/X10-1 -> #DIV/0! | AD10: =Z10/Y10-1 -> #DIV/0! | AE10: =AA10/Z10-1 -> #DIV/0!
B11: 25022 | C11: Beating Hearts; Dallas; Lori Feste | D11: =VLOOKUP($B11, 'Performance data'!$B:$K, 3, 0) -> Central | E11: =VLOOKUP($B11, 'Performance data'!$B:$K, 4, 0) -> Amy | F11: =VLOOKUP($B11, 'Performance data'!$B:$K, 7, 0) -> 2022 | G11: No | H11: =VLOOKUP($B11, 'Performance data'!$B:$K, 5, 0) -> N/A | I11: Lost | J11: =P11 -> 0 | K11: 0 | M11: Lose | O11: =SUMIF('Performance data'!$B:$B, $B11,'Performance data'!K:K) -> 0 | P11: =SUMIF('Performance data'!$B:$B, $B11,'Performance data'!L:L) -> 0 | Q11: =SUMIF('Performance data'!$B:$B, $B11,'Performance data'!M:M) -> 0 | S11: =$P11/O11-1 -> #DIV/0! | T11: =P11/Q11-1 -> #DIV/0! | V11: =SUMIF('Performance data'!$B:$B, $B11,'Performance data'!Z:Z) -> 2997.3 | W11: =SUMIF('Performance data'!$B:$B, $B11,'Performance data'!AA:AA) -> 0 | X11: =SUMIF('Performance data'!$B:$B, $B11,'Performance data'!AB:AB) -> 0 | Y11: =SUMIF('Performance data'!$B:$B, $B11,'Performance data'!AD:AD) -> 0 | Z11: =J11 -> 0 | AA11: =K11 -> 0 | AC11: =Z11/X11-1 -> #DIV/0! | AD11: =Z11/Y11-1 -> #DIV/0! | AE11: =AA11/Z11-1 -> #DIV/0!
B12: 25023 | C12: HLP Hotels LLC DBA Lost Pines; Texas | D12: =VLOOKUP($B12, 'Performance data'!$B:$K, 3, 0) -> Central | E12: =VLOOKUP($B12, 'Performance data'!$B:$K, 4, 0) -> Amy | F12: =VLOOKUP($B12, 'Performance data'!$B:$K, 7, 0) -> 2022 | G12: No | H12: =VLOOKUP($B12, 'Performance data'!$B:$K, 5, 0) -> N/A | I12: Lost | J12: =P12 -> 0 | K12: 0 | M12: Lose | O12: =SUMIF('Performance data'!$B:$B, $B12,'Performance data'!K:K) -> 0 | P12: =SUMIF('Performance data'!$B:$B, $B12,'Performance data'!L:L) -> 0 | Q12: =SUMIF('Performance data'!$B:$B, $B12,'Performance data'!M:M) -> 0 | S12: =$P12/O12-1 -> #DIV/0! | T12: =P12/Q12-1 -> #DIV/0! | V12: =SUMIF('Performance data'!$B:$B, $B12,'Performance data'!Z:Z) -> 8796.8 | W12: =SUMIF('Performance data'!$B:$B, $B12,'Performance data'!AA:AA) -> 6782.98 | X12: =SUMIF('Performance data'!$B:$B, $B12,'Performance data'!AB:AB) -> 0 | Y12: =SUMIF('Performance data'!$B:$B, $B12,'Performance data'!AD:AD) -> 0 | Z12: =J12 -> 0 | AA12: =K12 -> 0 | AC12: =Z12/X12-1 -> #DIV/0! | AD12: =Z12/Y12-1 -> #DIV/0! | AE12: =AA12/Z12-1 -> #DIV/0!
B13: 25025 | C13: ARCH Amenity Group, Florida | D13: =VLOOKUP($B13, 'Performance data'!$B:$K, 3, 0) -> Southeast | E13: =VLOOKUP($B13, 'Performance data'!$B:$K, 4, 0) -> Lisa | F13: =VLOOKUP($B13, 'Performance data'!$B:$K, 7, 0) -> N/A | G13: No | H13: =VLOOKUP($B13, 'Performance data'!$B:$K, 5, 0) -> N/A | I13: Lost | J13: =P13 -> 0 | K13: 0 | M13: Lose | O13: =SUMIF('Performance data'!$B:$B, $B13,'Performance data'!K:K) -> 0 | P13: =SUMIF('Performance data'!$B:$B, $B13,'Performance data'!L:L) -> 0 | Q13: =SUMIF('Performance data'!$B:$B, $B13,'Performance data'!M:M) -> 0 | S13: =$P13/O13-1 -> #DIV/0! | T13: =P13/Q13-1 -> #DIV/0! | V13: =SUMIF('Performance data'!$B:$B, $B13,'Performance data'!Z:Z) -> 0 | W13: =SUMIF('Performance data'!$B:$B, $B13,'Performance data'!AA:AA) -> 0 | X13: =SUMIF('Performance data'!$B:$B, $B13,'Performance data'!AB:AB) -> 0 | Y13: =SUMIF('Performance data'!$B:$B, $B13,'Performance data'!AD:AD) -> 0 | Z13: =J13 -> 0 | AA13: =K13 -> 0 | AC13: =Z13/X13-1 -> #DIV/0! | AD13: =Z13/Y13-1 -> #DIV/0! | AE13: =AA13/Z13-1 -> #DIV/0!
B14: 25028 | C14: Jenny Y Yu; MD FACS PLLC | D14: =VLOOKUP($B14, 'Performance data'!$B:$K, 3, 0) -> Northeast | E14: =VLOOKUP($B14, 'Performance data'!$B:$K, 4, 0) -> Emily | F14: =VLOOKUP($B14, 'Performance data'!$B:$K, 7, 0) -> 2023 | G14: No | H14: =VLOOKUP($B14, 'Performance data'!$B:$K, 5, 0) -> N/A | I14: Lost | J14: =P14 -> 0 | K14: 0 | M14: Lose | O14: =SUMIF('Performance data'!$B:$B, $B14,'Performance data'!K:K) -> 0 | P14: =SUMIF('Performance data'!$B:$B, $B14,'Performance data'!L:L) -> 0 | Q14: =SUMIF('Performance data'!$B:$B, $B14,'Performance data'!M:M) -> 0 | S14: =$P14/O14-1 -> #DIV/0! | T14: =P14/Q14-1 -> #DIV/0! | V14: =SUMIF('Performance data'!$B:$B, $B14,'Performance data'!Z:Z) -> 0 | W14: =SUMIF('Performance data'!$B:$B, $B14,'Performance data'!AA:AA) -> 2978 | X14: =SUMIF('Performance data'!$B:$B, $B14,'Performance data'!AB:AB) -> 0 | Y14: =SUMIF('Performance data'!$B:$B, $B14,'Performance data'!AD:AD) -> 0 | Z14: =J14 -> 0 | AA14: =K14 -> 0 | AC14: =Z14/X14-1 -> #DIV/0! | AD14: =Z14/Y14-1 -> #DIV/0! | AE14: =AA14/Z14-1 -> #DIV/0!
... B18: 25057 | C18: Waldorf Astoria Spa Chicago | D18: =VLOOKUP($B18, 'Performance data'!$B:$K, 3, 0) -> Central | E18: =VLOOKUP($B18, 'Performance data'!$B:$K, 4, 0) -> Emily | F18: =VLOOKUP($B18, 'Performance data'!$B:$K, 7, 0) -> 2024 | G18: No | H18: =VLOOKUP($B18, 'Performance data'!$B:$K, 5, 0) -> NKD24 | I18: Lost | J18: =P18 -> 0 | K18: 0 | M18: Lose | O18: =SUMIF('Performance data'!$B:$B, $B18,'Performance data'!K:K) -> 5494 | P18: =SUMIF('Performance data'!$B:$B, $B18,'Performance data'!L:L) -> 0 | Q18: =SUMIF('Performance data'!$B:$B, $B18,'Performance data'!M:M) -> 10000 | S18: =$P18/O18-1 -> -1 | T18: =P18/Q18-1 -> -1 | V18: =SUMIF('Performance data'!$B:$B, $B18,'Performance data'!Z:Z) -> 0 | W18: =SUMIF('Performance data'!$B:$B, $B18,'Performance data'!AA:AA) -> 0 | X18: =SUMIF('Performance data'!$B:$B, $B18,'Performance data'!AB:AB) -> 5494 | Y18: =SUMIF('Performance data'!$B:$B, $B18,'Performance data'!AD:AD) -> 10000 | Z18: =J18 -> 0 | AA18: =K18 -> 0 | AC18: =Z18/X18-1 -> -1 | AD18: =Z18/Y18-1 -> -1 | AE18: =AA18/Z18-1 -> #DIV/0!
B24: Total Lost Doors | G24: =COUNTIF(G3:G23, "Yes") -> 0 | J24: =SUM(J3:J23) -> 0 | K24: =SUM(K3:K23) -> 0 | O24: =SUM(O3:O23) -> 5494 | P24: =SUM(P3:P23) -> 0 | Q24: =SUM(Q3:Q23) -> 10000 | S24: =$P24/O24-1 -> -1 | T24: =P24/Q24-1 -> -1 | V24: =SUM(V3:V23) -> 109625.79 | W24: =SUM(W3:W23) -> 26655.12 | X24: =SUM(X3:X23) -> 5494 | Y24: =SUM(Y3:Y23) -> 10000 | Z24: =SUM(Z3:Z23) -> 0 | AA24: =SUM(AA3:AA23) -> 0 | AC24: =Z24/X24-1 -> -1 | AD24: =Z24/Y24-1 -> -1 | AE24: =AA24/Z24-1 -> #DIV/0!

Sheet Performance data
Z1: Full year | AA1: Full year | AB1: Full year | AC1: Full year | AD1: Full year | AF1: Full year | AG1: Full year | AH1: Full year | AI1: Full year | AJ1: Full year | AL1: Full year | AM1: Full year | AN1: Full year | AO1: Full year
B2: Customer No. | C2: Customer Name | D2: Region | E2: Sales person | F2: Cluster | G2: Active? | H2: New door year | I2: 2022 | J2: 2023 | K2: 2024 | L2: 2025 | M2: 2025B | O2: 25 vs 24 % | P2: 25 vs 23 % | Q2: 25 vs 22 % | R2: 25 vs 25B % | S2: 25 vs 22 CAGR % | U2: 25 vs 24 sales | V2: 25 vs 23 sales | W2: 25 vs 22 sales | X2: 25 vs 25B sales | Z2: 2022 | AA2: 2023 | AB2: 2024 | AC2: 2025F | AD2: 2025B | AF2: 25 vs 24 % | AG2: 25 vs 23 % | AH2: 25 vs 22 % | AI2: 25 vs 25B % | AJ2: 25 vs 22 CAGR % | AL2: 25 vs 24 sales | AM2: 25 vs 23 sales | AN2: 25 vs 22 sales | AO2: 25 vs 25B sales
B3: 25000 | C3: West Coast Lifestyles Inc.; CA | D3: =VLOOKUP($B3, Spa!$B:$P, 15, 0) -> West | E3: =VLOOKUP($B3, Spa!$B:$P, 14, 0) -> Amy | F3: =IF(H3=2024,"NKD24",IF(H3=2025,"NKD25",IF(AB3>50000,"A+",IF(AB3>20000,"A",IF(AB3>10000,"B",IF(AB3=0, "N/A", "C")))))) -> C | G3: =VLOOKUP($B3, Spa!$B:$P, 12, 0) -> Yes | H3: =VLOOKUP($B3, Spa!$B:$P, 3, 0) -> 2021 | I3: =SUMIF('2022'!$B:$B,$B3, '2022'!$AI:$AI) -> 5749.65 | J3: =SUMIF('2023'!$B:$B,$B3,'2023'!$AI:$AI) -> 7017.28 | K3: =SUMIF('2024'!$B:$B,$B3,'2024'!$AI:$AI) -> 1539.92 | L3: =SUMIF('2025'!$B:$B,$B3,'2025'!$AI:$AI) -> 737 | M3: =SUMIF('2025B'!$B:$B,$B3,'2025B'!$AI:$AI) -> 1500 | O3: =IFERROR($L3/K3-1, "N/A") -> -0.52140371 | P3: =IFERROR($L3/J3-1, "N/A") -> -0.89497355 | Q3: =IFERROR($L3/I3-1, "N/A") -> -0.87181828 | R3: =IFERROR($L3/M3-1, "N/A") -> -0.50866667 | S3: =IFERROR(_xlfn.RRI(4,I3,L3), "N/A") -> -0.40164831 | U3: =$L3-K3 -> -802.92 | V3: =$L3-J3 -> -6280.28 | W3: =$L3-I3 -> -5012.65 | X3: =$L3-M3 -> -763 | Z3: =SUMIF('2022'!$B:$B,$B3,'2022'!$AI:$AI) -> 5749.65 | AA3: =SUMIF('2023'!$B:$B,$B3,'2023'!$AI:$AI) -> 7017.28 | AB3: =SUMIF('2024'!$B:$B,$B3,'2024'!$AI:$AI) -> 1539.92 | AC3: =L3 -> 737 | AD3: =SUMIF('2025B'!$B:$B,$B3,'2025B'!$AI:$AI) -> 1500 | AF3: =IFERROR($AC3/AB3-1, "N/A") -> -0.52140371 | AG3: =IFERROR($AC3/AA3-1, "N/A") -> -0.89497355 | AH3: =IFERROR($AC3/Z3-1, "N/A") -> -0.87181828 | AI3: =IFERROR($AC3/AD3-1, "N/A") -> -0.50866667 | AJ3: =IFERROR(_xlfn.RRI(4,Z3,AC3), "N/A") -> -0.40164831 | AL3: =$AC3-AB3 -> -802.92 | AM3: =$AC3-AA3 -> -6280.28 | AN3: =$AC3-Z3 -> -5012.65 | AO3: =$AC3-AD3 -> -763
B4: 25001 | C4: Four Seasons Hotel Philadelphia; PA | D4: =VLOOKUP($B4, Spa!$B:$P, 15, 0) -> Northeast | E4: =VLOOKUP($B4, Spa!$B:$P, 14, 0) -> Emily | F4: =IF(H4=2024,"NKD24",IF(H4=2025,"NKD25",IF(AB4>50000,"A+",IF(AB4>20000,"A",IF(AB4>10000,"B",IF(AB4=0, "N/A", "C")))))) -> A | G4: =VLOOKUP($B4, Spa!$B:$P, 12, 0) -> Yes | H4: =VLOOKUP($B4, Spa!$B:$P, 3, 0) -> 2021 | I4: =SUMIF('2022'!$B:$B,$B4, '2022'!$AI:$AI) -> 32357.19 | J4: =SUMIF('2023'!$B:$B,$B4,'2023'!$AI:$AI) -> 24745.57 | K4: =SUMIF('2024'!$B:$B,$B4,'2024'!$AI:$AI) -> 33680.82 | L4: =SUMIF('2025'!$B:$B,$B4,'2025'!$AI:$AI) -> 26036.49 | M4: =SUMIF('2025B'!$B:$B,$B4,'2025B'!$AI:$AI) -> 40000 | O4: =IFERROR($L4/K4-1, "N/A") -> -0.22696389 | P4: =IFERROR($L4/J4-1, "N/A") -> 0.052167721 | Q4: =IFERROR($L4/I4-1, "N/A") -> -0.19534144 | R4: =IFERROR($L4/M4-1, "N/A") -> -0.34908775 | S4: =IFERROR(_xlfn.RRI(4,I4,L4), "N/A") -> -0.052884576 | U4: =$L4-K4 -> -7644.33 | V4: =$L4-J4 -> 1290.92 | W4: =$L4-I4 -> -6320.7 | X4: =$L4-M4 -> -13963.51 | Z4: =SUMIF('2022'!$B:$B,$B4,'2022'!$AI:$AI) -> 32357.19 | AA4: =SUMIF('2023'!$B:$B,$B4,'2023'!$AI:$AI) -> 24745.57 | AB4: =SUMIF('2024'!$B:$B,$B4,'2024'!$AI:$AI) -> 33680.82 | AC4: =L4 -> 26036.49 | AD4: =SUMIF('2025B'!$B:$B,$B4,'2025B'!$AI:$AI) -> 40000 | AF4: =IFERROR($AC4/AB4-1, "N/A") -> -0.22696389 | AG4: =IFERROR($AC4/AA4-1, "N/A") -> 0.052167721 | AH4: =IFERROR($AC4/Z4-1, "N/A") -> -0.19534144 | AI4: =IFERROR($AC4/AD4-1, "N/A") -> -0.34908775 | AJ4: =IFERROR(_xlfn.RRI(4,Z4,AC4), "N/A") -> -0.052884576 | AL4: =$AC4-AB4 -> -7644.33 | AM4: =$AC4-AA4 -> 1290.92 | AN4: =$AC4-Z4 -> -6320.7 | AO4: =$AC4-AD4 -> -13963.51
B5: 25002 | C5: Porto Vita/Villa Grande Club; Fl | D5: =VLOOKUP($B5, Spa!$B:$P, 15, 0) -> Southeast | E5: =VLOOKUP($B5, Spa!$B:$P, 14, 0) -> Lisa | F5: =IF(H5=2024,"NKD24",IF(H5=2025,"NKD25",IF(AB5>50000,"A+",IF(AB5>20000,"A",IF(AB5>10000,"B",IF(AB5=0, "N/A", "C")))))) -> B | G5: =VLOOKUP($B5, Spa!$B:$P, 12, 0) -> Yes | H5: =VLOOKUP($B5, Spa!$B:$P, 3, 0) -> 2021 | I5: =SUMIF('2022'!$B:$B,$B5, '2022'!$AI:$AI) -> 16004.09 | J5: =SUMIF('2023'!$B:$B,$B5,'2023'!$AI:$AI) -> 7361.64 | K5: =SUMIF('2024'!$B:$B,$B5,'2024'!$AI:$AI) -> 18065.78 | L5: =SUMIF('2025'!$B:$B,$B5,'2025'!$AI:$AI) -> 25700.67 | M5: =SUMIF('2025B'!$B:$B,$B5,'2025B'!$AI:$AI) -> 20000 | O5: =IFERROR($L5/K5-1, "N/A") -> 0.42261613 | P5: =IFERROR($L5/J5-1, "N/A") -> 2.4911609 | Q5: =IFERROR($L5/I5-1, "N/A") -> 0.60588137 | R5: =IFERROR($L5/M5-1, "N/A") -> 0.2850335 | S5: =IFERROR(_xlfn.RRI(4,I5,L5), "N/A") -> 0.12571477 | U5: =$L5-K5 -> 7634.89 | V5: =$L5-J5 -> 18339.03 | W5: =$L5-I5 -> 9696.58 | X5: =$L5-M5 -> 5700.67 | Z5: =SUMIF('2022'!$B:$B,$B5,'2022'!$AI:$AI) -> 16004.09 | AA5: =SUMIF('2023'!$B:$B,$B5,'2023'!$AI:$AI) -> 7361.64 | AB5: =SUMIF('2024'!$B:$B,$B5,'2024'!$AI:$AI) -> 18065.78 | AC5: =L5 -> 25700.67 | AD5: =SUMIF('2025B'!$B:$B,$B5,'2025B'!$AI:$AI) -> 20000 | AF5: =IFERROR($AC5/AB5-1, "N/A") -> 0.42261613 | AG5: =IFERROR($AC5/AA5-1, "N/A") -> 2.4911609 | AH5: =IFERROR($AC5/Z5-1, "N/A") -> 0.60588137 | AI5: =IFERROR($AC5/AD5-1, "N/A") -> 0.2850335 | AJ5: =IFERROR(_xlfn.RRI(4,Z5,AC5), "N/A") -> 0.12571477 | AL5: =$AC5-AB5 -> 7634.89 | AM5: =$AC5-AA5 -> 18339.03 | AN5: =$AC5-Z5 -> 9696.58 | AO5: =$AC5-AD5 -> 5700.67
B6: 25003 | C6: The resort at Longboat Key CLub; Florida | D6: =VLOOKUP($B6, Spa!$B:$P, 15, 0) -> Southeast | E6: =VLOOKUP($B6, Spa!$B:$P, 14, 0) -> Lisa | F6: =IF(H6=2024,"NKD24",IF(H6=2025,"NKD25",IF(AB6>50000,"A+",IF(AB6>20000,"A",IF(AB6>10000,"B",IF(AB6=0, "N/A", "C")))))) -> N/A | G6: =VLOOKUP($B6, Spa!$B:$P, 12, 0) -> No | H6: =VLOOKUP($B6, Spa!$B:$P, 3, 0) -> 2021 | I6: =SUMIF('2022'!$B:$B,$B6, '2022'!$AI:$AI) -> 1917.25 | J6: =SUMIF('2023'!$B:$B,$B6,'2023'!$AI:$AI) -> 0 | K6: =SUMIF('2024'!$B:$B,$B6,'2024'!$AI:$AI) -> 0 | L6: =SUMIF('2025'!$B:$B,$B6,'2025'!$AI:$AI) -> 0 | M6: =SUMIF('2025B'!$B:$B,$B6,'2025B'!$AI:$AI) -> 0 | O6: =IFERROR($L6/K6-1, "N/A") -> N/A | P6: =IFERROR($L6/J6-1, "N/A") -> N/A | Q6: =IFERROR($L6/I6-1, "N/A") -> -1 | R6: =IFERROR($L6/M6-1, "N/A") -> N/A | S6: =IFERROR(_xlfn.RRI(4,I6,L6), "N/A") -> -1 | U6: =$L6-K6 -> 0 | V6: =$L6-J6 -> 0 | W6: =$L6-I6 -> -1917.25 | X6: =$L6-M6 -> 0 | Z6: =SUMIF('2022'!$B:$B,$B6,'2022'!$AI:$AI) -> 1917.25 | AA6: =SUMIF('2023'!$B:$B,$B6,'2023'!$AI:$AI) -> 0 | AB6: =SUMIF('2024'!$B:$B,$B6,'2024'!$AI:$AI) -> 0 | AC6: =L6 -> 0 | AD6: =SUMIF('2025B'!$B:$B,$B6,'2025B'!$AI:$AI) -> 0 | AF6: =IFERROR($AC6/AB6-1, "N/A") -> N/A | AG6: =IFERROR($AC6/AA6-1, "N/A") -> N/A | AH6: =IFERROR($AC6/Z6-1, "N/A") -> -1 | AI6: =IFERROR($AC6/AD6-1, "N/A") -> N/A | AJ6: =IFERROR(_xlfn.RRI(4,Z6,AC6), "N/A") -> -1 | AL6: =$AC6-AB6 -> 0 | AM6: =$AC6-AA6 -> 0 | AN6: =$AC6-Z6 -> -1917.25 | AO6: =$AC6-AD6 -> 0
B7: 25004 | C7: Teton Mountain Lodge | D7: =VLOOKUP($B7, Spa!$B:$P, 15, 0) -> West | E7: =VLOOKUP($B7, Spa!$B:$P, 14, 0) -> Amy | F7: =IF(H7=2024,"NKD24",IF(H7=2025,"NKD25",IF(AB7>50000,"A+",IF(AB7>20000,"A",IF(AB7>10000,"B",IF(AB7=0, "N/A", "C")))))) -> B | G7: =VLOOKUP($B7, Spa!$B:$P, 12, 0) -> Yes | H7: =VLOOKUP($B7, Spa!$B:$P, 3, 0) -> 2021 | I7: =SUMIF('2022'!$B:$B,$B7, '2022'!$AI:$AI) -> 5634 | J7: =SUMIF('2023'!$B:$B,$B7,'2023'!$AI:$AI) -> 7158.06 | K7: =SUMIF('2024'!$B:$B,$B7,'2024'!$AI:$AI) -> 10917.56 | L7: =SUMIF('2025'!$B:$B,$B7,'2025'!$AI:$AI) -> 6008.52 | M7: =SUMIF('2025B'!$B:$B,$B7,'2025B'!$AI:$AI) -> 12000 | O7: =IFERROR($L7/K7-1, "N/A") -> -0.44964626 | P7: =IFERROR($L7/J7-1, "N/A") -> -0.16059379 | Q7: =IFERROR($L7/I7-1, "N/A") -> 0.066474973 | R7: =IFERROR($L7/M7-1, "N/A") -> -0.49929 | S7: =IFERROR(_xlfn.RRI(4,I7,L7), "N/A") -> 0.016219834 | U7: =$L7-K7 -> -4909.04 | V7: =$L7-J7 -> -1149.54 | W7: =$L7-I7 -> 374.52 | X7: =$L7-M7 -> -5991.48 | Z7: =SUMIF('2022'!$B:$B,$B7,'2022'!$AI:$AI) -> 5634 | AA7: =SUMIF('2023'!$B:$B,$B7,'2023'!$AI:$AI) -> 7158.06 | AB7: =SUMIF('2024'!$B:$B,$B7,'2024'!$AI:$AI) -> 10917.56 | AC7: =L7 -> 6008.52 | AD7: =SUMIF('2025B'!$B:$B,$B7,'2025B'!$AI:$AI) -> 12000 | AF7: =IFERROR($AC7/AB7-1, "N/A") -> -0.44964626 | AG7: =IFERROR($AC7/AA7-1, "N/A") -> -0.16059379 | AH7: =IFERROR($AC7/Z7-1, "N/A") -> 0.066474973 | AI7: =IFERROR($AC7/AD7-1, "N/A") -> -0.49929 | AJ7: =IFERROR(_xlfn.RRI(4,Z7,AC7), "N/A") -> 0.016219834 | AL7: =$AC7-AB7 -> -4909.04 | AM7: =$AC7-AA7 -> -1149.54 | AN7: =$AC7-Z7 -> 374.52 | AO7: =$AC7-AD7 -> -5991.48
B8: 25008 | C8: Stars Skincare Med Spa, Florida | D8: =VLOOKUP($B8, Spa!$B:$P, 15, 0) -> Southeast | E8: =VLOOKUP($B8, Spa!$B:$P, 14, 0) -> Lisa | F8: =IF(H8=2024,"NKD24",IF(H8=2025,"NKD25",IF(AB8>50000,"A+",IF(AB8>20000,"A",IF(AB8>10000,"B",IF(AB8=0, "N/A", "C")))))) -> N/A | G8: =VLOOKUP($B8, Spa!$B:$P, 12, 0) -> Yes | H8: =VLOOKUP($B8, Spa!$B:$P, 3, 0) -> 2021 | I8: =SUMIF('2022'!$B:$B,$B8, '2022'!$AI:$AI) -> 1083 | J8: =SUMIF('2023'!$B:$B,$B8,'2023'!$AI:$AI) -> 1129.5 | K8: =SUMIF('2024'!$B:$B,$B8,'2024'!$AI:$AI) -> 0 | L8: =SUMIF('2025'!$B:$B,$B8,'2025'!$AI:$AI) -> 0 | M8: =SUMIF('2025B'!$B:$B,$B8,'2025B'!$AI:$AI) -> 0 | O8: =IFERROR($L8/K8-1, "N/A") -> N/A | P8: =IFERROR($L8/J8-1, "N/A") -> -1 | Q8: =IFERROR($L8/I8-1, "N/A") -> -1 | R8: =IFERROR($L8/M8-1, "N/A") -> N/A | S8: =IFERROR(_xlfn.RRI(4,I8,L8), "N/A") -> -1 | U8: =$L8-K8 -> 0 | V8: =$L8-J8 -> -1129.5 | W8: =$L8-I8 -> -1083 | X8: =$L8-M8 -> 0 | Z8: =SUMIF('2022'!$B:$B,$B8,'2022'!$AI:$AI) -> 1083 | AA8: =SUMIF('2023'!$B:$B,$B8,'2023'!$AI:$AI) -> 1129.5 | AB8: =SUMIF('2024'!$B:$B,$B8,'2024'!$AI:$AI) -> 0 | AC8: =L8 -> 0 | AD8: =SUMIF('2025B'!$B:$B,$B8,'2025B'!$AI:$AI) -> 0 | AF8: =IFERROR($AC8/AB8-1, "N/A") -> N/A | AG8: =IFERROR($AC8/AA8-1, "N/A") -> -1 | AH8: =IFERROR($AC8/Z8-1, "N/A") -> -1 | AI8: =IFERROR($AC8/AD8-1, "N/A") -> N/A | AJ8: =IFERROR(_xlfn.RRI(4,Z8,AC8), "N/A") -> -1 | AL8: =$AC8-AB8 -> 0 | AM8: =$AC8-AA8 -> -1129.5 | AN8: =$AC8-Z8 -> -1083 | AO8: =$AC8-AD8 -> 0
B9: 25009 | C9: Glo Rejuvenation; Oregon | D9: =VLOOKUP($B9, Spa!$B:$P, 15, 0) -> West | E9: =VLOOKUP($B9, Spa!$B:$P, 14, 0) -> Amy | F9: =IF(H9=2024,"NKD24",IF(H9=2025,"NKD25",IF(AB9>50000,"A+",IF(AB9>20000,"A",IF(AB9>10000,"B",IF(AB9=0, "N/A", "C")))))) -> N/A | G9: =VLOOKUP($B9, Spa!$B:$P, 12, 0) -> No | H9: =VLOOKUP($B9, Spa!$B:$P, 3, 0) -> 2022 | I9: =SUMIF('2022'!$B:$B,$B9, '2022'!$AI:$AI) -> 22959.84 | J9: =SUMIF('2023'!$B:$B,$B9,'2023'!$AI:$AI) -> 9876.65 | K9: =SUMIF('2024'!$B:$B,$B9,'2024'!$AI:$AI) -> 0 | L9: =SUMIF('2025'!$B:$B,$B9,'2025'!$AI:$AI) -> 0 | M9: =SUMIF('2025B'!$B:$B,$B9,'2025B'!$AI:$AI) -> 0 | O9: =IFERROR($L9/K9-1, "N/A") -> N/A | P9: =IFERROR($L9/J9-1, "N/A") -> -1 | Q9: =IFERROR($L9/I9-1, "N/A") -> -1 | R9: =IFERROR($L9/M9-1, "N/A") -> N/A | S9: =IFERROR(_xlfn.RRI(4,I9,L9), "N/A") -> -1 | U9: =$L9-K9 -> 0 | V9: =$L9-J9 -> -9876.65 | W9: =$L9-I9 -> -22959.84 | X9: =$L9-M9 -> 0 | Z9: =SUMIF('2022'!$B:$B,$B9,'2022'!$AI:$AI) -> 22959.84 | AA9: =SUMIF('2023'!$B:$B,$B9,'2023'!$AI:$AI) -> 9876.65 | AB9: =SUMIF('2024'!$B:$B,$B9,'2024'!$AI:$AI) -> 0 | AC9: =L9 -> 0 | AD9: =SUMIF('2025B'!$B:$B,$B9,'2025B'!$AI:$AI) -> 0 | AF9: =IFERROR($AC9/AB9-1, "N/A") -> N/A | AG9: =IFERROR($AC9/AA9-1, "N/A") -> -1 | AH9: =IFERROR($AC9/Z9-1, "N/A") -> -1 | AI9: =IFERROR($AC9/AD9-1, "N/A") -> N/A | AJ9: =IFERROR(_xlfn.RRI(4,Z9,AC9), "N/A") -> -1 | AL9: =$AC9-AB9 -> 0 | AM9: =$AC9-AA9 -> -9876.65 | AN9: =$AC9-Z9 -> -22959.84 | AO9: =$AC9-AD9 -> 0
B10: 25010 | C10: Four Seasons Hotel, Fort Lauderdale; FL | D10: =VLOOKUP($B10, Spa!$B:$P, 15, 0) -> Southeast | E10: =VLOOKUP($B10, Spa!$B:$P, 14, 0) -> Lisa | F10: =IF(H10=2024,"NKD24",IF(H10=2025,"NKD25",IF(AB10>50000,"A+",IF(AB10>20000,"A",IF(AB10>10000,"B",IF(AB10=0, "N/A", "C")))))) -> A | G10: =VLOOKUP($B10, Spa!$B:$P, 12, 0) -> Yes | H10: =VLOOKUP($B10, Spa!$B:$P, 3, 0) -> 2022 | I10: =SUMIF('2022'!$B:$B,$B10, '2022'!$AI:$AI) -> 54627.81 | J10: =SUMIF('2023'!$B:$B,$B10,'2023'!$AI:$AI) -> 53276.36 | K10: =SUMIF('2024'!$B:$B,$B10,'2024'!$AI:$AI) -> 45516.32 | L10: =SUMIF('2025'!$B:$B,$B10,'2025'!$AI:$AI) -> 37341.28 | M10: =SUMIF('2025B'!$B:$B,$B10,'2025B'!$AI:$AI) -> 50000 | O10: =IFERROR($L10/K10-1, "N/A") -> -0.17960679 | P10: =IFERROR($L10/J10-1, "N/A") -> -0.29910227 | Q10: =IFERROR($L10/I10-1, "N/A") -> -0.31644194 | R10: =IFERROR($L10/M10-1, "N/A") -> -0.2531744 | S10: =IFERROR(_xlfn.RRI(4,I10,L10), "N/A") -> -0.090727927 | U10: =$L10-K10 -> -8175.04 | V10: =$L10-J10 -> -15935.08 | W10: =$L10-I10 -> -17286.53 | X10: =$L10-M10 -> -12658.72 | Z10: =SUMIF('2022'!$B:$B,$B10,'2022'!$AI:$AI) -> 54627.81 | AA10: =SUMIF('2023'!$B:$B,$B10,'2023'!$AI:$AI) -> 53276.36 | AB10: =SUMIF('2024'!$B:$B,$B10,'2024'!$AI:$AI) -> 45516.32 | AC10: =L10 -> 37341.28 | AD10: =SUMIF('2025B'!$B:$B,$B10,'2025B'!$AI:$AI) -> 50000 | AF10: =IFERROR($AC10/AB10-1, "N/A") -> -0.17960679 | AG10: =IFERROR($AC10/AA10-1, "N/A") -> -0.29910227 | AH10: =IFERROR($AC10/Z10-1, "N/A") -> -0.31644194 | AI10: =IFERROR($AC10/AD10-1, "N/A") -> -0.2531744 | AJ10: =IFERROR(_xlfn.RRI(4,Z10,AC10), "N/A") -> -0.090727927 | AL10: =$AC10-AB10 -> -8175.04 | AM10: =$AC10-AA10 -> -15935.08 | AN10: =$AC10-Z10 -> -17286.53 | AO10: =$AC10-AD10 -> -12658.72
B11: 25011 | C11: D&G Global Inc.; Claire Gobler; CA | D11: =VLOOKUP($B11, Spa!$B:$P, 15, 0) -> West | E11: =VLOOKUP($B11, Spa!$B:$P, 14, 0) -> Amy | F11: =IF(H11=2024,"NKD24",IF(H11=2025,"NKD25",IF(AB11>50000,"A+",IF(AB11>20000,"A",IF(AB11>10000,"B",IF(AB11=0, "N/A", "C")))))) -> N/A | G11: =VLOOKUP($B11, Spa!$B:$P, 12, 0) -> No | H11: =VLOOKUP($B11, Spa!$B:$P, 3, 0) -> 2022 | I11: =SUMIF('2022'!$B:$B,$B11, '2022'!$AI:$AI) -> 25189.2 | J11: =SUMIF('2023'!$B:$B,$B11,'2023'!$AI:$AI) -> 524.2 | K11: =SUMIF('2024'!$B:$B,$B11,'2024'!$AI:$AI) -> 0 | L11: =SUMIF('2025'!$B:$B,$B11,'2025'!$AI:$AI) -> 0 | M11: =SUMIF('2025B'!$B:$B,$B11,'2025B'!$AI:$AI) -> 0 | O11: =IFERROR($L11/K11-1, "N/A") -> N/A | P11: =IFERROR($L11/J11-1, "N/A") -> -1 | Q11: =IFERROR($L11/I11-1, "N/A") -> -1 | R11: =IFERROR($L11/M11-1, "N/A") -> N/A | S11: =IFERROR(_xlfn.RRI(4,I11,L11), "N/A") -> -1 | U11: =$L11-K11 -> 0 | V11: =$L11-J11 -> -524.2 | W11: =$L11-I11 -> -25189.2 | X11: =$L11-M11 -> 0 | Z11: =SUMIF('2022'!$B:$B,$B11,'2022'!$AI:$AI) -> 25189.2 | AA11: =SUMIF('2023'!$B:$B,$B11,'2023'!$AI:$AI) -> 524.2 | AB11: =SUMIF('2024'!$B:$B,$B11,'2024'!$AI:$AI) -> 0 | AC11: =L11 -> 0 | AD11: =SUMIF('2025B'!$B:$B,$B11,'2025B'!$AI:$AI) -> 0 | AF11: =IFERROR($AC11/AB11-1, "N/A") -> N/A | AG11: =IFERROR($AC11/AA11-1, "N/A") -> -1 | AH11: =IFERROR($AC11/Z11-1, "N/A") -> -1 | AI11: =IFERROR($AC11/AD11-1, "N/A") -> N/A | AJ11: =IFERROR(_xlfn.RRI(4,Z11,AC11), "N/A") -> -1 | AL11: =$AC11-AB11 -> 0 | AM11: =$AC11-AA11 -> -524.2 | AN11: =$AC11-Z11 -> -25189.2 | AO11: =$AC11-AD11 -> 0
B12: 25012 | C12: Rosewood Sense Spa, CA | D12: =VLOOKUP($B12, Spa!$B:$P, 15, 0) -> West | E12: =VLOOKUP($B12, Spa!$B:$P, 14, 0) -> Amy | F12: =IF(H12=2024,"NKD24",IF(H12=2025,"NKD25",IF(AB12>50000,"A+",IF(AB12>20000,"A",IF(AB12>10000,"B",IF(AB12=0, "N/A", "C")))))) -> A+ | G12: =VLOOKUP($B12, Spa!$B:$P, 12, 0) -> Yes | H12: =VLOOKUP($B12, Spa!$B:$P, 3, 0) -> 2022 | I12: =SUMIF('2022'!$B:$B,$B12, '2022'!$AI:$AI) -> 127800.66 | J12: =SUMIF('2023'!$B:$B,$B12,'2023'!$AI:$AI) -> 127251.66 | K12: =SUMIF('2024'!$B:$B,$B12,'2024'!$AI:$AI) -> 104398.38 | L12: =SUMIF('2025'!$B:$B,$B12,'2025'!$AI:$AI) -> 52636.33 | M12: =SUMIF('2025B'!$B:$B,$B12,'2025B'!$AI:$AI) -> 120000 | O12: =IFERROR($L12/K12-1, "N/A") -> -0.49581277 | P12: =IFERROR($L12/J12-1, "N/A") -> -0.58636037 | Q12: =IFERROR($L12/I12-1, "N/A") -> -0.58813726 | R12: =IFERROR($L12/M12-1, "N/A") -> -0.56136392 | S12: =IFERROR(_xlfn.RRI(4,I12,L12), "N/A") -> -0.19889743 | U12: =$L12-K12 -> -51762.05 | V12: =$L12-J12 -> -74615.33 | W12: =$L12-I12 -> -75164.33 | X12: =$L12-M12 -> -67363.67 | Z12: =SUMIF('2022'!$B:$B,$B12,'2022'!$AI:$AI) -> 127800.66 | AA12: =SUMIF('2023'!$B:$B,$B12,'2023'!$AI:$AI) -> 127251.66 | AB12: =SUMIF('2024'!$B:$B,$B12,'2024'!$AI:$AI) -> 104398.38 | AC12: =L12 -> 52636.33 | AD12: =SUMIF('2025B'!$B:$B,$B12,'2025B'!$AI:$AI) -> 120000 | AF12: =IFERROR($AC12/AB12-1, "N/A") -> -0.49581277 | AG12: =IFERROR($AC12/AA12-1, "N/A") -> -0.58636037 | AH12: =IFERROR($AC12/Z12-1, "N/A") -> -0.58813726 | AI12: =IFERROR($AC12/AD12-1, "N/A") -> -0.56136392 | AJ12: =IFERROR(_xlfn.RRI(4,Z12,AC12), "N/A") -> -0.19889743 | AL12: =$AC12-AB12 -> -51762.05 | AM12: =$AC12-AA12 -> -74615.33 | AN12: =$AC12-Z12 -> -75164.33 | AO12: =$AC12-AD12 -> -67363.67
B13: 25013 | C13: Gurney ´s Inn Resort & Spa LLC; NY | D13: =VLOOKUP($B13, Spa!$B:$P, 15, 0) -> Central | E13: =VLOOKUP($B13, Spa!$B:$P, 14, 0) -> Emily | F13: =IF(H13=2024,"NKD24",IF(H13=2025,"NKD25",IF(AB13>50000,"A+",IF(AB13>20000,"A",IF(AB13>10000,"B",IF(AB13=0, "N/A", "C")))))) -> N/A | G13: =VLOOKUP($B13, Spa!$B:$P, 12, 0) -> No | H13: =VLOOKUP($B13, Spa!$B:$P, 3, 0) -> 2022 | I13: =SUMIF('2022'!$B:$B,$B13, '2022'!$AI:$AI) -> 28353.3 | J13: =SUMIF('2023'!$B:$B,$B13,'2023'!$AI:$AI) -> 0 | K13: =SUMIF('2024'!$B:$B,$B13,'2024'!$AI:$AI) -> 0 | L13: =SUMIF('2025'!$B:$B,$B13,'2025'!$AI:$AI) -> 0 | M13: =SUMIF('2025B'!$B:$B,$B13,'2025B'!$AI:$AI) -> 0 | O13: =IFERROR($L13/K13-1, "N/A") -> N/A | P13: =IFERROR($L13/J13-1, "N/A") -> N/A | Q13: =IFERROR($L13/I13-1, "N/A") -> -1 | R13: =IFERROR($L13/M13-1, "N/A") -> N/A | S13: =IFERROR(_xlfn.RRI(4,I13,L13), "N/A") -> -1 | U13: =$L13-K13 -> 0 | V13: =$L13-J13 -> 0 | W13: =$L13-I13 -> -28353.3 | X13: =$L13-M13 -> 0 | Z13: =SUMIF('2022'!$B:$B,$B13,'2022'!$AI:$AI) -> 28353.3 | AA13: =SUMIF('2023'!$B:$B,$B13,'2023'!$AI:$AI) -> 0 | AB13: =SUMIF('2024'!$B:$B,$B13,'2024'!$AI:$AI) -> 0 | AC13: =L13 -> 0 | AD13: =SUMIF('2025B'!$B:$B,$B13,'2025B'!$AI:$AI) -> 0 | AF13: =IFERROR($AC13/AB13-1, "N/A") -> N/A | AG13: =IFERROR($AC13/AA13-1, "N/A") -> N/A | AH13: =IFERROR($AC13/Z13-1, "N/A") -> -1 | AI13: =IFERROR($AC13/AD13-1, "N/A") -> N/A | AJ13: =IFERROR(_xlfn.RRI(4,Z13,AC13), "N/A") -> -1 | AL13: =$AC13-AB13 -> 0 | AM13: =$AC13-AA13 -> 0 | AN13: =$AC13-Z13 -> -28353.3 | AO13: =$AC13-AD13 -> 0
B14: 25015 | C14: Gateway Canyon Resort & Spa; CO | D14: =VLOOKUP($B14, Spa!$B:$P, 15, 0) -> West | E14: =VLOOKUP($B14, Spa!$B:$P, 14, 0) -> Amy | F14: =IF(H14=2024,"NKD24",IF(H14=2025,"NKD25",IF(AB14>50000,"A+",IF(AB14>20000,"A",IF(AB14>10000,"B",IF(AB14=0, "N/A", "C")))))) -> C | G14: =VLOOKUP($B14, Spa!$B:$P, 12, 0) -> Yes | H14: =VLOOKUP($B14, Spa!$B:$P, 3, 0) -> 2022 | I14: =SUMIF('2022'!$B:$B,$B14, '2022'!$AI:$AI) -> 9631.1 | J14: =SUMIF('2023'!$B:$B,$B14,'2023'!$AI:$AI) -> 6958.48 | K14: =SUMIF('2024'!$B:$B,$B14,'2024'!$AI:$AI) -> 2717.32 | L14: =SUMIF('2025'!$B:$B,$B14,'2025'!$AI:$AI) -> 1573.68 | M14: =SUMIF('2025B'!$B:$B,$B14,'2025B'!$AI:$AI) -> 3000 | O14: =IFERROR($L14/K14-1, "N/A") -> -0.42087056 | P14: =IFERROR($L14/J14-1, "N/A") -> -0.77384716 | Q14: =IFERROR($L14/I14-1, "N/A") -> -0.83660433 | R14: =IFERROR($L14/M14-1, "N/A") -> -0.47544 | S14: =IFERROR(_xlfn.RRI(4,I14,L14), "N/A") -> -0.36421521 | U14: =$L14-K14 -> -1143.64 | V14: =$L14-J14 -> -5384.8 | W14: =$L14-I14 -> -8057.42 | X14: =$L14-M14 -> -1426.32 | Z14: =SUMIF('2022'!$B:$B,$B14,'2022'!$AI:$AI) -> 9631.1 | AA14: =SUMIF('2023'!$B:$B,$B14,'2023'!$AI:$AI) -> 6958.48 | AB14: =SUMIF('2024'!$B:$B,$B14,'2024'!$AI:$AI) -> 2717.32 | AC14: =L14 -> 1573.68 | AD14: =SUMIF('2025B'!$B:$B,$B14,'2025B'!$AI:$AI) -> 3000 | AF14: =IFERROR($AC14/AB14-1, "N/A") -> -0.42087056 | AG14: =IFERROR($AC14/AA14-1, "N/A") -> -0.77384716 | AH14: =IFERROR($AC14/Z14-1, "N/A") -> -0.83660433 | AI14: =IFERROR($AC14/AD14-1, "N/A") -> -0.47544 | AJ14: =IFERROR(_xlfn.RRI(4,Z14,AC14), "N/A") -> -0.36421521 | AL14: =$AC14-AB14 -> -1143.64 | AM14: =$AC14-AA14 -> -5384.8 | AN14: =$AC14-Z14 -> -8057.42 | AO14: =$AC14-AD14 -> -1426.32
... B70: 25076 | C70: Costa d' Este Beach Resort & Spa | D70: =VLOOKUP($B70, Spa!$B:$P, 15, 0) -> Other | E70: =VLOOKUP($B70, Spa!$B:$P, 14, 0) -> Melissa | F70: =IF(H70=2024,"NKD24",IF(H70=2025,"NKD25",IF(AB70>50000,"A+",IF(AB70>20000,"A",IF(AB70>10000,"B",IF(AB70=0, "N/A", "C")))))) -> NKD25 | G70: =VLOOKUP($B70, Spa!$B:$P, 12, 0) -> Yes | H70: =VLOOKUP($B70, Spa!$B:$P, 3, 0) -> 2025 | I70: =SUMIF('2022'!$B:$B,$B70, '2022'!$AI:$AI) -> 0 | J70: =SUMIF('2023'!$B:$B,$B70,'2023'!$AI:$AI) -> 0 | K70: =SUMIF('2024'!$B:$B,$B70,'2024'!$AI:$AI) -> 0 | L70: =SUMIF('2025'!$B:$B,$B70,'2025'!$AI:$AI) -> 3193.01 | M70: =SUMIF('2025B'!$B:$B,$B70,'2025B'!$AI:$AI) -> 0 | O70: =IFERROR($L70/K70-1, "N/A") -> N/A | P70: =IFERROR($L70/J70-1, "N/A") -> N/A | Q70: =IFERROR($L70/I70-1, "N/A") -> N/A | R70: =IFERROR($L70/M70-1, "N/A") -> N/A | S70: =IFERROR(_xlfn.RRI(4,I70,L70), "N/A") -> N/A | U70: =$L70-K70 -> 3193.01 | V70: =$L70-J70 -> 3193.01 | W70: =$L70-I70 -> 3193.01 | X70: =$L70-M70 -> 3193.01 | Z70: =SUMIF('2022'!$B:$B,$B70,'2022'!$AI:$AI) -> 0 | AA70: =SUMIF('2023'!$B:$B,$B70,'2023'!$AI:$AI) -> 0 | AB70: =SUMIF('2024'!$B:$B,$B70,'2024'!$AI:$AI) -> 0 | AC70: =L70 -> 3193.01 | AD70: =SUMIF('2025B'!$B:$B,$B70,'2025B'!$AI:$AI) -> 0 | AF70: =IFERROR($AC70/AB70-1, "N/A") -> N/A | AG70: =IFERROR($AC70/AA70-1, "N/A") -> N/A | AH70: =IFERROR($AC70/Z70-1, "N/A") -> N/A | AI70: =IFERROR($AC70/AD70-1, "N/A") -> N/A | AJ70: =IFERROR(_xlfn.RRI(4,Z70,AC70), "N/A") -> N/A | AL70: =$AC70-AB70 -> 3193.01 | AM70: =$AC70-AA70 -> 3193.01 | AN70: =$AC70-Z70 -> 3193.01 | AO70: =$AC70-AD70 -> 3193.01

Sheet Spa
I1: 6 | J1: 19 | K1: 25 | L1: 37 | M1: 53
B2: Customer No. | C2: Customer Name | D2: New door year | E2: New door MMM-YY | F2: Lost door year | G2: Lost door MMM-YY | I2: Active End 2021 | J2: Active End 2022 | K2: Active End 2023 | L2: Active 2024 | M2: Active 2025 | O2: Sales Person | P2: Region | U2: 2025 YTD | V2: 2024 YTD | W2: % growth
B3: 25000 | C3: West Coast Lifestyles Inc.; CA | D3: 2021 | E3: 44378 | I3: Yes | J3: Yes | K3: Yes | L3: Yes | M3: Yes | O3: Amy | P3: West | R3: Amy | S3: West | U3: 737 | V3: 738.52 | W3: -0.0020581704
B4: 25001 | C4: Four Seasons Hotel Philadelphia; PA | D4: 2021 | E4: 44317 | I4: Yes | J4: Yes | K4: Yes | L4: Yes | M4: Yes | O4: Emily | P4: Northeast | R4: Nicole | S4: Northeast | U4: 9033.2 | V4: 17132.38 | W4: -0.47274109
B5: 25002 | C5: Porto Vita/Villa Grande Club; Fl | D5: 2021 | E5: 44409 | I5: Yes | J5: Yes | K5: Yes | L5: Yes | M5: Yes | O5: Lisa | P5: Southeast | R5: Lisa | S5: Southeast | U5: 14467.44 | V5: 5127.99 | W5: 1.8212692
B6: 25003 | C6: The resort at Longboat Key CLub; Florida | D6: 2021 | E6: 44440 | F6: 2022 | G6: 44805 | I6: Yes | J6: No | K6: No | L6: No | M6: No | O6: Lisa | P6: Southeast | R6: Lisa | S6: Southeast | U6: 0 | V6: 0 | W6: #DIV/0!
B7: 25004 | C7: Teton Mountain Lodge | D7: 2021 | E7: 44440 | I7: Yes | J7: Yes | K7: Yes | L7: Yes | M7: Yes | O7: Amy | P7: West | R7: Amy | S7: West | U7: 3699.81 | V7: 4463.52 | W7: -0.17110039
B8: 25008 | C8: Stars Skincare Med Spa, Florida | D8: 2021 | E8: 44531 | I8: Yes | J8: Yes | K8: Yes | L8: Yes | M8: Yes | O8: Lisa | P8: Southeast | R8: Lisa | S8: Southeast | U8: 0 | V8: 0 | W8: #DIV/0!
B9: 25009 | C9: Glo Rejuvenation; Oregon | D9: 2022 | E9: 44562 | F9: 2023 | G9: 45108 | I9: No | J9: Yes | K9: No | L9: No | M9: No | O9: Amy | P9: West | R9: Amy | S9: West | U9: 0 | V9: 0 | W9: #DIV/0!
B10: 25010 | C10: Four Seasons Hotel, Fort Lauderdale; FL | D10: 2022 | E10: 44562 | I10: No | J10: Yes | K10: Yes | L10: Yes | M10: Yes | O10: Lisa | P10: Southeast | R10: Lisa | S10: Southeast | U10: 24795.21 | V10: 29239.44 | W10: -0.15199436
B11: 25011 | C11: D&G Global Inc.; Claire Gobler; CA | D11: 2022 | E11: 44593 | F11: 2023 | G11: 44986 | I11: No | J11: Yes | K11: No | L11: No | M11: No | O11: Amy | P11: West | R11: Amy | S11: West | U11: 0 | V11: 0 | W11: #DIV/0!
B12: 25012 | C12: Rosewood Sense Spa, CA | D12: 2022 | E12: 44621 | I12: No | J12: Yes | K12: Yes | L12: Yes | M12: Yes | O12: Amy | P12: West | R12: Amy | S12: West | U12: 32325.59 | V12: 66879.21 | W12: -0.51665712
B13: 25013 | C13: Gurney ´s Inn Resort & Spa LLC; NY | D13: 2022 | E13: 44621 | F13: 2023 | G13: 44958 | I13: No | J13: Yes | K13: No | L13: No | M13: No | O13: Emily | P13: Central | R13: Emily | S13: Central | U13: 0 | V13: 0 | W13: #DIV/0!
B14: 25015 | C14: Gateway Canyon Resort & Spa; CO | D14: 2022 | E14: 44621 | I14: No | J14: Yes | K14: Yes | L14: Yes | M14: Yes | O14: Amy | P14: West | R14: Amy | S14: West | U14: 1573.68 | V14: 1453.98 | W14: 0.082325754
B15: 25016 | C15: Williams Island POA, Inc.Florida | D15: 2022 | E15: 44652 | I15: No | J15: Yes | K15: Yes | L15: Yes | M15: Yes | O15: Lisa | P15: Southeast | R15: Lisa | S15: Southeast | U15: 1700.92 | V15: 5289 | W15: -0.67840424
B16: 25018 | C16: Iridescent LLC; Big-Bang; Miiami; Paula | D16: 2022 | E16: 44743 | F16: 2023 | G16: 45261 | I16: No | J16: Yes | K16: No | L16: No | M16: No | O16: Lisa | P16: Southeast | R16: Lisa | S16: Southeast | U16: 0 | V16: 0 | W16: #DIV/0!
B17: 25019 | C17: Banyan Cay Res.; W Palm Beach; Melissa | D17: 2022 | E17: 44713 | F17: 2023 | G17: 45261 | I17: No | J17: Yes | K17: No | L17: No | M17: No | O17: Lisa | P17: Southeast | R17: Lisa | S17: Southeast | U17: 0 | V17: 0 | W17: #DIV/0!
B18: 25020 | C18: Faena Hotel Miami Beach; FL | D18: 2022 | E18: 44743 | F18: 2023 | G18: 44958 | I18: No | J18: Yes | K18: No | L18: No | M18: No | O18: Lisa | P18: Southeast | R18: Lisa | S18: Southeast | U18: 0 | V18: 0 | W18: #DIV/0!
B19: 25021 | C19: TALISKER CLUB; Holly Arndt | D19: N/A | E19: N/A | F19: N/A | G19: N/A | I19: No | J19: No | K19: No | L19: No | M19: No | O19: Amy | P19: Central | R19: Amy | S19: Central | U19: 0 | V19: 0 | W19: #DIV/0!
B20: 25022 | C20: Beating Hearts; Dallas; Lori Feste | D20: 2022 | E20: 44774 | F20: 2023 | G20: 44958 | I20: No | J20: Yes | K20: No | L20: No | M20: No | O20: Amy | P20: Central | R20: Amy | S20: Central | U20: 0 | V20: 0 | W20: #DIV/0!
B21: 25023 | C21: HLP Hotels LLC DBA Lost Pines; Texas | D21: 2022 | E21: 44805 | F21: 2024 | G21: 45444 | I21: No | J21: Yes | K21: Yes | L21: No | M21: No | O21: Amy | P21: Central | R21: Amy | S21: Central | U21: 0 | V21: 0 | W21: #DIV/0!
B22: 25024 | C22: Mt. Bailey Holdings, LLC; Four Seasons Hotel Atlanta | D22: 2022 | E22: 44835 | I22: No | J22: Yes | K22: Yes | L22: Yes | M22: Yes | O22: Lisa | P22: Southeast | R22: Lisa | S22: Southeast | U22: 0 | V22: 0 | W22: #DIV/0!
B23: 25025 | C23: ARCH Amenity Group, Florida | D23: N/A | E23: N/A | F23: N/A | G23: N/A | I23: No | J23: No | K23: No | L23: No | M23: No | O23: Lisa | P23: Southeast | R23: Lisa | S23: Southeast | U23: 0 | V23: 0 | W23: #DIV/0!
B24: 25026 | C24: JW Marriott Miami Turnberry | D24: 2023 | E24: 44927 | I24: No | J24: No | K24: Yes | L24: Yes | M24: Yes | O24: Lisa | P24: Southeast | R24: Lisa | S24: Southeast | U24: 3885.2 | V24: 3224.75 | W24: 0.20480657
B25: 25027 | C25: San Manuel Entert.; Yaamava Resort; Highland | D25: 2022 | E25: 44896 | I25: No | J25: Yes | K25: Yes | L25: Yes | M25: Yes | O25: Amy | P25: West | R25: Amy | S25: West | U25: 18856.08 | V25: 48635.43 | W25: -0.61229745
B26: 25028 | C26: Jenny Y Yu; MD FACS PLLC | D26: 2023 | E26: 44927 | F26: 2023 | G26: 45047 | I26: No | J26: No | K26: No | L26: No | M26: No | O26: Emily | P26: Northeast | R26: Nicole | S26: Northeast | U26: 0 | V26: 0 | W26: #DIV/0!
B27: 25029 | C27: Ana Molinari Inc.; FL | D27: 2023 | E27: 44927 | I27: No | J27: No | K27: Yes | L27: Yes | M27: Yes | O27: Lisa | P27: Southeast | R27: Lisa | S27: Southeast | U27: 2472.49 | V27: 0 | W27: #DIV/0!
B28: 25032 | C28: Four Seasons Hotel Las Vegas | D28: 2023 | E28: 45017 | I28: No | J28: No | K28: Yes | L28: Yes | M28: Yes | O28: Amy | P28: West | R28: Amy | S28: West | U28: 22531.31 | V28: 22714.13 | W28: -0.0080487344
B29: 25033 | C29: Body Works Day Spa; Stewart Manor | D29: 2023 | E29: 45047 | F29: 2024 | G29: 45352 | I29: No | J29: No | K29: Yes | L29: No | M29: No | O29: Emily | P29: Northeast | R29: Nicole | S29: Northeast | U29: 0 | V29: 0 | W29: #DIV/0!
B30: 25034 | C30: Live Love Spa; Tustin, CA | D30: 2023 | E30: 45047 | F30: 2025 | G30: 45658 | I30: No | J30: No | K30: Yes | L30: Yes | M30: No | O30: Melissa | P30: Other | R30: Melissa | S30: Other | U30: 0 | V30: 0 | W30: #DIV/0!
B31: 25035 | C31: Rosewood Little Dix Bay; Helen Lugo | D31: 2023 | E31: 45170 | I31: No | J31: No | K31: Yes | L31: Yes | M31: Yes | O31: Melissa | P31: Other | R31: Melissa | S31: Other | U31: 0 | V31: 3417 | W31: -1
B32: 25036 | C32: MacArthur Place; LÁuberge de Sonoma LLC; CA | D32: 2023 | E32: 45139 | I32: No | J32: No | K32: Yes | L32: Yes | M32: Yes | O32: Amy | P32: West | R32: Amy | S32: West | U32: 654.34 | V32: 267.52 | W32: 1.445948
B33: 25037 | C33: Equinox Holdings Inc; Boston | D33: 2023 | E33: 45139 | I33: No | J33: No | K33: Yes | L33: Yes | M33: Yes | O33: Emily | P33: Northeast | R33: Nicole | S33: Northeast | U33: 4383.23 | V33: 4811.66 | W33: -0.089039957
B34: 25037-2 | C34: Equinox Holdings Inc; Washington | D34: 2023 | E34: 45139 | I34: No | J34: No | K34: Yes | L34: Yes | M34: Yes | O34: Emily | P34: Northeast | R34: Nicole | S34: Northeast | U34: 0 | V34: 0 | W34: #DIV/0!
B35: 25038 | C35: Lemon & Honey Day Spa; Orange, CA | D35: 2023 | E35: 45200 | I35: No | J35: No | K35: Yes | L35: Yes | M35: Yes | O35: Amy | P35: West | R35: Amy | S35: West | U35: 8371.52 | V35: 9214.11 | W35: -0.09144562
B36: 25039 | C36: Four Seasons Hotel Austin; DTRS Austin LLC | D36: 2024 | E36: 45352 | I36: No | J36: No | K36: No | L36: Yes | M36: Yes | O36: Emily | P36: Central | R36: Emily | S36: Central | U36: 555 | V36: 7373.27 | W36: -0.92472811
B37: 25040 | C37: AMG Investments LLC; Fl | D37: 2023 | E37: 45200 | I37: No | J37: No | K37: Yes | L37: Yes | M37: Yes | O37: Lisa | P37: Southeast | R37: Lisa | S37: Southeast | U37: 5533.16 | V37: 2374.3 | W37: 1.3304384
B38: 25041 | C38: Agata Sokolowska; IL | D38: 2023 | E38: 45231 | F38: 2023 | G38: 45261 | I38: No | J38: No | K38: No | L38: No | M38: No | O38: Emily | P38: Central | R38: Emily | S38: Central | U38: 0 | V38: 0 | W38: #DIV/0!
B39: 25042 | C39: Eau Spa Palm Beach; Fl | D39: 2023 | E39: 45261 | I39: No | J39: No | K39: Yes | L39: Yes | M39: Yes | O39: Lisa | P39: Southeast | R39: Lisa | S39: Southeast | U39: 39356.29 | V39: 8262 | W39: 3.7635306
B40: 25043 | C40: Jupiter Island Holdings, Inc.; Fl | D40: 2023 | E40: 45261 | I40: No | J40: No | K40: Yes | L40: Yes | M40: Yes | O40: Lisa | P40: Southeast | R40: Lisa | S40: Southeast | U40: 2570 | V40: 0 | W40: #DIV/0!
B41: 25044 | C41: The Elms Hotel and Spa; Missouri | D41: 2024 | E41: 45292 | I41: No | J41: No | K41: No | L41: Yes | M41: Yes | O41: Emily | P41: Central | R41: Emily | S41: Central | U41: 15084.83 | V41: 9667.73 | W41: 0.56032802
B42: 25045 | C42: dba Haven Spa | D42: 2024 | E42: 45323 | I42: No | J42: No | K42: No | L42: Yes | M42: Yes | O42: Emily | P42: Northeast | R42: Nicole | S42: Northeast | U42: 5838.02 | V42: 14437.29 | W42: -0.5956291
B43: 25046 | C43: Beverly Wilshire,Four Seasons Hotel, CA | D43: 2024 | E43: 45383 | I43: No | J43: No | K43: No | L43: Yes | M43: Yes | O43: Amy | P43: West | R43: Amy | S43: West | U43: 0 | V43: 11898.24 | W43: -1
B44: 25047 | C44: Four Seasons Resort Orlando,FL | D44: 2024 | E44: 45413 | I44: No | J44: No | K44: No | L44: Yes | M44: Yes | O44: Lisa | P44: Southeast | R44: Lisa | S44: Southeast | U44: 20149.53 | V44: 13311.29 | W44: 0.5137173
B45: 25049 | C45: Four Seasons Baltimore; MD | D45: 2024 | E45: 45413 | I45: No | J45: No | K45: No | L45: Yes | M45: Yes | O45: Emily | P45: Northeast | R45: Nicole | S45: Northeast | U45: 3235.52 | V45: 5398.5 | W45: -0.40066315
B46: 25050 | C46: Mokara Hotel & Spa, Omni Hotels Management Corp. | D46: 2024 | E46: 45444 | I46: No | J46: No | K46: No | L46: Yes | M46: Yes | O46: Emily | P46: Central | R46: Emily | S46: Central | U46: 3455.54 | V46: 8986.55 | W46: -0.61547646
B47: 25052 | C47: Rosewood Miramar Beach; CA | D47: 2024 | E47: 45474 | I47: No | J47: No | K47: No | L47: Yes | M47: Yes | O47: Amy | P47: West | R47: Amy | S47: West | U47: 0 | V47: 0 | W47: #DIV/0!
B48: 25053 | C48: Bonnie Frances Skin;Phoenix, AZ | D48: 2024 | E48: 45505 | I48: No | J48: No | K48: No | L48: Yes | M48: Yes | O48: Amy | P48: West | R48: Amy | S48: West | U48: 1846.64 | V48: 0 | W48: #DIV/0!
B49: 25054 | C49: Four Seasons Hotel Nashville; TN | D49: 2024 | E49: 45505 | I49: No | J49: No | K49: No | L49: Yes | M49: Yes | O49: Lisa | P49: Southeast | R49: Lisa | S49: Southeast | U49: 7264.8 | V49: 0 | W49: #DIV/0!
B50: 25055 | C50: USREC Banyan Cay Resort LLC | D50: 2024 | E50: 45536 | I50: No | J50: No | K50: No | L50: Yes | M50: Yes | O50: Lisa | P50: Southeast | R50: Lisa | S50: Southeast | U50: 2486.5 | V50: 0 | W50: #DIV/0!
B51: 25056 | C51: AMI LLC Bergamos Retreat | D51: 2024 | E51: 45536 | I51: No | J51: No | K51: No | L51: Yes | M51: Yes | O51: Amy | P51: Central | R51: Amy | S51: Central | U51: 15568.18 | V51: 0 | W51: #DIV/0!
B52: 25057 | C52: Waldorf Astoria Spa Chicago | D52: 2024 | E52: 45566 | F52: 2024 | G52: 45566 | I52: No | J52: No | K52: No | L52: No | M52: No | O52: Emily | P52: Central | R52: Emily | S52: Central | U52: 0 | V52: 0 | W52: #DIV/0!
B53: 25058 | C53: Five Point Five, Inc. | D53: 2024 | E53: 45566 | I53: No | J53: No | K53: No | L53: Yes | M53: Yes | O53: Amy | P53: West | R53: Amy | S53: West | U53: 2594.28 | V53: 0 | W53: #DIV/0!
B54: 25059 | C54: Red Rock Tivoli Aestetics | D54: 2024 | E54: 45627 | I54: No | J54: No | K54: No | L54: Yes | M54: Yes | O54: Amy | P54: West | R54: Amy | S54: West | U54: 4006.8 | V54: 0 | W54: #DIV/0!
B55: 25060 | C55: Nashville Hospitality/DBA Westin | D55: 2025 | E55: 45658 | L55: No | M55: Yes | O55: Lisa | P55: Southeast | R55: Lisa | S55: Southeast | U55: 10086.14 | V55: 0 | W55: #DIV/0!
B56: 25061 | C56: Equinox Holdings Inc; Washington DC | D56: 2025 | E56: 45689 | L56: No | M56: Yes | O56: Emily | P56: Northeast | R56: Nicole | S56: Northeast | U56: 5166.17 | V56: 0 | W56: #DIV/0!
B57: 25063 | C57: Equinox Holdings Inc; Miami | D57: 2025 | E57: 45689 | L57: No | M57: Yes | O57: Lisa | P57: Southeast | R57: Lisa | S57: Southeast | U57: 4285.38 | V57: 0 | W57: #DIV/0!
B58: 25062 | C58: Equinox Holdings Inc; SPA Retail Washington DC | D58: 2025 | E58: 45717 | L58: No | M58: Yes | O58: Emily | P58: Northeast | R58: Nicole | S58: Northeast | U58: 1843.88 | V58: 0 | W58: #DIV/0!
B59: 25064 | C59: Embracing the Dance of Healing | D59: 2025 | E59: 45717 | L59: No | M59: Yes | O59: Amy | P59: West | R59: Amy | S59: West | U59: 1640.9 | V59: 0 | W59: #DIV/0!
B60: 25065 | C60: Cupid Lift Inc., West Hollywood | D60: 2025 | E60: 45748 | L60: No | M60: Yes | O60: Amy | P60: West | R60: Amy | S60: West | U60: 4155 | V60: 0 | W60: #DIV/0!
B61: 25066 | C61: ARIA Resort & Casino; Las Vegas | D61: 2025 | E61: 45778 | M61: Yes | O61: Amy | P61: West | R61: Amy | S61: West | U61: 16619.72 | V61: 0 | W61: #DIV/0!
B62: 25067 | C62: The Ritz-Carlton, Half Moon Bay LLC | D62: 2025 | E62: 45778 | M62: Yes | O62: Amy | P62: West | R62: Amy | S62: West | U62: 19698.06 | V62: 0 | W62: #DIV/0!
B63: 25068 | C63: 321 Skin Glow LLC | D63: 2025 | E63: 45809 | M63: Yes | O63: Emily | P63: Central | R63: Emily | S63: Central | U63: 9538 | V63: 0 | W63: #DIV/0!
B64: 25069 | C64: Simply Bliss SkinCare LLC | D64: 2025 | E64: 45809 | M64: Yes | O64: Lisa | P64: Southeast | R64: Lisa | S64: Southeast | U64: 343 | V64: 0 | W64: #DIV/0!
B65: 25070 | C65: Renaissance Hotel Partners LLC | D65: 2025 | E65: 45839 | M65: Yes | O65: Emily | P65: Northeast | R65: Emily | S65: Northeast | U65: 0 | V65: 0 | W65: #DIV/0!
B66: 25071 | C66: Nerdium LLC; Texas | D66: 2025 | E66: 45839 | M66: Yes | O66: Emily | P66: Central | R66: Emily | S66: Central | U66: 0 | V66: 0 | W66: #DIV/0!
B67: 25072 | C67: Balboa Bay Club Ventures LLC | D67: 2025 | E67: 45839 | M67: Yes | O67: Amy | P67: West | R67: Amy | S67: West | U67: 0 | V67: 0 | W67: #DIV/0!
B68: 25073 | C68: Mario Tricoci Hair Salons & Day Spas | D68: 2025 | E68: 45931 | M68: Yes | O68: Emily | P68: Central | U68: 0 | V68: 0 | W68: #DIV/0!
B69: 25074 | C69: Houstonian Campus, LLC | D69: 2025 | E69: 45931 | M69: Yes | O69: Emily | P69: Central | U69: 0 | V69: 0 | W69: #DIV/0!
B70: 25075 | C70: Wyndham Grand Rio Mar Hotel | D70: 2025 | E70: 45931 | M70: Yes | O70: Melissa | P70: Other | U70: 0 | V70: 0 | W70: #DIV/0!
B71: 25076 | C71: Costa d' Este Beach Resort & Spa | D71: 2025 | E71: 45992 | M71: Yes | O71: Melissa | P71: Other

Sheet 2022
J1: Monthly Sales | K1: =SUM(K12:K67) -> 29213.97 | L1: =SUM(L12:L67) -> 21211.13 | M1: =SUM(M12:M67) -> 55999.9 | N1: =SUM(N12:N67) -> 30163.11 | O1: =SUM(O12:O67) -> 26131.58 | P1: =SUM(P12:P67) -> 21311.8 | Q1: =SUM(Q12:Q67) -> 26984.05 | R1: =SUM(R12:R67) -> 52122.35 | ... V1: =SUM(V12:V67) -> 54787.43
J2: YTD Sales | K2: =SUM($K1:K1) -> 29213.97 | L2: =SUM($K1:L1) -> 50425.1 | M2: =SUM($K1:M1) -> 106425 | N2: =SUM($K1:N1) -> 136588.11 | O2: =SUM($K1:O1) -> 162719.69 | P2: =SUM($K1:P1) -> 184031.49 | Q2: =SUM($K1:Q1) -> 211015.54 | R2: =SUM($K1:R1) -> 263137.89 | ... V2: =SUM($K1:V1) -> 399991.62
J3: Monthly ordering | K3: =COUNTIF(K12:K55, ">0")+IF(K42>0, 1, 0) -> 5 | L3: =COUNTIF(L12:L55, ">0")+IF(L42>0, 1, 0) -> 5 | M3: =COUNTIF(M12:M55, ">0")+IF(M42>0, 1, 0) -> 9 | N3: =COUNTIF(N12:N55, ">0")+IF(N42>0, 1, 0) -> 6 | O3: =COUNTIF(O12:O55, ">0")+IF(O42>0, 1, 0) -> 9 | P3: =COUNTIF(P12:P55, ">0")+IF(P42>0, 1, 0) -> 9 | Q3: =COUNTIF(Q12:Q55, ">0")+IF(Q42>0, 1, 0) -> 8 | R3: =COUNTIF(R12:R55, ">0")+IF(R42>0, 1, 0) -> 10 | ... V3: =COUNTIF(V12:V55, ">0")+IF(V42>0, 1, 0) -> 9
J4: YTD ordering | K4: =COUNTIF(X$12:X$62, ">0")+IF(X42>0, 1, 0) -> 5 | L4: =COUNTIF(Y$12:Y$62, ">0")+IF(Y42>0, 1, 0) -> 7 | M4: =COUNTIF(Z$12:Z$62, ">0")+IF(Z42>0, 1, 0) -> 11 | N4: =COUNTIF(AA$12:AA$62, ">0")+IF(AA42>0, 1, 0) -> 12 | O4: =COUNTIF(AB$12:AB$62, ">0")+IF(AB42>0, 1, 0) -> 12 | P4: =COUNTIF(AC$12:AC$62, ">0")+IF(AC42>0, 1, 0) -> 13 | Q4: =COUNTIF(AD$12:AD$62, ">0")+IF(AD42>0, 1, 0) -> 15 | R4: =COUNTIF(AE$12:AE$62, ">0")+IF(AE42>0, 1, 0) -> 16 | ... V4: =COUNTIF(AI$12:AI$62, ">0")+IF(AI42>0, 1, 0) -> 20
J5: In-month new door sales | K5: =SUMIF($H:$H, YEAR(K11)&MONTH(K11), K:K) -> 22386.95 | L5: =SUMIF($H:$H, YEAR(L11)&MONTH(L11), L:L) -> 13099.35 | M5: =SUMIF($H:$H, YEAR(M11)&MONTH(M11), M:M) -> 44625.4 | N5: =SUMIF($H:$H, YEAR(N11)&MONTH(N11), N:N) -> 5813.7 | O5: =SUMIF($H:$H, YEAR(O11)&MONTH(O11), O:O) -> 0 | P5: =SUMIF($H:$H, YEAR(P11)&MONTH(P11), P:P) -> 3203.8 | Q5: =SUMIF($H:$H, YEAR(Q11)&MONTH(Q11), Q:Q) -> 16208.3 | R5: =SUMIF($H:$H, YEAR(R11)&MONTH(R11), R:R) -> 2997.3 | S5: =SUMIF($H:$H, YEAR(S11)&MONTH(S11), S:S) -> 7539.8 | T5: =SUMIF($H:$H, YEAR(T11)&MONTH(T11), T:T) -> 7009.6 | U5: =SUMIF($H:$H, YEAR(U11)&MONTH(U11), U:U) -> 0 | V5: =SUMIF($H:$H, YEAR(V11)&MONTH(V11), V:V) -> 19362.58
J6: YTD new doors (in month) | K6: =SUMIF($F:$F, YEAR(K11), K:K) -> 22386.95 | L6: =SUMIF($F:$F, YEAR(L11), L:L) -> 15711.75 | M6: =SUMIF($F:$F, YEAR(M11), M:M) -> 50925.9 | N6: =SUMIF($F:$F, YEAR(N11), N:N) -> 24084.81 | O6: =SUMIF($F:$F, YEAR(O11), O:O) -> 21311.7 | P6: =SUMIF($F:$F, YEAR(P11), P:P) -> 18177.75 | Q6: =SUMIF($F:$F, YEAR(Q11), Q:Q) -> 21355.15 | R6: =SUMIF($F:$F, YEAR(R11), R:R) -> 48123.05 | S6: =SUMIF($F:$F, YEAR(S11), S:S) -> 34357.35 | T6: =SUMIF($F:$F, YEAR(T11), T:T) -> 20156.15 | U6: =SUMIF($F:$F, YEAR(U11), U:U) -> 10959.85 | V6: =SUMIF($F:$F, YEAR(V11), V:V) -> 49696.03
J7: YTD new doors | K7: =SUM($K6:K6) -> 22386.95 | L7: =SUM($K6:L6) -> 38098.7 | M7: =SUM($K6:M6) -> 89024.6 | N7: =SUM($K6:N6) -> 113109.41 | O7: =SUM($K6:O6) -> 134421.11 | P7: =SUM($K6:P6) -> 152598.86 | Q7: =SUM($K6:Q6) -> 173954.01 | R7: =SUM($K6:R6) -> 222077.06 | ... V7: =SUM($K6:V6) -> 337246.44
J8: In-month new doors | K8: =COUNTIF($G:$G, K11) -> 2 | L8: =COUNTIF($G:$G, L11) -> 1 | M8: =COUNTIF($G:$G, M11) -> 3 | N8: =COUNTIF($G:$G, N11) -> 1 | O8: =COUNTIF($G:$G, O11) -> 0 | P8: =COUNTIF($G:$G, P11) -> 1 | Q8: =COUNTIF($G:$G, Q11) -> 2 | R8: =COUNTIF($G:$G, R11) -> 1 | ... V8: =COUNTIF($G:$G, V11) -> 1
J9: YTD new doors | K9: =SUM($K8:K8) -> 2 | L9: =SUM($K8:L8) -> 3 | M9: =SUM($K8:M8) -> 6 | N9: =SUM($K8:N8) -> 7 | O9: =SUM($K8:O8) -> 7 | P9: =SUM($K8:P8) -> 8 | Q9: =SUM($K8:Q8) -> 10 | R9: =SUM($K8:R8) -> 11 | ... V9: =SUM($K8:V8) -> 14
A11: # | B11: Customer Code | C11: Customer Name | D11: Sales person | E11: Region | F11: New door year | G11: New door month | H11: New door month code) | I11: Active? | J11: Annual Total | K11: 44562 | L11: 44593 | M11: 44621 | N11: 44652 | O11: 44682 | P11: 44713 | Q11: 44743 | R11: 44774 | S11: 44805 | T11: 44835 | U11: 44866 | V11: 44896 | X11: 44562 | Y11: 44593 | Z11: 44621 | AA11: 44652 | AB11: 44682 | AC11: 44713 | AD11: 44743 | AE11: 44774 | AF11: 44805 | AG11: 44835 | AH11: 44866 | AI11: 44896
A12: 2 | B12: 25000 | C12: West Coast Lifestyles Inc.; CA | D12: =VLOOKUP($B12, Spa!$B:$P, 14, 0) -> Amy | E12: =VLOOKUP($B12, Spa!$B:$P, 15, 0) -> West | F12: =VLOOKUP(B12, Spa!$B:$E, 3, 0) -> 2021 | G12: =VLOOKUP(B12, Spa!$B:$E, 4, 0) -> 44378 | H12: =F12&MONTH(G12) -> 20217 | I12: =VLOOKUP(B12, Spa!$B:$L, 9, 0) -> Yes | J12: 12766.93 | K12: 179.25 | M12: 1280 | O12: 901 | P12: 759.5 | R12: 89 | S12: 1118.8 | T12: 561 | U12: 611.1 | V12: 250 | X12: =SUM($K12:K12) -> 179.25 | Y12: =SUM($K12:L12) -> 179.25 | Z12: =SUM($K12:M12) -> 1459.25 | AA12: =SUM($K12:N12) -> 1459.25 | AB12: =SUM($K12:O12) -> 2360.25 | AC12: =SUM($K12:P12) -> 3119.75 | AD12: =SUM($K12:Q12) -> 3119.75 | AE12: =SUM($K12:R12) -> 3208.75 | ... AI12: =SUM($K12:V12) -> 5749.65
A13: 3 | B13: 25001 | C13: Four Seasons Hotel Philadelphia; ; El Paso | D13: =VLOOKUP($B13, Spa!$B:$P, 14, 0) -> Emily | E13: =VLOOKUP($B13, Spa!$B:$P, 15, 0) -> Northeast | F13: =VLOOKUP(B13, Spa!$B:$E, 3, 0) -> 2021 | G13: =VLOOKUP(B13, Spa!$B:$E, 4, 0) -> 44317 | H13: =F13&MONTH(G13) -> 20215 | I13: =VLOOKUP(B13, Spa!$B:$L, 9, 0) -> Yes | J13: 57102.76 | K13: 1315.75 | L13: 656.48 | M13: 2264.5 | N13: 4158.93 | O13: 2035.13 | P13: 2374.55 | Q13: 2259.05 | R13: 2999.35 | S13: 2742.2 | T13: 4017.9 | U13: 4694.2 | V13: 2839.15 | X13: =SUM($K13:K13) -> 1315.75 | Y13: =SUM($K13:L13) -> 1972.23 | Z13: =SUM($K13:M13) -> 4236.73 | AA13: =SUM($K13:N13) -> 8395.66 | AB13: =SUM($K13:O13) -> 10430.79 | AC13: =SUM($K13:P13) -> 12805.34 | AD13: =SUM($K13:Q13) -> 15064.39 | AE13: =SUM($K13:R13) -> 18063.74 | ... AI13: =SUM($K13:V13) -> 32357.19
A14: 4 | B14: 25002 | C14: Porto Vita/Villa Grande Club; Fl | D14: =VLOOKUP($B14, Spa!$B:$P, 14, 0) -> Lisa | E14: =VLOOKUP($B14, Spa!$B:$P, 15, 0) -> Southeast | F14: =VLOOKUP(B14, Spa!$B:$E, 3, 0) -> 2021 | G14: =VLOOKUP(B14, Spa!$B:$E, 4, 0) -> 44409 | H14: =F14&MONTH(G14) -> 20218 | I14: =VLOOKUP(B14, Spa!$B:$L, 9, 0) -> Yes | J14: 24911.8 | K14: 5332.02 | L14: 3759.9 | N14: 1919.37 | O14: 1883.75 | Q14: 1267.6 | R14: 910.95 | U14: 930.5 | X14: =SUM($K14:K14) -> 5332.02 | Y14: =SUM($K14:L14) -> 9091.92 | Z14: =SUM($K14:M14) -> 9091.92 | AA14: =SUM($K14:N14) -> 11011.29 | AB14: =SUM($K14:O14) -> 12895.04 | AC14: =SUM($K14:P14) -> 12895.04 | AD14: =SUM($K14:Q14) -> 14162.64 | AE14: =SUM($K14:R14) -> 15073.59 | ... AI14: =SUM($K14:V14) -> 16004.09
A15: 5 | B15: 25003 | C15: The resort at Longboat Key CLub; Florida | D15: =VLOOKUP($B15, Spa!$B:$P, 14, 0) -> Lisa | E15: =VLOOKUP($B15, Spa!$B:$P, 15, 0) -> Southeast | F15: =VLOOKUP(B15, Spa!$B:$E, 3, 0) -> 2021 | G15: =VLOOKUP(B15, Spa!$B:$E, 4, 0) -> 44440 | H15: =F15&MONTH(G15) -> 20219 | I15: =VLOOKUP(B15, Spa!$B:$L, 9, 0) -> No | J15: 1917.25 | S15: 1917.25 | X15: =SUM($K15:K15) -> 0 | Y15: =SUM($K15:L15) -> 0 | Z15: =SUM($K15:M15) -> 0 | AA15: =SUM($K15:N15) -> 0 | AB15: =SUM($K15:O15) -> 0 | AC15: =SUM($K15:P15) -> 0 | AD15: =SUM($K15:Q15) -> 0 | AE15: =SUM($K15:R15) -> 0 | ... AI15: =SUM($K15:V15) -> 1917.25
A16: 6 | B16: 25004 | C16: Teton Mountain Lodge | D16: =VLOOKUP($B16, Spa!$B:$P, 14, 0) -> Amy | E16: =VLOOKUP($B16, Spa!$B:$P, 15, 0) -> West | F16: =VLOOKUP(B16, Spa!$B:$E, 3, 0) -> 2021 | G16: =VLOOKUP(B16, Spa!$B:$E, 4, 0) -> 44440 | H16: =F16&MONTH(G16) -> 20219 | I16: =VLOOKUP(B16, Spa!$B:$L, 9, 0) -> Yes | J16: 15904.31 | M16: 1529.5 | Q16: 2102.25 | V16: 2002.25 | X16: =SUM($K16:K16) -> 0 | Y16: =SUM($K16:L16) -> 0 | Z16: =SUM($K16:M16) -> 1529.5 | AA16: =SUM($K16:N16) -> 1529.5 | AB16: =SUM($K16:O16) -> 1529.5 | AC16: =SUM($K16:P16) -> 1529.5 | AD16: =SUM($K16:Q16) -> 3631.75 | AE16: =SUM($K16:R16) -> 3631.75 | ... AI16: =SUM($K16:V16) -> 5634
A17: 10 | B17: 25008 | C17: Stars Skincare Med Spa, Florida | D17: =VLOOKUP($B17, Spa!$B:$P, 14, 0) -> Lisa | E17: =VLOOKUP($B17, Spa!$B:$P, 15, 0) -> Southeast | F17: =VLOOKUP(B17, Spa!$B:$E, 3, 0) -> 2021 | G17: =VLOOKUP(B17, Spa!$B:$E, 4, 0) -> 44531 | H17: =F17&MONTH(G17) -> 202112 | I17: =VLOOKUP(B17, Spa!$B:$L, 9, 0) -> Yes | J17: 2212.5 | L17: 1083 | X17: =SUM($K17:K17) -> 0 | Y17: =SUM($K17:L17) -> 1083 | Z17: =SUM($K17:M17) -> 1083 | AA17: =SUM($K17:N17) -> 1083 | AB17: =SUM($K17:O17) -> 1083 | AC17: =SUM($K17:P17) -> 1083 | AD17: =SUM($K17:Q17) -> 1083 | AE17: =SUM($K17:R17) -> 1083 | ... AI17: =SUM($K17:V17) -> 1083
A18: 11 | B18: 25009 | C18: Glo Rejuvenation; Oregon | D18: =VLOOKUP($B18, Spa!$B:$P, 14, 0) -> Amy | E18: =VLOOKUP($B18, Spa!$B:$P, 15, 0) -> West | F18: =VLOOKUP(B18, Spa!$B:$E, 3, 0) -> 2022 | G18: =VLOOKUP(B18, Spa!$B:$E, 4, 0) -> 44562 | H18: =F18&MONTH(G18) -> 20221 | I18: =VLOOKUP(B18, Spa!$B:$L, 9, 0) -> Yes | J18: 32836.49 | K18: 6791.99 | L18: 2612.4 | M18: 1156 | N18: 1690.95 | O18: 2351.1 | P18: 2456.55 | R18: 4783.85 | S18: 177 | T18: 940 | X18: =SUM($K18:K18) -> 6791.99 | Y18: =SUM($K18:L18) -> 9404.39 | Z18: =SUM($K18:M18) -> 10560.39 | AA18: =SUM($K18:N18) -> 12251.34 | AB18: =SUM($K18:O18) -> 14602.44 | AC18: =SUM($K18:P18) -> 17058.99 | AD18: =SUM($K18:Q18) -> 17058.99 | AE18: =SUM($K18:R18) -> 21842.84 | ... AI18: =SUM($K18:V18) -> 22959.84
A19: 12 | B19: 25010 | C19: Four Seasons Hotel, Fort Lauderdale; FL | D19: =VLOOKUP($B19, Spa!$B:$P, 14, 0) -> Lisa | E19: =VLOOKUP($B19, Spa!$B:$P, 15, 0) -> Southeast | F19: =VLOOKUP(B19, Spa!$B:$E, 3, 0) -> 2022 | G19: =VLOOKUP(B19, Spa!$B:$E, 4, 0) -> 44562 | H19: =F19&MONTH(G19) -> 20221 | I19: =VLOOKUP(B19, Spa!$B:$L, 9, 0) -> Yes | J19: 108983.17 | K19: 15594.96 | M19: 2750.2 | N19: 2894 | O19: 4996.6 | P19: 1046.4 | R19: 4501.5 | S19: 8382.5 | U19: 7206.85 | V19: 7254.8 | X19: =SUM($K19:K19) -> 15594.96 | Y19: =SUM($K19:L19) -> 15594.96 | Z19: =SUM($K19:M19) -> 18345.16 | AA19: =SUM($K19:N19) -> 21239.16 | AB19: =SUM($K19:O19) -> 26235.76 | AC19: =SUM($K19:P19) -> 27282.16 | AD19: =SUM($K19:Q19) -> 27282.16 | AE19: =SUM($K19:R19) -> 31783.66 | ... AI19: =SUM($K19:V19) -> 54627.81
A20: 13 | B20: 25011 | C20: D&G Global Inc.; Claire Gobler; CA | D20: =VLOOKUP($B20, Spa!$B:$P, 14, 0) -> Amy | E20: =VLOOKUP($B20, Spa!$B:$P, 15, 0) -> West | F20: =VLOOKUP(B20, Spa!$B:$E, 3, 0) -> 2022 | G20: =VLOOKUP(B20, Spa!$B:$E, 4, 0) -> 44593 | H20: =F20&MONTH(G20) -> 20222 | I20: =VLOOKUP(B20, Spa!$B:$L, 9, 0) -> Yes | J20: 25713.4 | L20: 13099.35 | M20: 2394.3 | O20: 2326.4 | P20: 2170 | Q20: 1073.6 | R20: 4125.55 | X20: =SUM($K20:K20) -> 0 | Y20: =SUM($K20:L20) -> 13099.35 | Z20: =SUM($K20:M20) -> 15493.65 | AA20: =SUM($K20:N20) -> 15493.65 | AB20: =SUM($K20:O20) -> 17820.05 | AC20: =SUM($K20:P20) -> 19990.05 | AD20: =SUM($K20:Q20) -> 21063.65 | AE20: =SUM($K20:R20) -> 25189.2 | ... AI20: =SUM($K20:V20) -> 25189.2
A21: 14 | B21: 25012 | C21: Rosewood Sense Spa, CA | D21: =VLOOKUP($B21, Spa!$B:$P, 14, 0) -> Amy | E21: =VLOOKUP($B21, Spa!$B:$P, 15, 0) -> West | F21: =VLOOKUP(B21, Spa!$B:$E, 3, 0) -> 2022 | G21: =VLOOKUP(B21, Spa!$B:$E, 4, 0) -> 44621 | H21: =F21&MONTH(G21) -> 20223 | I21: =VLOOKUP(B21, Spa!$B:$L, 9, 0) -> Yes | J21: 268312.63 | L21: 0 | M21: 13598.45 | N21: 13686.16 | O21: 8825.1 | P21: 8815.9 | Q21: 3507 | R21: 29517.7 | S21: 18258.05 | T21: 8394.3 | U21: 3753 | V21: 19445 | X21: =SUM($K21:K21) -> 0 | Y21: =SUM($K21:L21) -> 0 | Z21: =SUM($K21:M21) -> 13598.45 | AA21: =SUM($K21:N21) -> 27284.61 | AB21: =SUM($K21:O21) -> 36109.71 | AC21: =SUM($K21:P21) -> 44925.61 | AD21: =SUM($K21:Q21) -> 48432.61 | AE21: =SUM($K21:R21) -> 77950.31 | ... AI21: =SUM($K21:V21) -> 127800.66
A22: 15 | B22: 25013 | C22: Gurney ´s Inn Resort & Spa LLC; NY | D22: =VLOOKUP($B22, Spa!$B:$P, 14, 0) -> Emily | E22: =VLOOKUP($B22, Spa!$B:$P, 15, 0) -> Central | F22: =VLOOKUP(B22, Spa!$B:$E, 3, 0) -> 2022 | G22: =VLOOKUP(B22, Spa!$B:$E, 4, 0) -> 44621 | H22: =F22&MONTH(G22) -> 20223 | I22: =VLOOKUP(B22, Spa!$B:$L, 9, 0) -> Yes | J22: 28353.3 | M22: 26813.5 | O22: 1539.8 | X22: =SUM($K22:K22) -> 0 | Y22: =SUM($K22:L22) -> 0 | Z22: =SUM($K22:M22) -> 26813.5 | AA22: =SUM($K22:N22) -> 26813.5 | AB22: =SUM($K22:O22) -> 28353.3 | AC22: =SUM($K22:P22) -> 28353.3 | AD22: =SUM($K22:Q22) -> 28353.3 | AE22: =SUM($K22:R22) -> 28353.3 | ... AI22: =SUM($K22:V22) -> 28353.3
A23: 16 | B23: 25015 | C23: Gateway Canyon Resort & Spa; CO | D23: =VLOOKUP($B23, Spa!$B:$P, 14, 0) -> Amy | E23: =VLOOKUP($B23, Spa!$B:$P, 15, 0) -> West | F23: =VLOOKUP(B23, Spa!$B:$E, 3, 0) -> 2022 | G23: =VLOOKUP(B23, Spa!$B:$E, 4, 0) -> 44621 | H23: =F23&MONTH(G23) -> 20223 | I23: =VLOOKUP(B23, Spa!$B:$L, 9, 0) -> Yes | J23: 16589.58 | M23: 4213.45 | O23: 1272.7 | P23: 162 | Q23: 566.25 | R23: 650.45 | T23: 2162.9 | V23: 603.35 | X23: =SUM($K23:K23) -> 0 | Y23: =SUM($K23:L23) -> 0 | Z23: =SUM($K23:M23) -> 4213.45 | AA23: =SUM($K23:N23) -> 4213.45 | AB23: =SUM($K23:O23) -> 5486.15 | AC23: =SUM($K23:P23) -> 5648.15 | AD23: =SUM($K23:Q23) -> 6214.4 | AE23: =SUM($K23:R23) -> 6864.85 | ... AI23: =SUM($K23:V23) -> 9631.1
A24: 17 | B24: 25016 | C24: Williams Island POA, Inc.Florida | D24: =VLOOKUP($B24, Spa!$B:$P, 14, 0) -> Lisa | E24: =VLOOKUP($B24, Spa!$B:$P, 15, 0) -> Southeast | F24: =VLOOKUP(B24, Spa!$B:$E, 3, 0) -> 2022 | G24: =VLOOKUP(B24, Spa!$B:$E, 4, 0) -> 44652 | H24: =F24&MONTH(G24) -> 20224 | I24: =VLOOKUP(B24, Spa!$B:$L, 9, 0) -> Yes | J24: 21196.78 | N24: 5813.7 | P24: 323.1 | R24: 1546.7 | T24: 1649.35 | V24: 1773.3 | X24: =SUM($K24:K24) -> 0 | Y24: =SUM($K24:L24) -> 0 | Z24: =SUM($K24:M24) -> 0 | AA24: =SUM($K24:N24) -> 5813.7 | AB24: =SUM($K24:O24) -> 5813.7 | AC24: =SUM($K24:P24) -> 6136.8 | AD24: =SUM($K24:Q24) -> 6136.8 | AE24: =SUM($K24:R24) -> 7683.5 | ... AI24: =SUM($K24:V24) -> 11106.15
A25: 18 | B25: 25018 | C25: Iridescent LLC; Big-Bang; Miiami; Paula | D25: =VLOOKUP($B25, Spa!$B:$P, 14, 0) -> Lisa | E25: =VLOOKUP($B25, Spa!$B:$P, 15, 0) -> Southeast | F25: =VLOOKUP(B25, Spa!$B:$E, 3, 0) -> 2022 | G25: =VLOOKUP(B25, Spa!$B:$E, 4, 0) -> 44743 | H25: =F25&MONTH(G25) -> 20227 | I25: =VLOOKUP(B25, Spa!$B:$L, 9, 0) -> Yes | J25: 8694 | Q25: 8694 | X25: =SUM($K25:K25) -> 0 | Y25: =SUM($K25:L25) -> 0 | Z25: =SUM($K25:M25) -> 0 | AA25: =SUM($K25:N25) -> 0 | AB25: =SUM($K25:O25) -> 0 | AC25: =SUM($K25:P25) -> 0 | AD25: =SUM($K25:Q25) -> 8694 | AE25: =SUM($K25:R25) -> 8694 | ... AI25: =SUM($K25:V25) -> 8694
A26: 19 | B26: 25019 | C26: Banyan Cay Res.; W Palm Beach; Melissa | D26: =VLOOKUP($B26, Spa!$B:$P, 14, 0) -> Lisa | E26: =VLOOKUP($B26, Spa!$B:$P, 15, 0) -> Southeast | F26: =VLOOKUP(B26, Spa!$B:$E, 3, 0) -> 2022 | G26: =VLOOKUP(B26, Spa!$B:$E, 4, 0) -> 44713 | H26: =F26&MONTH(G26) -> 20226 | I26: =VLOOKUP(B26, Spa!$B:$L, 9, 0) -> Yes | J26: 3203.8 | P26: 3203.8 | R26: 0 | X26: =SUM($K26:K26) -> 0 | Y26: =SUM($K26:L26) -> 0 | Z26: =SUM($K26:M26) -> 0 | AA26: =SUM($K26:N26) -> 0 | AB26: =SUM($K26:O26) -> 0 | AC26: =SUM($K26:P26) -> 3203.8 | AD26: =SUM($K26:Q26) -> 3203.8 | AE26: =SUM($K26:R26) -> 3203.8 | ... AI26: =SUM($K26:V26) -> 3203.8
A27: 20 | B27: 25020 | C27: Faena Hotel Miami Beach; FL | D27: =VLOOKUP($B27, Spa!$B:$P, 14, 0) -> Lisa | E27: =VLOOKUP($B27, Spa!$B:$P, 15, 0) -> Southeast | F27: =VLOOKUP(B27, Spa!$B:$E, 3, 0) -> 2022 | G27: =VLOOKUP(B27, Spa!$B:$E, 4, 0) -> 44743 | H27: =F27&MONTH(G27) -> 20227 | I27: =VLOOKUP(B27, Spa!$B:$L, 9, 0) -> Yes | J27: 7514.3 | Q27: 7514.3 | U27: 0 | X27: =SUM($K27:K27) -> 0 | Y27: =SUM($K27:L27) -> 0 | Z27: =SUM($K27:M27) -> 0 | AA27: =SUM($K27:N27) -> 0 | AB27: =SUM($K27:O27) -> 0 | AC27: =SUM($K27:P27) -> 0 | AD27: =SUM($K27:Q27) -> 7514.3 | AE27: =SUM($K27:R27) -> 7514.3 | ... AI27: =SUM($K27:V27) -> 7514.3
A28: 21 | B28: 25021 | C28: TALISKER CLUB; Holly Arndt | D28: =VLOOKUP($B28, Spa!$B:$P, 14, 0) -> Amy | E28: =VLOOKUP($B28, Spa!$B:$P, 15, 0) -> Central | F28: =VLOOKUP(B28, Spa!$B:$E, 3, 0) -> N/A | G28: =VLOOKUP(B28, Spa!$B:$E, 4, 0) -> N/A | H28: =F28&MONTH(G28) -> #VALUE! | I28: =VLOOKUP(B28, Spa!$B:$L, 9, 0) -> No | J28: 0 | R28: 0 | X28: =SUM($K28:K28) -> 0 | Y28: =SUM($K28:L28) -> 0 | Z28: =SUM($K28:M28) -> 0 | AA28: =SUM($K28:N28) -> 0 | AB28: =SUM($K28:O28) -> 0 | AC28: =SUM($K28:P28) -> 0 | AD28: =SUM($K28:Q28) -> 0 | AE28: =SUM($K28:R28) -> 0 | ... AI28: =SUM($K28:V28) -> 0
A29: 22 | B29: 25022 | C29: Beating Hearts; Dallas; Lori Feste | D29: =VLOOKUP($B29, Spa!$B:$P, 14, 0) -> Amy | E29: =VLOOKUP($B29, Spa!$B:$P, 15, 0) -> Central | F29: =VLOOKUP(B29, Spa!$B:$E, 3, 0) -> 2022 | G29: =VLOOKUP(B29, Spa!$B:$E, 4, 0) -> 44774 | H29: =F29&MONTH(G29) -> 20228 | I29: =VLOOKUP(B29, Spa!$B:$L, 9, 0) -> Yes | J29: 2997.3 | R29: 2997.3 | U29: 0 | X29: =SUM($K29:K29) -> 0 | Y29: =SUM($K29:L29) -> 0 | Z29: =SUM($K29:M29) -> 0 | AA29: =SUM($K29:N29) -> 0 | AB29: =SUM($K29:O29) -> 0 | AC29: =SUM($K29:P29) -> 0 | AD29: =SUM($K29:Q29) -> 0 | AE29: =SUM($K29:R29) -> 2997.3 | ... AI29: =SUM($K29:V29) -> 2997.3
A30: 23 | B30: 25023 | C30: HLP Hotels LLC DBA Lost Pines; Texas | D30: =VLOOKUP($B30, Spa!$B:$P, 14, 0) -> Amy | E30: =VLOOKUP($B30, Spa!$B:$P, 15, 0) -> Central | F30: =VLOOKUP(B30, Spa!$B:$E, 3, 0) -> 2022 | G30: =VLOOKUP(B30, Spa!$B:$E, 4, 0) -> 44805 | H30: =F30&MONTH(G30) -> 20229 | I30: =VLOOKUP(B30, Spa!$B:$L, 9, 0) -> Yes | J30: 15579.78 | S30: 7539.8 | T30: 0 | V30: 1257 | X30: =SUM($K30:K30) -> 0 | Y30: =SUM($K30:L30) -> 0 | Z30: =SUM($K30:M30) -> 0 | AA30: =SUM($K30:N30) -> 0 | AB30: =SUM($K30:O30) -> 0 | AC30: =SUM($K30:P30) -> 0 | AD30: =SUM($K30:Q30) -> 0 | AE30: =SUM($K30:R30) -> 0 | ... AI30: =SUM($K30:V30) -> 8796.8
A31: 24 | B31: 25024 | C31: Mt. Bailey Holdings, LLC; Four Seasons Hotel Atlanta | D31: =VLOOKUP($B31, Spa!$B:$P, 14, 0) -> Lisa | E31: =VLOOKUP($B31, Spa!$B:$P, 15, 0) -> Southeast | F31: =VLOOKUP(B31, Spa!$B:$E, 3, 0) -> 2022 | G31: =VLOOKUP(B31, Spa!$B:$E, 4, 0) -> 44835 | H31: =F31&MONTH(G31) -> 202210 | I31: =VLOOKUP(B31, Spa!$B:$L, 9, 0) -> Yes | J31: 9553.84 | T31: 7009.6 | X31: =SUM($K31:K31) -> 0 | Y31: =SUM($K31:L31) -> 0 | Z31: =SUM($K31:M31) -> 0 | AA31: =SUM($K31:N31) -> 0 | AB31: =SUM($K31:O31) -> 0 | AC31: =SUM($K31:P31) -> 0 | AD31: =SUM($K31:Q31) -> 0 | AE31: =SUM($K31:R31) -> 0 | ... AI31: =SUM($K31:V31) -> 7009.6
A32: 25 | B32: 25025 | C32: ARCH Amenity Group, Florida | D32: =VLOOKUP($B32, Spa!$B:$P, 14, 0) -> Lisa | E32: =VLOOKUP($B32, Spa!$B:$P, 15, 0) -> Southeast | F32: =VLOOKUP(B32, Spa!$B:$E, 3, 0) -> N/A | G32: =VLOOKUP(B32, Spa!$B:$E, 4, 0) -> N/A | H32: =F32&MONTH(G32) -> #VALUE! | I32: =VLOOKUP(B32, Spa!$B:$L, 9, 0) -> No | J32: 0 | U32: 0 | X32: =SUM($K32:K32) -> 0 | Y32: =SUM($K32:L32) -> 0 | Z32: =SUM($K32:M32) -> 0 | AA32: =SUM($K32:N32) -> 0 | AB32: =SUM($K32:O32) -> 0 | AC32: =SUM($K32:P32) -> 0 | AD32: =SUM($K32:Q32) -> 0 | AE32: =SUM($K32:R32) -> 0 | ... AI32: =SUM($K32:V32) -> 0
A33: 26 | B33: 25026 | C33: JW Marriott Miami Turnberry | D33: =VLOOKUP($B33, Spa!$B:$P, 14, 0) -> Lisa | E33: =VLOOKUP($B33, Spa!$B:$P, 15, 0) -> Southeast | F33: =VLOOKUP(B33, Spa!$B:$E, 3, 0) -> 2023 | G33: =VLOOKUP(B33, Spa!$B:$E, 4, 0) -> 44927 | H33: =F33&MONTH(G33) -> 20231 | I33: =VLOOKUP(B33, Spa!$B:$L, 9, 0) -> No | J33: 10735.11 | X33: =SUM($K33:K33) -> 0 | Y33: =SUM($K33:L33) -> 0 | Z33: =SUM($K33:M33) -> 0 | AA33: =SUM($K33:N33) -> 0 | AB33: =SUM($K33:O33) -> 0 | AC33: =SUM($K33:P33) -> 0 | AD33: =SUM($K33:Q33) -> 0 | AE33: =SUM($K33:R33) -> 0 | ... AI33: =SUM($K33:V33) -> 0
A34: 27 | B34: 25027 | C34: San Manuel Entert.; Yaamava Resort; Highland | D34: =VLOOKUP($B34, Spa!$B:$P, 14, 0) -> Amy | E34: =VLOOKUP($B34, Spa!$B:$P, 15, 0) -> West | F34: =VLOOKUP(B34, Spa!$B:$E, 3, 0) -> 2022 | G34: =VLOOKUP(B34, Spa!$B:$E, 4, 0) -> 44896 | H34: =F34&MONTH(G34) -> 202212 | I34: =VLOOKUP(B34, Spa!$B:$L, 9, 0) -> Yes | J34: 76587.88 | V34: 19362.58 | X34: =SUM($K34:K34) -> 0 | Y34: =SUM($K34:L34) -> 0 | Z34: =SUM($K34:M34) -> 0 | AA34: =SUM($K34:N34) -> 0 | AB34: =SUM($K34:O34) -> 0 | AC34: =SUM($K34:P34) -> 0 | AD34: =SUM($K34:Q34) -> 0 | AE34: =SUM($K34:R34) -> 0 | ... AI34: =SUM($K34:V34) -> 19362.58
A35: 28 | B35: 25028 | C35: Jenny Y Yu; MD FACS PLLC | D35: =VLOOKUP($B35, Spa!$B:$P, 14, 0) -> Emily | E35: =VLOOKUP($B35, Spa!$B:$P, 15, 0) -> Northeast | F35: =VLOOKUP(B35, Spa!$B:$E, 3, 0) -> 2023 | G35: =VLOOKUP(B35, Spa!$B:$E, 4, 0) -> 44927 | H35: =F35&MONTH(G35) -> 20231 | I35: =VLOOKUP(B35, Spa!$B:$L, 9, 0) -> No | J35: 2978 | X35: =SUM($K35:K35) -> 0 | Y35: =SUM($K35:L35) -> 0 | Z35: =SUM($K35:M35) -> 0 | AA35: =SUM($K35:N35) -> 0 | AB35: =SUM($K35:O35) -> 0 | AC35: =SUM($K35:P35) -> 0 | AD35: =SUM($K35:Q35) -> 0 | AE35: =SUM($K35:R35) -> 0 | ... AI35: =SUM($K35:V35) -> 0
A36: 29 | B36: 25029 | C36: Ana Molinari Inc.; FL | D36: =VLOOKUP($B36, Spa!$B:$P, 14, 0) -> Lisa | E36: =VLOOKUP($B36, Spa!$B:$P, 15, 0) -> Southeast | F36: =VLOOKUP(B36, Spa!$B:$E, 3, 0) -> 2023 | G36: =VLOOKUP(B36, Spa!$B:$E, 4, 0) -> 44927 | H36: =F36&MONTH(G36) -> 20231 | I36: =VLOOKUP(B36, Spa!$B:$L, 9, 0) -> No | J36: 3872.89 | X36: =SUM($K36:K36) -> 0 | Y36: =SUM($K36:L36) -> 0 | Z36: =SUM($K36:M36) -> 0 | AA36: =SUM($K36:N36) -> 0 | AB36: =SUM($K36:O36) -> 0 | AC36: =SUM($K36:P36) -> 0 | AD36: =SUM($K36:Q36) -> 0 | AE36: =SUM($K36:R36) -> 0 | ... AI36: =SUM($K36:V36) -> 0
A37: 32 | B37: 25032 | C37: Four Seasons Hotel Las Vegas | D37: =VLOOKUP($B37, Spa!$B:$P, 14, 0) -> Amy | E37: =VLOOKUP($B37, Spa!$B:$P, 15, 0) -> West | F37: =VLOOKUP(B37, Spa!$B:$E, 3, 0) -> 2023 | G37: =VLOOKUP(B37, Spa!$B:$E, 4, 0) -> 45017 | H37: =F37&MONTH(G37) -> 20234 | I37: =VLOOKUP(B37, Spa!$B:$L, 9, 0) -> No | J37: 43029.09 | X37: =SUM($K37:K37) -> 0 | Y37: =SUM($K37:L37) -> 0 | Z37: =SUM($K37:M37) -> 0 | AA37: =SUM($K37:N37) -> 0 | AB37: =SUM($K37:O37) -> 0 | AC37: =SUM($K37:P37) -> 0 | AD37: =SUM($K37:Q37) -> 0 | AE37: =SUM($K37:R37) -> 0 | ... AI37: =SUM($K37:V37) -> 0
A38: 33 | B38: 25033 | C38: Body Works Day Spa; Stewart Manor | D38: =VLOOKUP($B38, Spa!$B:$P, 14, 0) -> Emily | E38: =VLOOKUP($B38, Spa!$B:$P, 15, 0) -> Northeast | F38: =VLOOKUP(B38, Spa!$B:$E, 3, 0) -> 2023 | G38: =VLOOKUP(B38, Spa!$B:$E, 4, 0) -> 45047 | H38: =F38&MONTH(G38) -> 20235 | I38: =VLOOKUP(B38, Spa!$B:$L, 9, 0) -> No | J38: 5424.13 | X38: =SUM($K38:K38) -> 0 | Y38: =SUM($K38:L38) -> 0 | Z38: =SUM($K38:M38) -> 0 | AA38: =SUM($K38:N38) -> 0 | AB38: =SUM($K38:O38) -> 0 | AC38: =SUM($K38:P38) -> 0 | AD38: =SUM($K38:Q38) -> 0 | AE38: =SUM($K38:R38) -> 0 | ... AI38: =SUM($K38:V38) -> 0
A39: 34 | B39: 25034 | C39: Live Love Spa; Tustin, CA | D39: =VLOOKUP($B39, Spa!$B:$P, 14, 0) -> Melissa | E39: =VLOOKUP($B39, Spa!$B:$P, 15, 0) -> Other | F39: =VLOOKUP(B39, Spa!$B:$E, 3, 0) -> 2023 | G39: =VLOOKUP(B39, Spa!$B:$E, 4, 0) -> 45047 | H39: =F39&MONTH(G39) -> 20235 | I39: =VLOOKUP(B39, Spa!$B:$L, 9, 0) -> No | J39: 494 | X39: =SUM($K39:K39) -> 0 | Y39: =SUM($K39:L39) -> 0 | Z39: =SUM($K39:M39) -> 0 | AA39: =SUM($K39:N39) -> 0 | AB39: =SUM($K39:O39) -> 0 | AC39: =SUM($K39:P39) -> 0 | AD39: =SUM($K39:Q39) -> 0 | AE39: =SUM($K39:R39) -> 0 | ... AI39: =SUM($K39:V39) -> 0
A40: 35 | B40: 25035 | C40: Rosewood Little Dix Bay; Helen Lugo | D40: =VLOOKUP($B40, Spa!$B:$P, 14, 0) -> Melissa | E40: =VLOOKUP($B40, Spa!$B:$P, 15, 0) -> Other | F40: =VLOOKUP(B40, Spa!$B:$E, 3, 0) -> 2023 | G40: =VLOOKUP(B40, Spa!$B:$E, 4, 0) -> 45170 | H40: =F40&MONTH(G40) -> 20239 | I40: =VLOOKUP(B40, Spa!$B:$L, 9, 0) -> No | J40: 22651.16 | X40: =SUM($K40:K40) -> 0 | Y40: =SUM($K40:L40) -> 0 | Z40: =SUM($K40:M40) -> 0 | AA40: =SUM($K40:N40) -> 0 | AB40: =SUM($K40:O40) -> 0 | AC40: =SUM($K40:P40) -> 0 | AD40: =SUM($K40:Q40) -> 0 | AE40: =SUM($K40:R40) -> 0 | ... AI40: =SUM($K40:V40) -> 0
A41: 36 | B41: 25036 | C41: MacArthur Place; LÁuberge de Sonoma LLC; CA | D41: =VLOOKUP($B41, Spa!$B:$P, 14, 0) -> Amy | E41: =VLOOKUP($B41, Spa!$B:$P, 15, 0) -> West | F41: =VLOOKUP(B41, Spa!$B:$E, 3, 0) -> 2023 | G41: =VLOOKUP(B41, Spa!$B:$E, 4, 0) -> 45139 | H41: =F41&MONTH(G41) -> 20238 | I41: =VLOOKUP(B41, Spa!$B:$L, 9, 0) -> No | J41: 5919.87 | X41: =SUM($K41:K41) -> 0 | Y41: =SUM($K41:L41) -> 0 | Z41: =SUM($K41:M41) -> 0 | AA41: =SUM($K41:N41) -> 0 | AB41: =SUM($K41:O41) -> 0 | AC41: =SUM($K41:P41) -> 0 | AD41: =SUM($K41:Q41) -> 0 | AE41: =SUM($K41:R41) -> 0 | ... AI41: =SUM($K41:V41) -> 0
A42: 37 | B42: 25037 | C42: Equinox Holdings Inc; Ap Communications | D42: =VLOOKUP($B42, Spa!$B:$P, 14, 0) -> Emily | E42: =VLOOKUP($B42, Spa!$B:$P, 15, 0) -> Northeast | F42: =VLOOKUP(B42, Spa!$B:$E, 3, 0) -> 2023 | G42: =VLOOKUP(B42, Spa!$B:$E, 4, 0) -> 45139 | H42: =F42&MONTH(G42) -> 20238 | I42: =VLOOKUP(B42, Spa!$B:$L, 9, 0) -> No | J42: 21563.64 | X42: =SUM($K42:K42) -> 0 | Y42: =SUM($K42:L42) -> 0 | Z42: =SUM($K42:M42) -> 0 | AA42: =SUM($K42:N42) -> 0 | AB42: =SUM($K42:O42) -> 0 | AC42: =SUM($K42:P42) -> 0 | AD42: =SUM($K42:Q42) -> 0 | AE42: =SUM($K42:R42) -> 0 | ... AI42: =SUM($K42:V42) -> 0
A43: 38 | B43: 25038 | C43: Lemon & Honey Day Spa; Orange, CA | D43: =VLOOKUP($B43, Spa!$B:$P, 14, 0) -> Amy | E43: =VLOOKUP($B43, Spa!$B:$P, 15, 0) -> West | F43: =VLOOKUP(B43, Spa!$B:$E, 3, 0) -> 2023 | G43: =VLOOKUP(B43, Spa!$B:$E, 4, 0) -> 45200 | H43: =F43&MONTH(G43) -> 202310 | I43: =VLOOKUP(B43, Spa!$B:$L, 9, 0) -> No | J43: 7243.37 | X43: =SUM($K43:K43) -> 0 | Y43: =SUM($K43:L43) -> 0 | Z43: =SUM($K43:M43) -> 0 | AA43: =SUM($K43:N43) -> 0 | AB43: =SUM($K43:O43) -> 0 | AC43: =SUM($K43:P43) -> 0 | AD43: =SUM($K43:Q43) -> 0 | AE43: =SUM($K43:R43) -> 0 | ... AI43: =SUM($K43:V43) -> 0
A44: 39 | B44: 25039 | C44: Four Seasons Hotel Austin; DTRS Austin LLC | D44: =VLOOKUP($B44, Spa!$B:$P, 14, 0) -> Emily | E44: =VLOOKUP($B44, Spa!$B:$P, 15, 0) -> Central | F44: =VLOOKUP(B44, Spa!$B:$E, 3, 0) -> 2024 | G44: =VLOOKUP(B44, Spa!$B:$E, 4, 0) -> 45352 | H44: =F44&MONTH(G44) -> 20243 | I44: =VLOOKUP(B44, Spa!$B:$L, 9, 0) -> No | J44: 0 | X44: =SUM($K44:K44) -> 0 | Y44: =SUM($K44:L44) -> 0 | Z44: =SUM($K44:M44) -> 0 | AA44: =SUM($K44:N44) -> 0 | AB44: =SUM($K44:O44) -> 0 | AC44: =SUM($K44:P44) -> 0 | AD44: =SUM($K44:Q44) -> 0 | AE44: =SUM($K44:R44) -> 0 | ... AI44: =SUM($K44:V44) -> 0
A45: 40 | B45: 25040 | C45: AMG Investments LLC; Fl | D45: =VLOOKUP($B45, Spa!$B:$P, 14, 0) -> Lisa | E45: =VLOOKUP($B45, Spa!$B:$P, 15, 0) -> Southeast | F45: =VLOOKUP(B45, Spa!$B:$E, 3, 0) -> 2023 | G45: =VLOOKUP(B45, Spa!$B:$E, 4, 0) -> 45200 | H45: =F45&MONTH(G45) -> 202310 | I45: =VLOOKUP(B45, Spa!$B:$L, 9, 0) -> No | J45: 6451.14 | X45: =SUM($K45:K45) -> 0 | Y45: =SUM($K45:L45) -> 0 | Z45: =SUM($K45:M45) -> 0 | AA45: =SUM($K45:N45) -> 0 | AB45: =SUM($K45:O45) -> 0 | AC45: =SUM($K45:P45) -> 0 | AD45: =SUM($K45:Q45) -> 0 | AE45: =SUM($K45:R45) -> 0 | ... AI45: =SUM($K45:V45) -> 0
A46: 41 | B46: 25041 | C46: Agata Sokolowska; IL | D46: =VLOOKUP($B46, Spa!$B:$P, 14, 0) -> Emily | E46: =VLOOKUP($B46, Spa!$B:$P, 15, 0) -> Central | F46: =VLOOKUP(B46, Spa!$B:$E, 3, 0) -> 2023 | G46: =VLOOKUP(B46, Spa!$B:$E, 4, 0) -> 45231 | H46: =F46&MONTH(G46) -> 202311 | I46: =VLOOKUP(B46, Spa!$B:$L, 9, 0) -> No | J46: 575.16 | X46: =SUM($K46:K46) -> 0 | Y46: =SUM($K46:L46) -> 0 | Z46: =SUM($K46:M46) -> 0 | AA46: =SUM($K46:N46) -> 0 | AB46: =SUM($K46:O46) -> 0 | AC46: =SUM($K46:P46) -> 0 | AD46: =SUM($K46:Q46) -> 0 | AE46: =SUM($K46:R46) -> 0 | ... AI46: =SUM($K46:V46) -> 0
... A49: 44 | B49: 25044 | C49: The Elms Hotel and Spa; Missouri | D49: =VLOOKUP($B49, Spa!$B:$P, 14, 0) -> Emily | E49: =VLOOKUP($B49, Spa!$B:$P, 15, 0) -> Central | F49: =VLOOKUP(B49, Spa!$B:$E, 3, 0) -> 2024 | G49: =VLOOKUP(B49, Spa!$B:$E, 4, 0) -> 45292 | H49: =F49&MONTH(G49) -> 20241 | I49: =VLOOKUP(B49, Spa!$B:$L, 9, 0) -> No | J49: 5613.07 | X49: =SUM($K49:K49) -> 0 | Y49: =SUM($K49:L49) -> 0 | Z49: =SUM($K49:M49) -> 0 | AA49: =SUM($K49:N49) -> 0 | AB49: =SUM($K49:O49) -> 0 | AC49: =SUM($K49:P49) -> 0 | AD49: =SUM($K49:Q49) -> 0 | AE49: =SUM($K49:R49) -> 0 | ... AI49: =SUM($K49:V49) -> 0
A50: 45 | B50: 25045 | C50: dba Haven Spa | D50: =VLOOKUP($B50, Spa!$B:$P, 14, 0) -> Emily | E50: =VLOOKUP($B50, Spa!$B:$P, 15, 0) -> Northeast | F50: =VLOOKUP(B50, Spa!$B:$E, 3, 0) -> 2024 | G50: =VLOOKUP(B50, Spa!$B:$E, 4, 0) -> 45323 | H50: =F50&MONTH(G50) -> 20242 | I50: =VLOOKUP(B50, Spa!$B:$L, 9, 0) -> No | X50: =SUM($K50:K50) -> 0 | Y50: =SUM($K50:L50) -> 0 | Z50: =SUM($K50:M50) -> 0 | AA50: =SUM($K50:N50) -> 0 | AB50: =SUM($K50:O50) -> 0 | AC50: =SUM($K50:P50) -> 0 | AD50: =SUM($K50:Q50) -> 0 | AE50: =SUM($K50:R50) -> 0 | ... AI50: =SUM($K50:V50) -> 0
B51: 25046 | C51: Beverly Wilshire,Four Seasons Hotel, CA | D51: =VLOOKUP($B51, Spa!$B:$P, 14, 0) -> Amy | E51: =VLOOKUP($B51, Spa!$B:$P, 15, 0) -> West | F51: =VLOOKUP(B51, Spa!$B:$E, 3, 0) -> 2024 | G51: =VLOOKUP(B51, Spa!$B:$E, 4, 0) -> 45383 | H51: =F51&MONTH(G51) -> 20244 | I51: =VLOOKUP(B51, Spa!$B:$L, 9, 0) -> No | X51: =SUM($K51:K51) -> 0 | Y51: =SUM($K51:L51) -> 0 | Z51: =SUM($K51:M51) -> 0 | AA51: =SUM($K51:N51) -> 0 | AB51: =SUM($K51:O51) -> 0 | AC51: =SUM($K51:P51) -> 0 | AD51: =SUM($K51:Q51) -> 0 | AE51: =SUM($K51:R51) -> 0 | ... AI51: =SUM($K51:V51) -> 0
B52: 25047 | C52: Four Seasons Resort Orlando,FL | D52: =VLOOKUP($B52, Spa!$B:$P, 14, 0) -> Lisa | E52: =VLOOKUP($B52, Spa!$B:$P, 15, 0) -> Southeast | F52: =VLOOKUP(B52, Spa!$B:$E, 3, 0) -> 2024 | G52: =VLOOKUP(B52, Spa!$B:$E, 4, 0) -> 45413 | H52: =F52&MONTH(G52) -> 20245 | I52: =VLOOKUP(B52, Spa!$B:$L, 9, 0) -> No | X52: =SUM($K52:K52) -> 0 | Y52: =SUM($K52:L52) -> 0 | Z52: =SUM($K52:M52) -> 0 | AA52: =SUM($K52:N52) -> 0 | AB52: =SUM($K52:O52) -> 0 | AC52: =SUM($K52:P52) -> 0 | AD52: =SUM($K52:Q52) -> 0 | AE52: =SUM($K52:R52) -> 0 | ... AI52: =SUM($K52:V52) -> 0
B53: 25049 | C53: Four Seasons Baltimore; MD | D53: =VLOOKUP($B53, Spa!$B:$P, 14, 0) -> Emily | E53: =VLOOKUP($B53, Spa!$B:$P, 15, 0) -> Northeast | F53: =VLOOKUP(B53, Spa!$B:$E, 3, 0) -> 2024 | G53: =VLOOKUP(B53, Spa!$B:$E, 4, 0) -> 45413 | H53: =F53&MONTH(G53) -> 20245 | I53: =VLOOKUP(B53, Spa!$B:$L, 9, 0) -> No | X53: =SUM($K53:K53) -> 0 | Y53: =SUM($K53:L53) -> 0 | Z53: =SUM($K53:M53) -> 0 | AA53: =SUM($K53:N53) -> 0 | AB53: =SUM($K53:O53) -> 0 | AC53: =SUM($K53:P53) -> 0 | AD53: =SUM($K53:Q53) -> 0 | AE53: =SUM($K53:R53) -> 0 | ... AI53: =SUM($K53:V53) -> 0
B54: 25050 | C54: Mokara Hotel & Spa, Omni Hotels Management Corp. | D54: =VLOOKUP($B54, Spa!$B:$P, 14, 0) -> Emily | E54: =VLOOKUP($B54, Spa!$B:$P, 15, 0) -> Central | F54: =VLOOKUP(B54, Spa!$B:$E, 3, 0) -> 2024 | G54: =VLOOKUP(B54, Spa!$B:$E, 4, 0) -> 45444 | H54: =F54&MONTH(G54) -> 20246 | I54: =VLOOKUP(B54, Spa!$B:$L, 9, 0) -> No | X54: =SUM($K54:K54) -> 0 | Y54: =SUM($K54:L54) -> 0 | Z54: =SUM($K54:M54) -> 0 | AA54: =SUM($K54:N54) -> 0 | AB54: =SUM($K54:O54) -> 0 | AC54: =SUM($K54:P54) -> 0 | AD54: =SUM($K54:Q54) -> 0 | AE54: =SUM($K54:R54) -> 0 | ... AI54: =SUM($K54:V54) -> 0
B55: 25052 | C55: Rosewood Miramar Beach; CA | D55: =VLOOKUP($B55, Spa!$B:$P, 14, 0) -> Amy | E55: =VLOOKUP($B55, Spa!$B:$P, 15, 0) -> West | F55: =VLOOKUP(B55, Spa!$B:$E, 3, 0) -> 2024 | G55: =VLOOKUP(B55, Spa!$B:$E, 4, 0) -> 45474 | H55: =F55&MONTH(G55) -> 20247 | I55: =VLOOKUP(B55, Spa!$B:$L, 9, 0) -> No | X55: =SUM($K55:K55) -> 0 | Y55: =SUM($K55:L55) -> 0 | Z55: =SUM($K55:M55) -> 0 | AA55: =SUM($K55:N55) -> 0 | AB55: =SUM($K55:O55) -> 0 | AC55: =SUM($K55:P55) -> 0 | AD55: =SUM($K55:Q55) -> 0 | AE55: =SUM($K55:R55) -> 0 | ... AI55: =SUM($K55:V55) -> 0
B56: 25053 | C56: Bonnie Frances Skin;Phoenix, AZ | D56: =VLOOKUP($B56, Spa!$B:$P, 14, 0) -> Amy | E56: =VLOOKUP($B56, Spa!$B:$P, 15, 0) -> West | F56: =VLOOKUP(B56, Spa!$B:$E, 3, 0) -> 2024 | G56: =VLOOKUP(B56, Spa!$B:$E, 4, 0) -> 45505 | H56: =F56&MONTH(G56) -> 20248 | I56: =VLOOKUP(B56, Spa!$B:$L, 9, 0) -> No | X56: =SUM($K56:K56) -> 0 | Y56: =SUM($K56:L56) -> 0 | Z56: =SUM($K56:M56) -> 0 | AA56: =SUM($K56:N56) -> 0 | AB56: =SUM($K56:O56) -> 0 | AC56: =SUM($K56:P56) -> 0 | AD56: =SUM($K56:Q56) -> 0 | AE56: =SUM($K56:R56) -> 0 | ... AI56: =SUM($K56:V56) -> 0
B57: 25054 | C57: Four Seasons Hotel Nashville; TN | D57: =VLOOKUP($B57, Spa!$B:$P, 14, 0) -> Lisa | E57: =VLOOKUP($B57, Spa!$B:$P, 15, 0) -> Southeast | F57: =VLOOKUP(B57, Spa!$B:$E, 3, 0) -> 2024 | G57: =VLOOKUP(B57, Spa!$B:$E, 4, 0) -> 45505 | H57: =F57&MONTH(G57) -> 20248 | I57: =VLOOKUP(B57, Spa!$B:$L, 9, 0) -> No | X57: =SUM($K57:K57) -> 0 | Y57: =SUM($K57:L57) -> 0 | Z57: =SUM($K57:M57) -> 0 | AA57: =SUM($K57:N57) -> 0 | AB57: =SUM($K57:O57) -> 0 | AC57: =SUM($K57:P57) -> 0 | AD57: =SUM($K57:Q57) -> 0 | AE57: =SUM($K57:R57) -> 0 | ... AI57: =SUM($K57:V57) -> 0
B58: 25055 | C58: USREC Banyan Cay Resort LLC | D58: =VLOOKUP($B58, Spa!$B:$P, 14, 0) -> Lisa | E58: =VLOOKUP($B58, Spa!$B:$P, 15, 0) -> Southeast | F58: =VLOOKUP(B58, Spa!$B:$E, 3, 0) -> 2024 | G58: =VLOOKUP(B58, Spa!$B:$E, 4, 0) -> 45536 | H58: =F58&MONTH(G58) -> 20249 | I58: =VLOOKUP(B58, Spa!$B:$L, 9, 0) -> No | X58: =SUM($K58:K58) -> 0 | Y58: =SUM($K58:L58) -> 0 | Z58: =SUM($K58:M58) -> 0 | AA58: =SUM($K58:N58) -> 0 | AB58: =SUM($K58:O58) -> 0 | AC58: =SUM($K58:P58) -> 0 | AD58: =SUM($K58:Q58) -> 0 | AE58: =SUM($K58:R58) -> 0 | ... AI58: =SUM($K58:V58) -> 0
B59: 25056 | C59: AMI LLC Bergamos Retreat | D59: =VLOOKUP($B59, Spa!$B:$P, 14, 0) -> Amy | E59: =VLOOKUP($B59, Spa!$B:$P, 15, 0) -> Central | F59: =VLOOKUP(B59, Spa!$B:$E, 3, 0) -> 2024 | G59: =VLOOKUP(B59, Spa!$B:$E, 4, 0) -> 45536 | H59: =F59&MONTH(G59) -> 20249 | I59: =VLOOKUP(B59, Spa!$B:$L, 9, 0) -> No | X59: =SUM($K59:K59) -> 0 | Y59: =SUM($K59:L59) -> 0 | Z59: =SUM($K59:M59) -> 0 | AA59: =SUM($K59:N59) -> 0 | AB59: =SUM($K59:O59) -> 0 | AC59: =SUM($K59:P59) -> 0 | AD59: =SUM($K59:Q59) -> 0 | AE59: =SUM($K59:R59) -> 0 | ... AI59: =SUM($K59:V59) -> 0
B60: 25057 | C60: Waldorf Astoria Spa Chicago | D60: =VLOOKUP($B60, Spa!$B:$P, 14, 0) -> Emily | E60: =VLOOKUP($B60, Spa!$B:$P, 15, 0) -> Central | F60: =VLOOKUP(B60, Spa!$B:$E, 3, 0) -> 2024 | G60: =VLOOKUP(B60, Spa!$B:$E, 4, 0) -> 45566 | H60: =F60&MONTH(G60) -> 202410 | I60: =VLOOKUP(B60, Spa!$B:$L, 9, 0) -> No | X60: =SUM($K60:K60) -> 0 | Y60: =SUM($K60:L60) -> 0 | Z60: =SUM($K60:M60) -> 0 | AA60: =SUM($K60:N60) -> 0 | AB60: =SUM($K60:O60) -> 0 | AC60: =SUM($K60:P60) -> 0 | AD60: =SUM($K60:Q60) -> 0 | AE60: =SUM($K60:R60) -> 0 | ... AI60: =SUM($K60:V60) -> 0
B61: 25058 | C61: Five Point Five, Inc. | D61: =VLOOKUP($B61, Spa!$B:$P, 14, 0) -> Amy | E61: =VLOOKUP($B61, Spa!$B:$P, 15, 0) -> West | F61: =VLOOKUP(B61, Spa!$B:$E, 3, 0) -> 2024 | G61: =VLOOKUP(B61, Spa!$B:$E, 4, 0) -> 45566 | H61: =F61&MONTH(G61) -> 202410 | I61: =VLOOKUP(B61, Spa!$B:$L, 9, 0) -> No | X61: =SUM($K61:K61) -> 0 | Y61: =SUM($K61:L61) -> 0 | Z61: =SUM($K61:M61) -> 0 | AA61: =SUM($K61:N61) -> 0 | AB61: =SUM($K61:O61) -> 0 | AC61: =SUM($K61:P61) -> 0 | AD61: =SUM($K61:Q61) -> 0 | AE61: =SUM($K61:R61) -> 0 | ... AI61: =SUM($K61:V61) -> 0
B62: 25059 | C62: Red Rock Tivoli Aestetics | D62: =VLOOKUP($B62, Spa!$B:$P, 14, 0) -> Amy | E62: =VLOOKUP($B62, Spa!$B:$P, 15, 0) -> West | F62: =VLOOKUP(B62, Spa!$B:$E, 3, 0) -> 2024 | G62: =VLOOKUP(B62, Spa!$B:$E, 4, 0) -> 45627 | H62: =F62&MONTH(G62) -> 202412 | I62: =VLOOKUP(B62, Spa!$B:$L, 9, 0) -> No | X62: =SUM($K62:K62) -> 0 | Y62: =SUM($K62:L62) -> 0 | Z62: =SUM($K62:M62) -> 0 | AA62: =SUM($K62:N62) -> 0 | AB62: =SUM($K62:O62) -> 0 | AC62: =SUM($K62:P62) -> 0 | AD62: =SUM($K62:Q62) -> 0 | AE62: =SUM($K62:R62) -> 0 | ... AI62: =SUM($K62:V62) -> 0

Sheet 2023
J1: Monthly Sales | K1: =SUM(K12:K67) -> 47380.62 | L1: =SUM(L12:L67) -> 24246.35 | M1: =SUM(M12:M67) -> 35305.56 | N1: =SUM(N12:N67) -> 25910.98 | O1: =SUM(O12:O67) -> 39736.07 | P1: =SUM(P12:P67) -> 28861.51 | Q1: =SUM(Q12:Q67) -> 24065.88 | R1: =SUM(R12:R67) -> 47179.95 | ... V1: =SUM(V12:V67) -> 59206.72
J2: YTD Sales | K2: =SUM($K1:K1) -> 47380.62 | L2: =SUM($K1:L1) -> 71626.97 | M2: =SUM($K1:M1) -> 106932.53 | N2: =SUM($K1:N1) -> 132843.51 | O2: =SUM($K1:O1) -> 172579.58 | P2: =SUM($K1:P1) -> 201441.09 | Q2: =SUM($K1:Q1) -> 225506.97 | R2: =SUM($K1:R1) -> 272686.92 | ... V2: =SUM($K1:V1) -> 468639.99
J3: Monthly ordering | K3: =COUNTIF(K12:K95, ">0")+IF(K42>0, 1, 0) -> 12 | L3: =COUNTIF(L12:L95, ">0")+IF(L42>0, 1, 0) -> 9 | M3: =COUNTIF(M12:M95, ">0")+IF(M42>0, 1, 0) -> 9 | N3: =COUNTIF(N12:N95, ">0")+IF(N42>0, 1, 0) -> 9 | O3: =COUNTIF(O12:O95, ">0")+IF(O42>0, 1, 0) -> 10 | P3: =COUNTIF(P12:P95, ">0")+IF(P42>0, 1, 0) -> 8 | Q3: =COUNTIF(Q12:Q95, ">0")+IF(Q42>0, 1, 0) -> 10 | R3: =COUNTIF(R12:R95, ">0")+IF(R42>0, 1, 0) -> 14 | ... V3: =COUNTIF(V12:V95, ">0")+IF(V42>0, 1, 0) -> 13
J4: YTD ordering | K4: =COUNTIF(X$12:X$95, ">0")+IF(X42>0, 1, 0) -> 12 | L4: =COUNTIF(Y$12:Y$95, ">0")+IF(Y42>0, 1, 0) -> 13 | M4: =COUNTIF(Z$12:Z$95, ">0")+IF(Z42>0, 1, 0) -> 15 | N4: =COUNTIF(AA$12:AA$95, ">0")+IF(AA42>0, 1, 0) -> 17 | O4: =COUNTIF(AB$12:AB$95, ">0")+IF(AB42>0, 1, 0) -> 19 | P4: =COUNTIF(AC$12:AC$95, ">0")+IF(AC42>0, 1, 0) -> 19 | Q4: =COUNTIF(AD$12:AD$95, ">0")+IF(AD42>0, 1, 0) -> 19 | R4: =COUNTIF(AE$12:AE$95, ">0")+IF(AE42>0, 1, 0) -> 23 | ... V4: =COUNTIF(AI$12:AI$95, ">0")+IF(AI42>0, 1, 0) -> 29
J5: In-month new door sales | K5: =SUMIF($H:$H, YEAR(K11)&MONTH(K11), K:K) -> 15267.45 | L5: =SUMIF($H:$H, YEAR(L11)&MONTH(L11), L:L) -> 0 | M5: =SUMIF($H:$H, YEAR(M11)&MONTH(M11), M:M) -> 0 | N5: =SUMIF($H:$H, YEAR(N11)&MONTH(N11), N:N) -> 4986.65 | O5: =SUMIF($H:$H, YEAR(O11)&MONTH(O11), O:O) -> 6867.58 | P5: =SUMIF($H:$H, YEAR(P11)&MONTH(P11), P:P) -> 0 | Q5: =SUMIF($H:$H, YEAR(Q11)&MONTH(Q11), Q:Q) -> 0 | R5: =SUMIF($H:$H, YEAR(R11)&MONTH(R11), R:R) -> 16962.09 | S5: =SUMIF($H:$H, YEAR(S11)&MONTH(S11), S:S) -> 12972.38 | T5: =SUMIF($H:$H, YEAR(T11)&MONTH(T11), T:T) -> 11154.35 | U5: =SUMIF($H:$H, YEAR(U11)&MONTH(U11), U:U) -> 575.16 | V5: =SUMIF($H:$H, YEAR(V11)&MONTH(V11), V:V) -> 25536
J6: YTD new doors (in month) | K6: =SUMIF($F:$F, YEAR(K11), K:K) -> 15267.45 | L6: =SUMIF($F:$F, YEAR(L11), L:L) -> 0 | M6: =SUMIF($F:$F, YEAR(M11), M:M) -> 0 | N6: =SUMIF($F:$F, YEAR(N11), N:N) -> 2987.65 | O6: =SUMIF($F:$F, YEAR(O11), O:O) -> 5154.37 | P6: =SUMIF($F:$F, YEAR(P11), P:P) -> 3615.09 | Q6: =SUMIF($F:$F, YEAR(Q11), Q:Q) -> 4259.14 | R6: =SUMIF($F:$F, YEAR(R11), R:R) -> 28572.35 | S6: =SUMIF($F:$F, YEAR(S11), S:S) -> 19015.71 | T6: =SUMIF($F:$F, YEAR(T11), T:T) -> 21818.3 | U6: =SUMIF($F:$F, YEAR(U11), U:U) -> 15122.01 | V6: =SUMIF($F:$F, YEAR(V11), V:V) -> 33404.87
J7: YTD new doors | K7: =SUM($K6:K6) -> 15267.45 | L7: =SUM($K6:L6) -> 15267.45 | M7: =SUM($K6:M6) -> 15267.45 | N7: =SUM($K6:N6) -> 18255.1 | O7: =SUM($K6:O6) -> 23409.47 | P7: =SUM($K6:P6) -> 27024.56 | Q7: =SUM($K6:Q6) -> 31283.7 | R7: =SUM($K6:R6) -> 59856.05 | ... V7: =SUM($K6:V6) -> 149216.94
J8: In-month new doors | K8: =COUNTIF($G:$G, K11) -> 3 | L8: =COUNTIF($G:$G, L11) -> 0 | M8: =COUNTIF($G:$G, M11) -> 0 | N8: =COUNTIF($G:$G, N11) -> 1 | O8: =COUNTIF($G:$G, O11) -> 2 | P8: =COUNTIF($G:$G, P11) -> 0 | Q8: =COUNTIF($G:$G, Q11) -> 0 | R8: =COUNTIF($G:$G, R11) -> 2 | ... V8: =COUNTIF($G:$G, V11) -> 2
J9: YTD new doors | K9: =SUM($K8:K8) -> 3 | L9: =SUM($K8:L8) -> 3 | M9: =SUM($K8:M8) -> 3 | N9: =SUM($K8:N8) -> 4 | O9: =SUM($K8:O8) -> 6 | P9: =SUM($K8:P8) -> 6 | Q9: =SUM($K8:Q8) -> 6 | R9: =SUM($K8:R8) -> 8 | ... V9: =SUM($K8:V8) -> 14
A11: # | B11: Customer Code | C11: Customer Name | D11: Sales person | E11: Region | F11: New door year | G11: New door month | H11: New door month code) | I11: Active? | J11: Annual Total | K11: 44927 | L11: 44958 | M11: 44986 | N11: 45017 | O11: 45047 | P11: 45078 | Q11: 45108 | R11: 45139 | S11: 45170 | T11: 45200 | U11: 45231 | V11: 45261 | X11: 44927 | Y11: 44958 | Z11: 44986 | AA11: 45017 | AB11: 45047 | AC11: 45078 | AD11: 45108 | AE11: 45139 | AF11: 45170 | AG11: 45200 | AH11: 45231 | AI11: 45261
A12: 2 | B12: 25000 | C12: West Coast Lifestyles Inc.; CA | D12: =VLOOKUP($B12, Spa!$B:$P, 14, 0) -> Amy | E12: =VLOOKUP($B12, Spa!$B:$P, 15, 0) -> West | F12: =VLOOKUP(B12, Spa!$B:$E, 3, 0) -> 2021 | G12: =VLOOKUP(B12, Spa!$B:$E, 4, 0) -> 44378 | H12: =F12&MONTH(G12) -> 20217 | I12: =VLOOKUP(B12, Spa!$B:$L, 10, 0) -> Yes | J12: 12766.93 | K12: 929.35 | L12: 759.5 | M12: 442.39 | N12: 505.52 | O12: 765.5 | Q12: 1811 | R12: 545 | S12: 396 | U12: 863.02 | X12: =SUM($K12:K12) -> 929.35 | Y12: =SUM($K12:L12) -> 1688.85 | Z12: =SUM($K12:M12) -> 2131.24 | AA12: =SUM($K12:N12) -> 2636.76 | AB12: =SUM($K12:O12) -> 3402.26 | AC12: =SUM($K12:P12) -> 3402.26 | AD12: =SUM($K12:Q12) -> 5213.26 | AE12: =SUM($K12:R12) -> 5758.26 | ... AI12: =SUM($K12:V12) -> 7017.28
A13: 3 | B13: 25001 | C13: Four Seasons Hotel Philadelphia; ; El Paso | D13: =VLOOKUP($B13, Spa!$B:$P, 14, 0) -> Emily | E13: =VLOOKUP($B13, Spa!$B:$P, 15, 0) -> Northeast | F13: =VLOOKUP(B13, Spa!$B:$E, 3, 0) -> 2021 | G13: =VLOOKUP(B13, Spa!$B:$E, 4, 0) -> 44317 | H13: =F13&MONTH(G13) -> 20215 | I13: =VLOOKUP(B13, Spa!$B:$L, 10, 0) -> Yes | J13: 57102.76 | K13: 3007.85 | L13: 1232.15 | M13: 3740.15 | N13: 2853.07 | O13: 1684.1 | P13: 2125.8 | Q13: 1073.5 | R13: 517.45 | S13: 2139.66 | T13: 1631.06 | U13: 3726.54 | V13: 1014.24 | X13: =SUM($K13:K13) -> 3007.85 | Y13: =SUM($K13:L13) -> 4240 | Z13: =SUM($K13:M13) -> 7980.15 | AA13: =SUM($K13:N13) -> 10833.22 | AB13: =SUM($K13:O13) -> 12517.32 | AC13: =SUM($K13:P13) -> 14643.12 | AD13: =SUM($K13:Q13) -> 15716.62 | AE13: =SUM($K13:R13) -> 16234.07 | ... AI13: =SUM($K13:V13) -> 24745.57
