Workbook

Sheet Summary
B2: GBP | C2: Full Year | I2: Full Year | M2: Total sales
C3: 25A | D3: 25B | E3: 25F vs 25B | F3: 24A | G3: 25F vs 24A | I3: 26B | J3: 25A | K3: 26B vs 25F | M3: 46023 | N3: 46054 | O3: 46082 | P3: 46113 | Q3: 46143 | R3: 46174 | S3: 46204 | T3: 46235 | U3: 46266 | V3: 46296 | W3: 46327 | X3: 46357
B4: Spa | C4: ='UK Spa Budget'!Z13+'UK Spa Budget'!Z27+'UK Spa Budget'!Z33 -> 153854.61 | D4: ='UK Spa Budget'!Y13+'UK Spa Budget'!Y27+'UK Spa Budget'!Y33 -> 229000 | E4: =IFERROR(C4/D4-1, "N/A") -> -0.32814581 | F4: ='UK Spa Budget'!X13+'UK Spa Budget'!X27+'UK Spa Budget'!X33 -> 103321.21 | G4: =IFERROR(C4/F4-1, "N/A") -> 0.48909028 | I4: ='UK Spa Budget'!AA13+'UK Spa Budget'!AA27+'UK Spa Budget'!AA33 -> 299000 | J4: =C4 -> 153854.61 | K4: =IFERROR(I4/J4-1, "N/A") -> 0.94339318 | M4: ='UK Spa Budget'!AG13+'UK Spa Budget'!AG27+'UK Spa Budget'!AG33 -> 15920 | N4: ='UK Spa Budget'!AH13+'UK Spa Budget'!AH27+'UK Spa Budget'!AH33 -> 19920 | O4: ='UK Spa Budget'!AI13+'UK Spa Budget'!AI27+'UK Spa Budget'!AI33 -> 21910 | P4: ='UK Spa Budget'!AJ13+'UK Spa Budget'!AJ27+'UK Spa Budget'!AJ33 -> 21910 | Q4: ='UK Spa Budget'!AK13+'UK Spa Budget'!AK27+'UK Spa Budget'!AK33 -> 24910 | R4: ='UK Spa Budget'!AL13+'UK Spa Budget'!AL27+'UK Spa Budget'!AL33 -> 21925 | S4: ='UK Spa Budget'!AM13+'UK Spa Budget'!AM27+'UK Spa Budget'!AM33 -> 23930 | T4: ='UK Spa Budget'!AN13+'UK Spa Budget'!AN27+'UK Spa Budget'!AN33 -> 21940 | ... X4: ='UK Spa Budget'!AR13+'UK Spa Budget'!AR27+'UK Spa Budget'!AR33 -> 26925
B5: Retail | C5: ='UK Retail Budget'!Z6 -> 143746.56 | D5: ='UK Retail Budget'!Y6 -> 137000 | E5: =IFERROR(C5/D5-1, "N/A") -> 0.049244964 | F5: ='UK Retail Budget'!X6 -> 147667.26 | G5: =IFERROR(C5/F5-1, "N/A") -> -0.026550909 | I5: ='UK Retail Budget'!AA6 -> 160000 | J5: =C5 -> 143746.56 | K5: =IFERROR(I5/J5-1, "N/A") -> 0.11307011 | M5: ='UK Retail Budget'!AG6 -> 12800 | N5: ='UK Retail Budget'!AH6 -> 12800 | O5: ='UK Retail Budget'!AI6 -> 14400 | P5: ='UK Retail Budget'!AJ6 -> 14400 | Q5: ='UK Retail Budget'!AK6 -> 14400 | R5: ='UK Retail Budget'!AL6 -> 12000 | S5: ='UK Retail Budget'!AM6 -> 11200 | T5: ='UK Retail Budget'!AN6 -> 9600 | ... X5: ='UK Retail Budget'!AR6 -> 12000
B6: Global eTailer | C6: ='Global eTailer Budget'!Z5 -> 28083.11 | D6: ='Global eTailer Budget'!Y5 -> 15000 | E6: =IFERROR(C6/D6-1, "N/A") -> 0.87220733 | F6: ='Global eTailer Budget'!X5 -> 8649.66 | G6: =IFERROR(C6/F6-1, "N/A") -> 2.2467299 | I6: ='Global eTailer Budget'!AA5 -> 30000 | J6: =C6 -> 28083.11 | K6: =IFERROR(I6/J6-1, "N/A") -> 0.068257754 | M6: ='Global eTailer Budget'!AG5 -> 2500 | N6: ='Global eTailer Budget'!AH5 -> 2500 | O6: ='Global eTailer Budget'!AI5 -> 2500 | P6: ='Global eTailer Budget'!AJ5 -> 2500 | Q6: ='Global eTailer Budget'!AK5 -> 2500 | R6: ='Global eTailer Budget'!AL5 -> 2500 | S6: ='Global eTailer Budget'!AM5 -> 2500 | T6: ='Global eTailer Budget'!AN5 -> 2500 | ... X6: ='Global eTailer Budget'!AR5 -> 2500
B8: Total UK | C8: =SUM(C4:C6) -> 325684.28 | D8: =SUM(D4:D6) -> 381000 | E8: =IFERROR(C8/D8-1, "N/A") -> -0.14518562 | F8: =SUM(F4:F6) -> 259638.13 | G8: =IFERROR(C8/F8-1, "N/A") -> 0.2543777 | I8: =SUM(I4:I6) -> 489000 | J8: =SUM(J4:J6) -> 325684.28 | K8: =IFERROR(I8/J8-1, "N/A") -> 0.50145411 | M8: =SUM(M4:M6) -> 31220 | N8: =SUM(N4:N6) -> 35220 | O8: =SUM(O4:O6) -> 38810 | P8: =SUM(P4:P6) -> 38810 | Q8: =SUM(Q4:Q6) -> 41810 | R8: =SUM(R4:R6) -> 36425 | S8: =SUM(S4:S6) -> 37630 | T8: =SUM(T4:T6) -> 34040 | ... X8: =SUM(X4:X6) -> 41425
B13: EUR | C13: Full Year | I13: Full Year
C14: 25A | D14: 25B | E14: 25F vs 25B | F14: 24A | G14: 25F vs 24A | I14: 26B | J14: 25A | K14: 26B vs 25F | M14: 46023 | N14: 46054 | O14: 46082 | P14: 46113 | Q14: 46143 | R14: 46174 | S14: 46204 | T14: 46235 | U14: 46266 | V14: 46296 | W14: 46327 | X14: 46357
B15: Spa | C15: =C4*1.3 -> 200010.99 | D15: =D4*1.2 -> 274800 | E15: =IFERROR(C15/D15-1, "N/A") -> -0.27215796 | F15: =F4*1.16 -> 119852.6 | G15: =IFERROR(C15/F15-1, "N/A") -> 0.66880808 | I15: =I4*1.16 -> 346840 | J15: =C15 -> 200010.99 | K15: =IFERROR(I15/J15-1, "N/A") -> 0.73410468 | M15: =M4*1.16 -> 18467.2 | N15: =N4*1.16 -> 23107.2 | O15: =O4*1.16 -> 25415.6 | P15: =P4*1.16 -> 25415.6 | Q15: =Q4*1.16 -> 28895.6 | R15: =R4*1.16 -> 25433 | S15: =S4*1.16 -> 27758.8 | T15: =T4*1.16 -> 25450.4 | ... X15: =X4*1.16 -> 31233
B16: Retail | C16: =C5*1.23 -> 176808.27 | D16: =D5*1.2 -> 164400 | E16: =IFERROR(C16/D16-1, "N/A") -> 0.075476088 | F16: =F5*1.17 -> 172770.69 | G16: =IFERROR(C16/F16-1, "N/A") -> 0.023369557 | I16: =I5*1.16 -> 185600 | J16: =C16 -> 176808.27 | K16: =IFERROR(I16/J16-1, "N/A") -> 0.049724661 | M16: =M5*1.16 -> 14848 | N16: =N5*1.16 -> 14848 | O16: =O5*1.16 -> 16704 | P16: =P5*1.16 -> 16704 | Q16: =Q5*1.16 -> 16704 | R16: =R5*1.16 -> 13920 | S16: =S5*1.16 -> 12992 | T16: =T5*1.16 -> 11136 | ... X16: =X5*1.16 -> 13920
B17: Global eTailer | C17: =C6*1.24 -> 34823.056 | D17: =D6*1.2 -> 18000 | E17: =IFERROR(C17/D17-1, "N/A") -> 0.93461424 | F17: =F6*1.16 -> 10033.606 | G17: =IFERROR(C17/F17-1, "N/A") -> 2.4706423 | I17: =I6*1.16 -> 34800 | J17: =C17 -> 34823.056 | K17: =IFERROR(I17/J17-1, "N/A") -> -0.00066210156 | M17: =M6*1.16 -> 2900 | N17: =N6*1.16 -> 2900 | O17: =O6*1.16 -> 2900 | P17: =P6*1.16 -> 2900 | Q17: =Q6*1.16 -> 2900 | R17: =R6*1.16 -> 2900 | S17: =S6*1.16 -> 2900 | T17: =T6*1.16 -> 2900 | ... X17: =X6*1.16 -> 2900
B19: Total UK | C19: =SUM(C15:C17) -> 411642.32 | D19: =SUM(D15:D17) -> 457200 | E19: =IFERROR(C19/D19-1, "N/A") -> -0.099644973 | F19: =SUM(F15:F17) -> 302656.9 | G19: =IFERROR(C19/F19-1, "N/A") -> 0.36009559 | I19: =SUM(I15:I17) -> 567240 | J19: =SUM(J15:J17) -> 411642.32 | K19: =IFERROR(I19/J19-1, "N/A") -> 0.37799243 | M19: =SUM(M15:M17) -> 36215.2 | N19: =SUM(N15:N17) -> 40855.2 | O19: =SUM(O15:O17) -> 45019.6 | P19: =SUM(P15:P17) -> 45019.6 | Q19: =SUM(Q15:Q17) -> 48499.6 | R19: =SUM(R15:R17) -> 42253 | S19: =SUM(S15:S17) -> 43650.8 | T19: =SUM(T15:T17) -> 39486.4 | ... X19: =SUM(X15:X17) -> 48053

Sheet UK Spa Budget
O1: Year to date | P1: Year to date | Q1: Year to date | S1: Year to date | T1: Year to date | V1: Full year | W1: Full year | X1: Full year | Y1: Full year | Z1: Full year | AA1: Full year | AC1: Full year | AD1: Full year | AE1: Full year | AG1: 0.08 | AH1: 0.08 | AI1: 0.09 | AJ1: 0.09 | AK1: 0.09 | AL1: 0.075 | AM1: 0.07 | AN1: 0.06 | AO1: 0.095 | AP1: 0.105 | AQ1: 0.09 | AR1: 0.075
B2: Customer Code | C2: Customer Name | D2: Country | E2: Region | F2: Customer Map | G2: New door year | H2: Active? | I2: 2025 Cluster | J2: 2025A | K2: 2026B | L2: Size indicator | M2: Customer Growth Class | O2: 2024 YTD | P2: 2025 YTD | Q2: 2025B YTD | S2: 25 vs 24 % | T2: 25 vs 25B % | V2: 2022 | W2: 2023 | X2: 2024 | Y2: 2025B | Z2: 2025F | AA2: 2026B | AC2: 25 vs 24 % | AD2: 25 vs 25B % | AE2: 26B vs 25F % | AG2: 46023 | AH2: 46054 | AI2: 46082 | AJ2: 46113 | AK2: 46143 | AL2: 46174 | AM2: 46204 | AN2: 46235 | AO2: 46266 | AP2: 46296 | AQ2: 46327 | AR2: 46357
B3: 51184 | C3: The Connaught Hotel | D3: =VLOOKUP($B3, 'Performance Data'!$B:$K, 3, 0) -> UK | E3: =VLOOKUP($B3, 'Performance Data'!$B:$K, 5, 0) -> Spa | F3: =VLOOKUP($B3, 'Performance Data'!$B:$K, 6, 0) -> Spas / Hotels | G3: =VLOOKUP($B3, 'Performance Data'!$B:$K, 9, 0) -> 2023 | I3: =VLOOKUP($B3, 'Performance Data'!$B:$K, 7, 0) -> BB | J3: =P3 -> 19779.42 | K3: 20000 | O3: =SUMIF('Performance Data'!$B:$B, $B3,'Performance Data'!N:N) -> 26665.91 | P3: =SUMIF('Performance Data'!$B:$B, $B3,'Performance Data'!O:O) -> 19779.42 | Q3: =SUMIF('Performance Data'!$B:$B, $B3,'Performance Data'!P:P) -> 20000 | S3: =$P3/O3-1 -> -0.2582507 | T3: =P3/Q3-1 -> -0.011029 | V3: =SUMIF('Performance Data'!$B:$B, $B3,'Performance Data'!AC:AC) -> 0 | W3: =SUMIF('Performance Data'!$B:$B, $B3,'Performance Data'!AD:AD) -> 6655.7 | X3: =SUMIF('Performance Data'!$B:$B, $B3,'Performance Data'!AE:AE) -> 26665.91 | Y3: =SUMIF('Performance Data'!$B:$B, $B3,'Performance Data'!AG:AG) -> 20000 | Z3: =J3 -> 19779.42 | AA3: =K3 -> 20000 | AC3: =Z3/X3-1 -> -0.2582507 | AD3: =Z3/Y3-1 -> -0.011029 | AE3: =AA3/Z3-1 -> 0.011151995 | AG3: =$AA3*AG$1 -> 1600 | AH3: =$AA3*AH$1 -> 1600 | AI3: =$AA3*AI$1 -> 1800 | AJ3: =$AA3*AJ$1 -> 1800 | AK3: =$AA3*AK$1 -> 1800 | AL3: =$AA3*AL$1 -> 1500 | AM3: =$AA3*AM$1 -> 1400 | AN3: =$AA3*AN$1 -> 1200 | ... AR3: =$AA3*AR$1 -> 1500
B4: 51185 | C4: Four Seasons Hotel London | D4: =VLOOKUP($B4, 'Performance Data'!$B:$K, 3, 0) -> UK | E4: =VLOOKUP($B4, 'Performance Data'!$B:$K, 5, 0) -> Spa | F4: =VLOOKUP($B4, 'Performance Data'!$B:$K, 6, 0) -> Spas / Hotels | G4: =VLOOKUP($B4, 'Performance Data'!$B:$K, 9, 0) -> 2024 | I4: =VLOOKUP($B4, 'Performance Data'!$B:$K, 7, 0) -> NKD24 | J4: =P4 -> 3448.59 | K4: 5000 | O4: =SUMIF('Performance Data'!$B:$B, $B4,'Performance Data'!N:N) -> 4761.01 | P4: =SUMIF('Performance Data'!$B:$B, $B4,'Performance Data'!O:O) -> 3448.59 | Q4: =SUMIF('Performance Data'!$B:$B, $B4,'Performance Data'!P:P) -> 5000 | S4: =$P4/O4-1 -> -0.27566 | T4: =P4/Q4-1 -> -0.310282 | V4: =SUMIF('Performance Data'!$B:$B, $B4,'Performance Data'!AC:AC) -> 0 | W4: =SUMIF('Performance Data'!$B:$B, $B4,'Performance Data'!AD:AD) -> 0 | X4: =SUMIF('Performance Data'!$B:$B, $B4,'Performance Data'!AE:AE) -> 4761.01 | Y4: =SUMIF('Performance Data'!$B:$B, $B4,'Performance Data'!AG:AG) -> 5000 | Z4: =J4 -> 3448.59 | AA4: =K4 -> 5000 | AC4: =Z4/X4-1 -> -0.27566 | AD4: =Z4/Y4-1 -> -0.310282 | AE4: =AA4/Z4-1 -> 0.44986792 | AG4: =$AA4*AG$1 -> 400 | AH4: =$AA4*AH$1 -> 400 | AI4: =$AA4*AI$1 -> 450 | AJ4: =$AA4*AJ$1 -> 450 | AK4: =$AA4*AK$1 -> 450 | AL4: =$AA4*AL$1 -> 375 | AM4: =$AA4*AM$1 -> 350 | AN4: =$AA4*AN$1 -> 300 | ... AR4: =$AA4*AR$1 -> 375
B5: 51186 | C5: hope street hotel; Liverpool | D5: =VLOOKUP($B5, 'Performance Data'!$B:$K, 3, 0) -> UK | E5: =VLOOKUP($B5, 'Performance Data'!$B:$K, 5, 0) -> Spa | F5: =VLOOKUP($B5, 'Performance Data'!$B:$K, 6, 0) -> Spas / Hotels | G5: =VLOOKUP($B5, 'Performance Data'!$B:$K, 9, 0) -> 2023 | I5: =VLOOKUP($B5, 'Performance Data'!$B:$K, 7, 0) -> BB | J5: =P5 -> 1162.46 | K5: 2000 | O5: =SUMIF('Performance Data'!$B:$B, $B5,'Performance Data'!N:N) -> 8045.51 | P5: =SUMIF('Performance Data'!$B:$B, $B5,'Performance Data'!O:O) -> 1162.46 | Q5: =SUMIF('Performance Data'!$B:$B, $B5,'Performance Data'!P:P) -> 10000 | S5: =$P5/O5-1 -> -0.85551444 | T5: =P5/Q5-1 -> -0.883754 | V5: =SUMIF('Performance Data'!$B:$B, $B5,'Performance Data'!AC:AC) -> 0 | W5: =SUMIF('Performance Data'!$B:$B, $B5,'Performance Data'!AD:AD) -> 2266.78 | X5: =SUMIF('Performance Data'!$B:$B, $B5,'Performance Data'!AE:AE) -> 8045.51 | Y5: =SUMIF('Performance Data'!$B:$B, $B5,'Performance Data'!AG:AG) -> 10000 | Z5: =J5 -> 1162.46 | AA5: =K5 -> 2000 | AC5: =Z5/X5-1 -> -0.85551444 | AD5: =Z5/Y5-1 -> -0.883754 | AE5: =AA5/Z5-1 -> 0.72048931 | AG5: =$AA5*AG$1 -> 160 | AH5: =$AA5*AH$1 -> 160 | AI5: =$AA5*AI$1 -> 180 | AJ5: =$AA5*AJ$1 -> 180 | AK5: =$AA5*AK$1 -> 180 | AL5: =$AA5*AL$1 -> 150 | AM5: =$AA5*AM$1 -> 140 | AN5: =$AA5*AN$1 -> 120 | ... AR5: =$AA5*AR$1 -> 150
B6: 51187 | C6: Julia Knight; Sale | D6: =VLOOKUP($B6, 'Performance Data'!$B:$K, 3, 0) -> UK | E6: =VLOOKUP($B6, 'Performance Data'!$B:$K, 5, 0) -> Spa | F6: =VLOOKUP($B6, 'Performance Data'!$B:$K, 6, 0) -> Institutes / Clinics | G6: =VLOOKUP($B6, 'Performance Data'!$B:$K, 9, 0) -> 2023 | I6: =VLOOKUP($B6, 'Performance Data'!$B:$K, 7, 0) -> CC | J6: =P6 -> 3504.29 | K6: 4000 | O6: =SUMIF('Performance Data'!$B:$B, $B6,'Performance Data'!N:N) -> 2526.58 | P6: =SUMIF('Performance Data'!$B:$B, $B6,'Performance Data'!O:O) -> 3504.29 | Q6: =SUMIF('Performance Data'!$B:$B, $B6,'Performance Data'!P:P) -> 2000 | S6: =$P6/O6-1 -> 0.38696974 | T6: =P6/Q6-1 -> 0.752145 | V6: =SUMIF('Performance Data'!$B:$B, $B6,'Performance Data'!AC:AC) -> 0 | W6: =SUMIF('Performance Data'!$B:$B, $B6,'Performance Data'!AD:AD) -> 1173.99 | X6: =SUMIF('Performance Data'!$B:$B, $B6,'Performance Data'!AE:AE) -> 2526.58 | Y6: =SUMIF('Performance Data'!$B:$B, $B6,'Performance Data'!AG:AG) -> 2000 | Z6: =J6 -> 3504.29 | AA6: =K6 -> 4000 | AC6: =Z6/X6-1 -> 0.38696974 | AD6: =Z6/Y6-1 -> 0.752145 | AE6: =AA6/Z6-1 -> 0.14145804 | AG6: =$AA6*AG$1 -> 320 | AH6: =$AA6*AH$1 -> 320 | AI6: =$AA6*AI$1 -> 360 | AJ6: =$AA6*AJ$1 -> 360 | AK6: =$AA6*AK$1 -> 360 | AL6: =$AA6*AL$1 -> 300 | AM6: =$AA6*AM$1 -> 280 | AN6: =$AA6*AN$1 -> 240 | ... AR6: =$AA6*AR$1 -> 300
B7: 51189 | C7: RTL Limited; The Grove Hotel | D7: =VLOOKUP($B7, 'Performance Data'!$B:$K, 3, 0) -> UK | E7: =VLOOKUP($B7, 'Performance Data'!$B:$K, 5, 0) -> Spa | F7: =VLOOKUP($B7, 'Performance Data'!$B:$K, 6, 0) -> Spas / Hotels | G7: =VLOOKUP($B7, 'Performance Data'!$B:$K, 9, 0) -> 2024 | I7: =VLOOKUP($B7, 'Performance Data'!$B:$K, 7, 0) -> NKD24 | J7: =P7 -> 32939.5 | K7: 35000 | O7: =SUMIF('Performance Data'!$B:$B, $B7,'Performance Data'!N:N) -> 28806.05 | P7: =SUMIF('Performance Data'!$B:$B, $B7,'Performance Data'!O:O) -> 32939.5 | Q7: =SUMIF('Performance Data'!$B:$B, $B7,'Performance Data'!P:P) -> 30000 | S7: =$P7/O7-1 -> 0.14349243 | T7: =P7/Q7-1 -> 0.097983333 | V7: =SUMIF('Performance Data'!$B:$B, $B7,'Performance Data'!AC:AC) -> 0 | W7: =SUMIF('Performance Data'!$B:$B, $B7,'Performance Data'!AD:AD) -> 0 | X7: =SUMIF('Performance Data'!$B:$B, $B7,'Performance Data'!AE:AE) -> 28806.05 | Y7: =SUMIF('Performance Data'!$B:$B, $B7,'Performance Data'!AG:AG) -> 30000 | Z7: =J7 -> 32939.5 | AA7: =K7 -> 35000 | AC7: =Z7/X7-1 -> 0.14349243 | AD7: =Z7/Y7-1 -> 0.097983333 | AE7: =AA7/Z7-1 -> 0.062554076 | AG7: =$AA7*AG$1 -> 2800 | AH7: =$AA7*AH$1 -> 2800 | AI7: =$AA7*AI$1 -> 3150 | AJ7: =$AA7*AJ$1 -> 3150 | AK7: =$AA7*AK$1 -> 3150 | AL7: =$AA7*AL$1 -> 2625 | AM7: =$AA7*AM$1 -> 2450 | AN7: =$AA7*AN$1 -> 2100 | ... AR7: =$AA7*AR$1 -> 2625
B8: 53000 | C8: IzzyJ Aesthetics | D8: =VLOOKUP($B8, 'Performance Data'!$B:$K, 3, 0) -> UK | E8: =VLOOKUP($B8, 'Performance Data'!$B:$K, 5, 0) -> Spa | F8: =VLOOKUP($B8, 'Performance Data'!$B:$K, 6, 0) -> Other | G8: =VLOOKUP($B8, 'Performance Data'!$B:$K, 9, 0) -> Pre-2022 | I8: =VLOOKUP($B8, 'Performance Data'!$B:$K, 7, 0) -> CC | J8: =P8 -> 487.8 | K8: 0 | O8: =SUMIF('Performance Data'!$B:$B, $B8,'Performance Data'!N:N) -> 2165.32 | P8: =SUMIF('Performance Data'!$B:$B, $B8,'Performance Data'!O:O) -> 487.8 | Q8: =SUMIF('Performance Data'!$B:$B, $B8,'Performance Data'!P:P) -> 0 | S8: =$P8/O8-1 -> -0.77472152 | T8: =P8/Q8-1 -> #DIV/0! | V8: =SUMIF('Performance Data'!$B:$B, $B8,'Performance Data'!AC:AC) -> 0 | W8: =SUMIF('Performance Data'!$B:$B, $B8,'Performance Data'!AD:AD) -> 610.56 | X8: =SUMIF('Performance Data'!$B:$B, $B8,'Performance Data'!AE:AE) -> 2165.32 | Y8: =SUMIF('Performance Data'!$B:$B, $B8,'Performance Data'!AG:AG) -> 0 | Z8: =J8 -> 487.8 | AA8: =K8 -> 0 | AC8: =Z8/X8-1 -> -0.77472152 | AD8: =Z8/Y8-1 -> #DIV/0! | AE8: =AA8/Z8-1 -> -1 | AG8: =$AA8*AG$1 -> 0 | AH8: =$AA8*AH$1 -> 0 | AI8: =$AA8*AI$1 -> 0 | AJ8: =$AA8*AJ$1 -> 0 | AK8: =$AA8*AK$1 -> 0 | AL8: =$AA8*AL$1 -> 0 | AM8: =$AA8*AM$1 -> 0 | AN8: =$AA8*AN$1 -> 0 | ... AR8: =$AA8*AR$1 -> 0
B9: 53014 | C9: Oblique house of aesthetics; London | D9: =VLOOKUP($B9, 'Performance Data'!$B:$K, 3, 0) -> UK | E9: =VLOOKUP($B9, 'Performance Data'!$B:$K, 5, 0) -> Spa | F9: =VLOOKUP($B9, 'Performance Data'!$B:$K, 6, 0) -> Institutes / Clinics | G9: =VLOOKUP($B9, 'Performance Data'!$B:$K, 9, 0) -> 2024 | I9: =VLOOKUP($B9, 'Performance Data'!$B:$K, 7, 0) -> NKD24 | J9: =P9 -> 13215.42 | K9: 15000 | O9: =SUMIF('Performance Data'!$B:$B, $B9,'Performance Data'!N:N) -> 15824.73 | P9: =SUMIF('Performance Data'!$B:$B, $B9,'Performance Data'!O:O) -> 13215.42 | Q9: =SUMIF('Performance Data'!$B:$B, $B9,'Performance Data'!P:P) -> 12000 | S9: =$P9/O9-1 -> -0.16488812 | T9: =P9/Q9-1 -> 0.101285 | V9: =SUMIF('Performance Data'!$B:$B, $B9,'Performance Data'!AC:AC) -> 0 | W9: =SUMIF('Performance Data'!$B:$B, $B9,'Performance Data'!AD:AD) -> 0 | X9: =SUMIF('Performance Data'!$B:$B, $B9,'Performance Data'!AE:AE) -> 15824.73 | Y9: =SUMIF('Performance Data'!$B:$B, $B9,'Performance Data'!AG:AG) -> 12000 | Z9: =J9 -> 13215.42 | AA9: =K9 -> 15000 | AC9: =Z9/X9-1 -> -0.16488812 | AD9: =Z9/Y9-1 -> 0.101285 | AE9: =AA9/Z9-1 -> 0.13503771 | AG9: =$AA9*AG$1 -> 1200 | AH9: =$AA9*AH$1 -> 1200 | AI9: =$AA9*AI$1 -> 1350 | AJ9: =$AA9*AJ$1 -> 1350 | AK9: =$AA9*AK$1 -> 1350 | AL9: =$AA9*AL$1 -> 1125 | AM9: =$AA9*AM$1 -> 1050 | AN9: =$AA9*AN$1 -> 900 | ... AR9: =$AA9*AR$1 -> 1125
B10: 53015 | C10: Hilton Bankside; Ken Tui Management Ltd.; London | D10: =VLOOKUP($B10, 'Performance Data'!$B:$K, 3, 0) -> UK | E10: =VLOOKUP($B10, 'Performance Data'!$B:$K, 5, 0) -> Spa | F10: =VLOOKUP($B10, 'Performance Data'!$B:$K, 6, 0) -> Spas / Hotels | G10: =VLOOKUP($B10, 'Performance Data'!$B:$K, 9, 0) -> 2024 | I10: =VLOOKUP($B10, 'Performance Data'!$B:$K, 7, 0) -> NKD24 | J10: =P10 -> 6384.93 | K10: 7000 | O10: =SUMIF('Performance Data'!$B:$B, $B10,'Performance Data'!N:N) -> 3678.79 | P10: =SUMIF('Performance Data'!$B:$B, $B10,'Performance Data'!O:O) -> 6384.93 | Q10: =SUMIF('Performance Data'!$B:$B, $B10,'Performance Data'!P:P) -> 10000 | S10: =$P10/O10-1 -> 0.735606 | T10: =P10/Q10-1 -> -0.361507 | V10: =SUMIF('Performance Data'!$B:$B, $B10,'Performance Data'!AC:AC) -> 0 | W10: =SUMIF('Performance Data'!$B:$B, $B10,'Performance Data'!AD:AD) -> 0 | X10: =SUMIF('Performance Data'!$B:$B, $B10,'Performance Data'!AE:AE) -> 3678.79 | Y10: =SUMIF('Performance Data'!$B:$B, $B10,'Performance Data'!AG:AG) -> 10000 | Z10: =J10 -> 6384.93 | AA10: =K10 -> 7000 | AC10: =Z10/X10-1 -> 0.735606 | AD10: =Z10/Y10-1 -> -0.361507 | AE10: =AA10/Z10-1 -> 0.096331518 | AG10: =$AA10*AG$1 -> 560 | AH10: =$AA10*AH$1 -> 560 | AI10: =$AA10*AI$1 -> 630 | AJ10: =$AA10*AJ$1 -> 630 | AK10: =$AA10*AK$1 -> 630 | AL10: =$AA10*AL$1 -> 525 | AM10: =$AA10*AM$1 -> 490 | AN10: =$AA10*AN$1 -> 420 | ... AR10: =$AA10*AR$1 -> 525
B11: 53016 | C11: Royal London House; Ken Tui Managem. Ltd | D11: =VLOOKUP($B11, 'Performance Data'!$B:$K, 3, 0) -> UK | E11: =VLOOKUP($B11, 'Performance Data'!$B:$K, 5, 0) -> Spa | F11: =VLOOKUP($B11, 'Performance Data'!$B:$K, 6, 0) -> Spas / Hotels | G11: =VLOOKUP($B11, 'Performance Data'!$B:$K, 9, 0) -> 2024 | I11: =VLOOKUP($B11, 'Performance Data'!$B:$K, 7, 0) -> NKD24 | J11: =P11 -> 1636.92 | K11: 2000 | O11: =SUMIF('Performance Data'!$B:$B, $B11,'Performance Data'!N:N) -> 2148.84 | P11: =SUMIF('Performance Data'!$B:$B, $B11,'Performance Data'!O:O) -> 1636.92 | Q11: =SUMIF('Performance Data'!$B:$B, $B11,'Performance Data'!P:P) -> 10000 | S11: =$P11/O11-1 -> -0.23823086 | T11: =P11/Q11-1 -> -0.836308 | V11: =SUMIF('Performance Data'!$B:$B, $B11,'Performance Data'!AC:AC) -> 0 | W11: =SUMIF('Performance Data'!$B:$B, $B11,'Performance Data'!AD:AD) -> 0 | X11: =SUMIF('Performance Data'!$B:$B, $B11,'Performance Data'!AE:AE) -> 2148.84 | Y11: =SUMIF('Performance Data'!$B:$B, $B11,'Performance Data'!AG:AG) -> 10000 | Z11: =J11 -> 1636.92 | AA11: =K11 -> 2000 | AC11: =Z11/X11-1 -> -0.23823086 | AD11: =Z11/Y11-1 -> -0.836308 | AE11: =AA11/Z11-1 -> 0.22180681 | AG11: =$AA11*AG$1 -> 160 | AH11: =$AA11*AH$1 -> 160 | AI11: =$AA11*AI$1 -> 180 | AJ11: =$AA11*AJ$1 -> 180 | AK11: =$AA11*AK$1 -> 180 | AL11: =$AA11*AL$1 -> 150 | AM11: =$AA11*AM$1 -> 140 | AN11: =$AA11*AN$1 -> 120 | ... AR11: =$AA11*AR$1 -> 150
B12: 53017 | C12: Piccadilly Town House; Ken Tui Managem. Ltd | D12: =VLOOKUP($B12, 'Performance Data'!$B:$K, 3, 0) -> UK | E12: =VLOOKUP($B12, 'Performance Data'!$B:$K, 5, 0) -> Spa | F12: =VLOOKUP($B12, 'Performance Data'!$B:$K, 6, 0) -> Spas / Hotels | G12: =VLOOKUP($B12, 'Performance Data'!$B:$K, 9, 0) -> 2024 | I12: =VLOOKUP($B12, 'Performance Data'!$B:$K, 7, 0) -> NKD24 | J12: =P12 -> 0 | O12: =SUMIF('Performance Data'!$B:$B, $B12,'Performance Data'!N:N) -> 8698.47 | P12: =SUMIF('Performance Data'!$B:$B, $B12,'Performance Data'!O:O) -> 0 | Q12: =SUMIF('Performance Data'!$B:$B, $B12,'Performance Data'!P:P) -> 10000 | S12: =$P12/O12-1 -> -1 | T12: =P12/Q12-1 -> -1 | V12: =SUMIF('Performance Data'!$B:$B, $B12,'Performance Data'!AC:AC) -> 0 | W12: =SUMIF('Performance Data'!$B:$B, $B12,'Performance Data'!AD:AD) -> 0 | X12: =SUMIF('Performance Data'!$B:$B, $B12,'Performance Data'!AE:AE) -> 8698.47 | Y12: =SUMIF('Performance Data'!$B:$B, $B12,'Performance Data'!AG:AG) -> 10000 | Z12: =J12 -> 0 | AA12: =K12 -> 0 | AC12: =Z12/X12-1 -> -1 | AD12: =Z12/Y12-1 -> -1 | AE12: =AA12/Z12-1 -> #DIV/0! | AG12: =$AA12*AG$1 -> 0 | AH12: =$AA12*AH$1 -> 0 | AI12: =$AA12*AI$1 -> 0 | AJ12: =$AA12*AJ$1 -> 0 | AK12: =$AA12*AK$1 -> 0 | AL12: =$AA12*AL$1 -> 0 | AM12: =$AA12*AM$1 -> 0 | AN12: =$AA12*AN$1 -> 0 | ... AR12: =$AA12*AR$1 -> 0
B13: Total Active Existing Doors | H13: =COUNTIF(H3:H12, "Yes") -> 0 | J13: =SUM(J3:J12) -> 82559.33 | K13: =SUM(K3:K12) -> 90000 | O13: =SUM(O3:O12) -> 103321.21 | P13: =SUM(P3:P12) -> 82559.33 | Q13: =SUM(Q3:Q12) -> 109000 | S13: =$P13/O13-1 -> -0.20094499 | T13: =P13/Q13-1 -> -0.24257495 | V13: =SUMIF('Performance Data'!$B:$B, $B13,'Performance Data'!AC:AC) -> 0 | W13: =SUM(W3:W12) -> 10707.03 | X13: =SUM(X3:X12) -> 103321.21 | Y13: =SUM(Y3:Y12) -> 109000 | Z13: =SUM(Z3:Z12) -> 82559.33 | AA13: =SUM(AA3:AA12) -> 90000 | AC13: =Z13/X13-1 -> -0.20094499 | AD13: =Z13/Y13-1 -> -0.24257495 | AE13: =AA13/Z13-1 -> 0.090125126 | AG13: =SUM(AG3:AG12) -> 7200 | AH13: =SUM(AH3:AH12) -> 7200 | AI13: =SUM(AI3:AI12) -> 8100 | AJ13: =SUM(AJ3:AJ12) -> 8100 | AK13: =SUM(AK3:AK12) -> 8100 | AL13: =SUM(AL3:AL12) -> 6750 | AM13: =SUM(AM3:AM12) -> 6300 | AN13: =SUM(AN3:AN12) -> 5400 | ... AR13: =SUM(AR3:AR12) -> 6750
B17: 53019 | C17: M Alexander London | D17: =VLOOKUP($B17, 'Performance Data'!$B:$K, 3, 0) -> UK | E17: =VLOOKUP($B17, 'Performance Data'!$B:$K, 5, 0) -> Spa | F17: =VLOOKUP($B17, 'Performance Data'!$B:$K, 6, 0) -> Institutes / Clinics | G17: =VLOOKUP($B17, 'Performance Data'!$B:$K, 9, 0) -> 2025 | I17: =VLOOKUP($B17, 'Performance Data'!$B:$K, 7, 0) -> NKD25 | J17: =P17 -> 3875.91 | K17: 5000 | O17: =SUMIF('Performance Data'!$B:$B, $B17,'Performance Data'!N:N) -> 0 | P17: =SUMIF('Performance Data'!$B:$B, $B17,'Performance Data'!O:O) -> 3875.91 | Q17: =SUMIF('Performance Data'!$B:$B, $B17,'Performance Data'!P:P) -> 0 | S17: =$P17/O17-1 -> #DIV/0! | T17: =P17/Q17-1 -> #DIV/0! | V17: =SUMIF('Performance Data'!$B:$B, $B17,'Performance Data'!AC:AC) -> 0 | W17: =SUMIF('Performance Data'!$B:$B, $B17,'Performance Data'!AD:AD) -> 0 | X17: =SUMIF('Performance Data'!$B:$B, $B17,'Performance Data'!AE:AE) -> 0 | Y17: =SUMIF('Performance Data'!$B:$B, $B17,'Performance Data'!AG:AG) -> 0 | Z17: =J17 -> 3875.91 | AA17: =K17 -> 5000 | AC17: =Z17/X17-1 -> #DIV/0! | AD17: =Z17/Y17-1 -> #DIV/0! | AE17: =AA17/Z17-1 -> 0.29001963 | AG17: =$AA17*AG$1 -> 400 | AH17: =$AA17*AH$1 -> 400 | AI17: =$AA17*AI$1 -> 450 | AJ17: =$AA17*AJ$1 -> 450 | AK17: =$AA17*AK$1 -> 450 | AL17: =$AA17*AL$1 -> 375 | AM17: =$AA17*AM$1 -> 350 | AN17: =$AA17*AN$1 -> 300 | ... AR17: =$AA17*AR$1 -> 375
B18: 53018 | C18: The Goodwood Hotel, Chichester | D18: =VLOOKUP($B18, 'Performance Data'!$B:$K, 3, 0) -> UK | E18: =VLOOKUP($B18, 'Performance Data'!$B:$K, 5, 0) -> Spa | F18: =VLOOKUP($B18, 'Performance Data'!$B:$K, 6, 0) -> Spas / Hotels | G18: =VLOOKUP($B18, 'Performance Data'!$B:$K, 9, 0) -> 2025 | I18: =VLOOKUP($B18, 'Performance Data'!$B:$K, 7, 0) -> NKD25 | J18: =P18 -> 12182.78 | K18: 15000 | O18: =SUMIF('Performance Data'!$B:$B, $B18,'Performance Data'!N:N) -> 0 | P18: =SUMIF('Performance Data'!$B:$B, $B18,'Performance Data'!O:O) -> 12182.78 | Q18: =SUMIF('Performance Data'!$B:$B, $B18,'Performance Data'!P:P) -> 0 | S18: =$P18/O18-1 -> #DIV/0! | T18: =P18/Q18-1 -> #DIV/0! | V18: =SUMIF('Performance Data'!$B:$B, $B18,'Performance Data'!AC:AC) -> 0 | W18: =SUMIF('Performance Data'!$B:$B, $B18,'Performance Data'!AD:AD) -> 0 | X18: =SUMIF('Performance Data'!$B:$B, $B18,'Performance Data'!AE:AE) -> 0 | Y18: =SUMIF('Performance Data'!$B:$B, $B18,'Performance Data'!AG:AG) -> 0 | Z18: =J18 -> 12182.78 | AA18: =K18 -> 15000 | AC18: =Z18/X18-1 -> #DIV/0! | AD18: =Z18/Y18-1 -> #DIV/0! | AE18: =AA18/Z18-1 -> 0.23124607 | AG18: =$AA18*AG$1 -> 1200 | AH18: =$AA18*AH$1 -> 1200 | AI18: =$AA18*AI$1 -> 1350 | AJ18: =$AA18*AJ$1 -> 1350 | AK18: =$AA18*AK$1 -> 1350 | AL18: =$AA18*AL$1 -> 1125 | AM18: =$AA18*AM$1 -> 1050 | AN18: =$AA18*AN$1 -> 900 | ... AR18: =$AA18*AR$1 -> 1125
B19: 53020 | C19: Guendalina The Skin Sculpter LTD | D19: =VLOOKUP($B19, 'Performance Data'!$B:$K, 3, 0) -> UK | E19: =VLOOKUP($B19, 'Performance Data'!$B:$K, 5, 0) -> Spa | F19: =VLOOKUP($B19, 'Performance Data'!$B:$K, 6, 0) -> Institutes / Clinics | G19: =VLOOKUP($B19, 'Performance Data'!$B:$K, 9, 0) -> 2025 | I19: =VLOOKUP($B19, 'Performance Data'!$B:$K, 7, 0) -> NKD25 | J19: =P19 -> 35192.72 | K19: 40000 | O19: =SUMIF('Performance Data'!$B:$B, $B19,'Performance Data'!N:N) -> 0 | P19: =SUMIF('Performance Data'!$B:$B, $B19,'Performance Data'!O:O) -> 35192.72 | Q19: =SUMIF('Performance Data'!$B:$B, $B19,'Performance Data'!P:P) -> 0 | S19: =$P19/O19-1 -> #DIV/0! | T19: =P19/Q19-1 -> #DIV/0! | V19: =SUMIF('Performance Data'!$B:$B, $B19,'Performance Data'!AC:AC) -> 0 | W19: =SUMIF('Performance Data'!$B:$B, $B19,'Performance Data'!AD:AD) -> 0 | X19: =SUMIF('Performance Data'!$B:$B, $B19,'Performance Data'!AE:AE) -> 0 | Y19: =SUMIF('Performance Data'!$B:$B, $B19,'Performance Data'!AG:AG) -> 0 | Z19: =J19 -> 35192.72 | AA19: =K19 -> 40000 | AC19: =Z19/X19-1 -> #DIV/0! | AD19: =Z19/Y19-1 -> #DIV/0! | AE19: =AA19/Z19-1 -> 0.13659871 | AG19: =$AA19*AG$1 -> 3200 | AH19: =$AA19*AH$1 -> 3200 | AI19: =$AA19*AI$1 -> 3600 | AJ19: =$AA19*AJ$1 -> 3600 | AK19: =$AA19*AK$1 -> 3600 | AL19: =$AA19*AL$1 -> 3000 | AM19: =$AA19*AM$1 -> 2800 | AN19: =$AA19*AN$1 -> 2400 | ... AR19: =$AA19*AR$1 -> 3000
B20: 51192 | C20: Rachel Staggs Ltd. | D20: =VLOOKUP($B20, 'Performance Data'!$B:$K, 3, 0) -> UK | E20: =VLOOKUP($B20, 'Performance Data'!$B:$K, 5, 0) -> Spa | F20: =VLOOKUP($B20, 'Performance Data'!$B:$K, 6, 0) -> Institutes / Clinics | G20: =VLOOKUP($B20, 'Performance Data'!$B:$K, 9, 0) -> 2025 | I20: =VLOOKUP($B20, 'Performance Data'!$B:$K, 7, 0) -> NKD25 | J20: =P20 -> 9511.98 | K20: 12000 | O20: =SUMIF('Performance Data'!$B:$B, $B20,'Performance Data'!N:N) -> 0 | P20: =SUMIF('Performance Data'!$B:$B, $B20,'Performance Data'!O:O) -> 9511.98 | Q20: =SUMIF('Performance Data'!$B:$B, $B20,'Performance Data'!P:P) -> 0 | S20: =$P20/O20-1 -> #DIV/0! | T20: =P20/Q20-1 -> #DIV/0! | V20: =SUMIF('Performance Data'!$B:$B, $B20,'Performance Data'!AC:AC) -> 0 | W20: =SUMIF('Performance Data'!$B:$B, $B20,'Performance Data'!AD:AD) -> 0 | X20: =SUMIF('Performance Data'!$B:$B, $B20,'Performance Data'!AE:AE) -> 0 | Y20: =SUMIF('Performance Data'!$B:$B, $B20,'Performance Data'!AG:AG) -> 0 | Z20: =J20 -> 9511.98 | AA20: =K20 -> 12000 | AC20: =Z20/X20-1 -> #DIV/0! | AD20: =Z20/Y20-1 -> #DIV/0! | AE20: =AA20/Z20-1 -> 0.26156699 | AG20: =$AA20*AG$1 -> 960 | AH20: =$AA20*AH$1 -> 960 | AI20: =$AA20*AI$1 -> 1080 | AJ20: =$AA20*AJ$1 -> 1080 | AK20: =$AA20*AK$1 -> 1080 | AL20: =$AA20*AL$1 -> 900 | AM20: =$AA20*AM$1 -> 840 | AN20: =$AA20*AN$1 -> 720 | ... AR20: =$AA20*AR$1 -> 900
B21: 51191 | C21: Louise Godsil; Tranquil Escape | D21: =VLOOKUP($B21, 'Performance Data'!$B:$K, 3, 0) -> UK | E21: =VLOOKUP($B21, 'Performance Data'!$B:$K, 5, 0) -> Spa | F21: =VLOOKUP($B21, 'Performance Data'!$B:$K, 6, 0) -> Institutes / Clinics | G21: =VLOOKUP($B21, 'Performance Data'!$B:$K, 9, 0) -> 2025 | I21: =VLOOKUP($B21, 'Performance Data'!$B:$K, 7, 0) -> NKD25 | J21: =P21 -> 5101.47 | K21: 7000 | O21: =SUMIF('Performance Data'!$B:$B, $B21,'Performance Data'!N:N) -> 0 | P21: =SUMIF('Performance Data'!$B:$B, $B21,'Performance Data'!O:O) -> 5101.47 | Q21: =SUMIF('Performance Data'!$B:$B, $B21,'Performance Data'!P:P) -> 0 | S21: =$P21/O21-1 -> #DIV/0! | T21: =P21/Q21-1 -> #DIV/0! | V21: =SUMIF('Performance Data'!$B:$B, $B21,'Performance Data'!AC:AC) -> 0 | W21: =SUMIF('Performance Data'!$B:$B, $B21,'Performance Data'!AD:AD) -> 0 | X21: =SUMIF('Performance Data'!$B:$B, $B21,'Performance Data'!AE:AE) -> 0 | Y21: =SUMIF('Performance Data'!$B:$B, $B21,'Performance Data'!AG:AG) -> 0 | Z21: =J21 -> 5101.47 | AA21: =K21 -> 7000 | AC21: =Z21/X21-1 -> #DIV/0! | AD21: =Z21/Y21-1 -> #DIV/0! | AE21: =AA21/Z21-1 -> 0.37215352 | AG21: =$AA21*AG$1 -> 560 | AH21: =$AA21*AH$1 -> 560 | AI21: =$AA21*AI$1 -> 630 | AJ21: =$AA21*AJ$1 -> 630 | AK21: =$AA21*AK$1 -> 630 | AL21: =$AA21*AL$1 -> 525 | AM21: =$AA21*AM$1 -> 490 | AN21: =$AA21*AN$1 -> 420 | ... AR21: =$AA21*AR$1 -> 525
B22: 53021 | C22: Ayadi Ltd. | D22: =VLOOKUP($B22, 'Performance Data'!$B:$K, 3, 0) -> UK | E22: =VLOOKUP($B22, 'Performance Data'!$B:$K, 5, 0) -> Spa | F22: =VLOOKUP($B22, 'Performance Data'!$B:$K, 6, 0) -> Spas / Hotels | G22: =VLOOKUP($B22, 'Performance Data'!$B:$K, 9, 0) -> 2026 | I22: =VLOOKUP($B22, 'Performance Data'!$B:$K, 7, 0) -> NKD25 | J22: =P22 -> 2109.56 | K22: 10000 | O22: =SUMIF('Performance Data'!$B:$B, $B22,'Performance Data'!N:N) -> 0 | P22: =SUMIF('Performance Data'!$B:$B, $B22,'Performance Data'!O:O) -> 2109.56 | Q22: =SUMIF('Performance Data'!$B:$B, $B22,'Performance Data'!P:P) -> 0 | S22: =$P22/O22-1 -> #DIV/0! | T22: =P22/Q22-1 -> #DIV/0! | V22: =SUMIF('Performance Data'!$B:$B, $B22,'Performance Data'!AC:AC) -> 0 | W22: =SUMIF('Performance Data'!$B:$B, $B22,'Performance Data'!AD:AD) -> 0 | X22: =SUMIF('Performance Data'!$B:$B, $B22,'Performance Data'!AE:AE) -> 0 | Y22: =SUMIF('Performance Data'!$B:$B, $B22,'Performance Data'!AG:AG) -> 0 | Z22: =J22 -> 2109.56 | AA22: =K22 -> 10000 | AC22: =Z22/X22-1 -> #DIV/0! | AD22: =Z22/Y22-1 -> #DIV/0! | AE22: =AA22/Z22-1 -> 3.740325 | AG22: =$AA22*AG$1 -> 800 | AH22: =$AA22*AH$1 -> 800 | AI22: =$AA22*AI$1 -> 900 | AJ22: =$AA22*AJ$1 -> 900 | AK22: =$AA22*AK$1 -> 900 | AL22: =$AA22*AL$1 -> 750 | AM22: =$AA22*AM$1 -> 700 | AN22: =$AA22*AN$1 -> 600 | ... AR22: =$AA22*AR$1 -> 750
B23: 51194 | C23: Artfarm Limited; The Fife Arms Braemar | D23: =VLOOKUP($B23, 'Performance Data'!$B:$K, 3, 0) -> UK | E23: =VLOOKUP($B23, 'Performance Data'!$B:$K, 5, 0) -> Spa | F23: =VLOOKUP($B23, 'Performance Data'!$B:$K, 6, 0) -> Spas / Hotels | G23: =VLOOKUP($B23, 'Performance Data'!$B:$K, 9, 0) -> 2027 | I23: =VLOOKUP($B23, 'Performance Data'!$B:$K, 7, 0) -> NKD25 | J23: =P23 -> 2107.76 | K23: 10000 | O23: =SUMIF('Performance Data'!$B:$B, $B23,'Performance Data'!N:N) -> 0 | P23: =SUMIF('Performance Data'!$B:$B, $B23,'Performance Data'!O:O) -> 2107.76 | Q23: =SUMIF('Performance Data'!$B:$B, $B23,'Performance Data'!P:P) -> 0 | S23: =$P23/O23-1 -> #DIV/0! | T23: =P23/Q23-1 -> #DIV/0! | V23: =SUMIF('Performance Data'!$B:$B, $B23,'Performance Data'!AC:AC) -> 0 | W23: =SUMIF('Performance Data'!$B:$B, $B23,'Performance Data'!AD:AD) -> 0 | X23: =SUMIF('Performance Data'!$B:$B, $B23,'Performance Data'!AE:AE) -> 0 | Y23: =SUMIF('Performance Data'!$B:$B, $B23,'Performance Data'!AG:AG) -> 0 | Z23: =J23 -> 2107.76 | AA23: =K23 -> 10000 | AC23: =Z23/X23-1 -> #DIV/0! | AD23: =Z23/Y23-1 -> #DIV/0! | AE23: =AA23/Z23-1 -> 3.7443732 | AG23: =$AA23*AG$1 -> 800 | AH23: =$AA23*AH$1 -> 800 | AI23: =$AA23*AI$1 -> 900 | AJ23: =$AA23*AJ$1 -> 900 | AK23: =$AA23*AK$1 -> 900 | AL23: =$AA23*AL$1 -> 750 | AM23: =$AA23*AM$1 -> 700 | AN23: =$AA23*AN$1 -> 600 | ... AR23: =$AA23*AR$1 -> 750
B24: 51196 | C24: CHAPEL BEAUTY | D24: =VLOOKUP($B24, 'Performance Data'!$B:$K, 3, 0) -> UK | E24: =VLOOKUP($B24, 'Performance Data'!$B:$K, 5, 0) -> Spa | F24: =VLOOKUP($B24, 'Performance Data'!$B:$K, 6, 0) -> Institutes / Clinics | G24: =VLOOKUP($B24, 'Performance Data'!$B:$K, 9, 0) -> 2028 | I24: =VLOOKUP($B24, 'Performance Data'!$B:$K, 7, 0) -> NKD25 | J24: =P24 -> 1213.1 | K24: 10000 | O24: =SUMIF('Performance Data'!$B:$B, $B24,'Performance Data'!N:N) -> 0 | P24: =SUMIF('Performance Data'!$B:$B, $B24,'Performance Data'!O:O) -> 1213.1 | Q24: =SUMIF('Performance Data'!$B:$B, $B24,'Performance Data'!P:P) -> 0 | S24: =$P24/O24-1 -> #DIV/0! | T24: =P24/Q24-1 -> #DIV/0! | V24: =SUMIF('Performance Data'!$B:$B, $B24,'Performance Data'!AC:AC) -> 0 | W24: =SUMIF('Performance Data'!$B:$B, $B24,'Performance Data'!AD:AD) -> 0 | X24: =SUMIF('Performance Data'!$B:$B, $B24,'Performance Data'!AE:AE) -> 0 | Y24: =SUMIF('Performance Data'!$B:$B, $B24,'Performance Data'!AG:AG) -> 0 | Z24: =J24 -> 1213.1 | AA24: =K24 -> 10000 | AC24: =Z24/X24-1 -> #DIV/0! | AD24: =Z24/Y24-1 -> #DIV/0! | AE24: =AA24/Z24-1 -> 7.2433435 | AG24: =$AA24*AG$1 -> 800 | AH24: =$AA24*AH$1 -> 800 | AI24: =$AA24*AI$1 -> 900 | AJ24: =$AA24*AJ$1 -> 900 | AK24: =$AA24*AK$1 -> 900 | AL24: =$AA24*AL$1 -> 750 | AM24: =$AA24*AM$1 -> 700 | AN24: =$AA24*AN$1 -> 600 | ... AR24: =$AA24*AR$1 -> 750
B25: NKD25 | C25: New doors 2025 | D25: UK | E25: Spa | G25: 2025 | I25: NKD25 | O25: 0 | P25: 0 | Q25: =SUMIF('Performance Data'!$B:$B, $B25,'Performance Data'!P:P) -> 120000 | S25: =$P25/O25-1 -> #DIV/0! | T25: =P25/Q25-1 -> -1 | V25: 0 | W25: 0 | X25: 0 | Y25: =SUMIF('Performance Data'!$B:$B, $B25,'Performance Data'!AG:AG) -> 120000 | Z25: =J25 -> 0 | AA25: =K25 -> 0 | AC25: =Z25/X25-1 -> #DIV/0! | AD25: =Z25/Y25-1 -> -1 | AE25: =AA25/Z25-1 -> #DIV/0! | AG25: =$AA25*AG$1 -> 0 | AH25: =$AA25*AH$1 -> 0 | AI25: =$AA25*AI$1 -> 0 | AJ25: =$AA25*AJ$1 -> 0 | AK25: =$AA25*AK$1 -> 0 | AL25: =$AA25*AL$1 -> 0 | AM25: =$AA25*AM$1 -> 0 | AN25: =$AA25*AN$1 -> 0 | ... AR25: =$AA25*AR$1 -> 0
B27: Total New Doors 2025 | H27: =COUNTIF(H17:H21, "Yes")+H25 -> 0 | J27: =SUM(J17:J25) -> 71295.28 | K27: =SUM(K17:K25) -> 109000 | O27: =SUM(O17:O25) -> 0 | P27: =SUM(P17:P25) -> 71295.28 | Q27: =SUM(Q17:Q25) -> 120000 | S27: =$P27/O27-1 -> #DIV/0! | T27: =P27/Q27-1 -> -0.40587267 | V27: =SUM(V17:V25) -> 0 | W27: =SUM(W17:W25) -> 0 | X27: =SUM(X17:X25) -> 0 | Y27: =SUM(Y17:Y25) -> 120000 | Z27: =SUM(Z17:Z25) -> 71295.28 | AA27: =SUM(AA17:AA25) -> 109000 | AC27: =Z27/X27-1 -> #DIV/0! | AD27: =Z27/Y27-1 -> -0.40587267 | AE27: =AA27/Z27-1 -> 0.52885296 | AG27: =SUM(AG17:AG25) -> 8720 | AH27: =SUM(AH17:AH25) -> 8720 | AI27: =SUM(AI17:AI25) -> 9810 | AJ27: =SUM(AJ17:AJ25) -> 9810 | AK27: =SUM(AK17:AK25) -> 9810 | AL27: =SUM(AL17:AL25) -> 8175 | AM27: =SUM(AM17:AM25) -> 7630 | AN27: =SUM(AN17:AN25) -> 6540 | ... AR27: =SUM(AR17:AR25) -> 8175
AY30: =AV31 -> 1 | AZ30: =AW31 -> 1 | BA30: =AX31+AV31 -> 2 | BB30: =AY31+AW31 -> 2 | BC30: =AZ31+AX31+AV31 -> 3 | BD30: =BA31+AY31+AW31 -> 3 | BE30: =BB31+AZ31+AX31+AV31 -> 4 | BF30: =BC31+BA31+AY31+AW31 -> 4
B31: NKD26 | C31: New doors 2026 | D31: UK | E31: Spa | G31: 2026 | H31: 10 | I31: NKD26 | K31: 100000 | O31: 0 | P31: 0 | Q31: 0 | S31: =$P31/O31-1 -> #DIV/0! | T31: =P31/Q31-1 -> #DIV/0! | V31: 0 | W31: 0 | X31: 0 | Y31: 0 | Z31: =J31 -> 0 | AA31: =K31 -> 100000 | AC31: =Z31/X31-1 -> #DIV/0! | AD31: =Z31/Y31-1 -> #DIV/0! | AE31: =AA31/Z31-1 -> #DIV/0! | AG31: =AU31*4000+AU30*3000 -> 0 | AH31: =AV31*4000+AV30*3000 -> 4000 | AI31: =AW31*4000+AW30*3000 -> 4000 | AJ31: =AX31*4000+AX30*3000 -> 4000 | AK31: =AY31*4000+AY30*3000 -> 7000 | AL31: =AZ31*4000+AZ30*3000 -> 7000 | AM31: =BA31*4000+BA30*3000 -> 10000 | AN31: =BB31*4000+BB30*3000 -> 10000 | ... AR31: =BF31*4000+BF30*3000 -> 12000 | AV31: 1 | AW31: 1 | AX31: 1 | AY31: 1 | AZ31: 1 | BA31: 1 | BB31: 1 | BC31: 1 | BD31: 1 | BE31: 1
B33: Total New Doors 2026 | H33: =COUNTIF(H30:H30, "Yes")+H31 -> 10 | J33: =SUM(J30:J31) -> 0 | K33: =SUM(K30:K31) -> 100000 | O33: =SUM(O30:O31) -> 0 | P33: =SUM(P30:P31) -> 0 | Q33: =SUM(Q30:Q31) -> 0 | S33: =$P33/O33-1 -> #DIV/0! | T33: =P33/Q33-1 -> #DIV/0! | V33: =SUM(V30:V31) -> 0 | W33: =SUM(W30:W31) -> 0 | X33: =SUM(X30:X31) -> 0 | Y33: =SUM(Y30:Y31) -> 0 | Z33: =SUM(Z30:Z31) -> 0 | AA33: =SUM(AA30:AA31) -> 100000 | AC33: =Z33/X33-1 -> #DIV/0! | AD33: =Z33/Y33-1 -> #DIV/0! | AE33: =AA33/Z33-1 -> #DIV/0! | AG33: =SUM(AG30:AG31) -> 0 | AH33: =SUM(AH30:AH31) -> 4000 | AI33: =SUM(AI30:AI31) -> 4000 | AJ33: =SUM(AJ30:AJ31) -> 4000 | AK33: =SUM(AK30:AK31) -> 7000 | AL33: =SUM(AL30:AL31) -> 7000 | AM33: =SUM(AM30:AM31) -> 10000 | AN33: =SUM(AN30:AN31) -> 10000 | ... AR33: =SUM(AR30:AR31) -> 12000

Sheet UK Retail Budget
O1: Year to date | P1: Year to date | Q1: Year to date | S1: Year to date | T1: Year to date | V1: Full year | W1: Full year | X1: Full year | Y1: Full year | Z1: Full year | AA1: Full year | AC1: Full year | AD1: Full year | AE1: Full year | AG1: 0.08 | AH1: 0.08 | AI1: 0.09 | AJ1: 0.09 | AK1: 0.09 | AL1: 0.075 | AM1: 0.07 | AN1: 0.06 | AO1: 0.095 | AP1: 0.105 | AQ1: 0.09 | AR1: 0.075
B2: Customer Code | C2: Customer Name | D2: Country | E2: Region | F2: Customer Map | G2: New door year | H2: Active? | I2: 2025 Cluster | J2: 2025A | K2: 2026B | L2: Size indicator | M2: Customer Growth Class | O2: 2024 YTD | P2: 2025 YTD | Q2: 2025B YTD | S2: 25 vs 24 % | T2: 25 vs 25B % | V2: 2022 | W2: 2023 | X2: 2024 | Y2: 2025B | Z2: 2025A | AA2: 2026B | AC2: 25 vs 24 % | AD2: 25 vs 25B % | AE2: 26B vs 25F % | AG2: 46023 | AH2: 46054 | AI2: 46082 | AJ2: 46113 | AK2: 46143 | AL2: 46174 | AM2: 46204 | AN2: 46235 | AO2: 46266 | AP2: 46296 | AQ2: 46327 | AR2: 46357
B3: 51101 | C3: Liberty | D3: =VLOOKUP($B3, 'Performance Data'!$B:$K, 3, 0) -> UK | E3: =VLOOKUP($B3, 'Performance Data'!$B:$K, 5, 0) -> Retail | F3: =VLOOKUP($B3, 'Performance Data'!$B:$K, 6, 0) -> Retail | G3: =VLOOKUP($B3, 'Performance Data'!$B:$K, 9, 0) -> Pre-2022 | I3: =VLOOKUP($B3, 'Performance Data'!$B:$K, 7, 0) -> AA | J3: =P3 -> 104135.52 | K3: 118000 | O3: =SUMIF('Performance Data'!$B:$B, $B3,'Performance Data'!N:N) -> 106390.93 | P3: =SUMIF('Performance Data'!$B:$B, $B3,'Performance Data'!O:O) -> 104135.52 | Q3: =SUMIF('Performance Data'!$B:$B, $B3,'Performance Data'!P:P) -> 100000 | S3: =$P3/O3-1 -> -0.02119927 | T3: =P3/Q3-1 -> 0.0413552 | V3: =SUMIF('Performance Data'!$B:$B, $B3,'Performance Data'!AC:AC) -> 0 | W3: =SUMIF('Performance Data'!$B:$B, $B3,'Performance Data'!AD:AD) -> 108670.28 | X3: =SUMIF('Performance Data'!$B:$B, $B3,'Performance Data'!AE:AE) -> 106390.93 | Y3: =SUMIF('Performance Data'!$B:$B, $B3,'Performance Data'!AG:AG) -> 100000 | Z3: =J3 -> 104135.52 | AA3: =K3 -> 118000 | AC3: =Z3/X3-1 -> -0.02119927 | AD3: =Z3/Y3-1 -> 0.0413552 | AE3: =AA3/Z3-1 -> 0.13313882 | AG3: =$AA3*AG$1 -> 9440 | AH3: =$AA3*AH$1 -> 9440 | AI3: =$AA3*AI$1 -> 10620 | AJ3: =$AA3*AJ$1 -> 10620 | AK3: =$AA3*AK$1 -> 10620 | AL3: =$AA3*AL$1 -> 8850 | AM3: =$AA3*AM$1 -> 8260 | AN3: =$AA3*AN$1 -> 7080 | ... AR3: =$AA3*AR$1 -> 8850
B4: 51172 | C4: Harrods (UK) Ltd. | D4: =VLOOKUP($B4, 'Performance Data'!$B:$K, 3, 0) -> UK | E4: =VLOOKUP($B4, 'Performance Data'!$B:$K, 5, 0) -> Retail | F4: =VLOOKUP($B4, 'Performance Data'!$B:$K, 6, 0) -> Retail | G4: =VLOOKUP($B4, 'Performance Data'!$B:$K, 9, 0) -> Pre-2022 | I4: =VLOOKUP($B4, 'Performance Data'!$B:$K, 7, 0) -> AA | J4: =P4 -> 38041.62 | K4: 40000 | O4: =SUMIF('Performance Data'!$B:$B, $B4,'Performance Data'!N:N) -> 39567.38 | P4: =SUMIF('Performance Data'!$B:$B, $B4,'Performance Data'!O:O) -> 38041.62 | Q4: =SUMIF('Performance Data'!$B:$B, $B4,'Performance Data'!P:P) -> 35000 | S4: =$P4/O4-1 -> -0.038561057 | T4: =P4/Q4-1 -> 0.086903429 | V4: =SUMIF('Performance Data'!$B:$B, $B4,'Performance Data'!AC:AC) -> 0 | W4: =SUMIF('Performance Data'!$B:$B, $B4,'Performance Data'!AD:AD) -> 24702.52 | X4: =SUMIF('Performance Data'!$B:$B, $B4,'Performance Data'!AE:AE) -> 39567.38 | Y4: =SUMIF('Performance Data'!$B:$B, $B4,'Performance Data'!AG:AG) -> 35000 | Z4: =J4 -> 38041.62 | AA4: =K4 -> 40000 | AC4: =Z4/X4-1 -> -0.038561057 | AD4: =Z4/Y4-1 -> 0.086903429 | AE4: =AA4/Z4-1 -> 0.051479932 | AG4: =$AA4*AG$1 -> 3200 | AH4: =$AA4*AH$1 -> 3200 | AI4: =$AA4*AI$1 -> 3600 | AJ4: =$AA4*AJ$1 -> 3600 | AK4: =$AA4*AK$1 -> 3600 | AL4: =$AA4*AL$1 -> 3000 | AM4: =$AA4*AM$1 -> 2800 | AN4: =$AA4*AN$1 -> 2400 | ... AR4: =$AA4*AR$1 -> 3000
B5: 51183 | C5: John Bell & Croyden, London | D5: =VLOOKUP($B5, 'Performance Data'!$B:$K, 3, 0) -> UK | E5: =VLOOKUP($B5, 'Performance Data'!$B:$K, 5, 0) -> Retail | F5: =VLOOKUP($B5, 'Performance Data'!$B:$K, 6, 0) -> Retail | G5: =VLOOKUP($B5, 'Performance Data'!$B:$K, 9, 0) -> 2022 | I5: =VLOOKUP($B5, 'Performance Data'!$B:$K, 7, 0) -> CC | J5: =P5 -> 1569.42 | K5: 2000 | O5: =SUMIF('Performance Data'!$B:$B, $B5,'Performance Data'!N:N) -> 1708.95 | P5: =SUMIF('Performance Data'!$B:$B, $B5,'Performance Data'!O:O) -> 1569.42 | Q5: =SUMIF('Performance Data'!$B:$B, $B5,'Performance Data'!P:P) -> 2000 | S5: =$P5/O5-1 -> -0.081646625 | T5: =P5/Q5-1 -> -0.21529 | V5: =SUMIF('Performance Data'!$B:$B, $B5,'Performance Data'!AC:AC) -> 0 | W5: =SUMIF('Performance Data'!$B:$B, $B5,'Performance Data'!AD:AD) -> 3526.98 | X5: =SUMIF('Performance Data'!$B:$B, $B5,'Performance Data'!AE:AE) -> 1708.95 | Y5: =SUMIF('Performance Data'!$B:$B, $B5,'Performance Data'!AG:AG) -> 2000 | Z5: =J5 -> 1569.42 | AA5: =K5 -> 2000 | AC5: =Z5/X5-1 -> -0.081646625 | AD5: =Z5/Y5-1 -> -0.21529 | AE5: =AA5/Z5-1 -> 0.27435613 | AG5: =$AA5*AG$1 -> 160 | AH5: =$AA5*AH$1 -> 160 | AI5: =$AA5*AI$1 -> 180 | AJ5: =$AA5*AJ$1 -> 180 | AK5: =$AA5*AK$1 -> 180 | AL5: =$AA5*AL$1 -> 150 | AM5: =$AA5*AM$1 -> 140 | AN5: =$AA5*AN$1 -> 120 | ... AR5: =$AA5*AR$1 -> 150
B6: Total Active Existing Doors | H6: =COUNTIF(H3:H5, "Yes") -> 0 | J6: =SUM(J3:J5) -> 143746.56 | K6: =SUM(K3:K5) -> 160000 | O6: =SUM(O3:O5) -> 147667.26 | P6: =SUM(P3:P5) -> 143746.56 | Q6: =SUM(Q3:Q5) -> 137000 | S6: =$P6/O6-1 -> -0.026550909 | T6: =P6/Q6-1 -> 0.049244964 | V6: =SUMIF('Performance Data'!$B:$B, $B6,'Performance Data'!AC:AC) -> 0 | W6: =SUM(W3:W5) -> 136899.78 | X6: =SUM(X3:X5) -> 147667.26 | Y6: =SUM(Y3:Y5) -> 137000 | Z6: =SUM(Z3:Z5) -> 143746.56 | AA6: =SUM(AA3:AA5) -> 160000 | AC6: =Z6/X6-1 -> -0.026550909 | AD6: =Z6/Y6-1 -> 0.049244964 | AE6: =AA6/Z6-1 -> 0.11307011 | AG6: =SUM(AG3:AG5) -> 12800 | AH6: =SUM(AH3:AH5) -> 12800 | AI6: =SUM(AI3:AI5) -> 14400 | AJ6: =SUM(AJ3:AJ5) -> 14400 | AK6: =SUM(AK3:AK5) -> 14400 | AL6: =SUM(AL3:AL5) -> 12000 | AM6: =SUM(AM3:AM5) -> 11200 | AN6: =SUM(AN3:AN5) -> 9600 | ... AR6: =SUM(AR3:AR5) -> 12000
B10: NKD25 | C10: New doors 2025 | D10: UK | E10: Retail | G10: 2025 | I10: NKD25 | O10: 0 | P10: 0 | Q10: 0 | S10: =$P10/O10-1 -> #DIV/0! | T10: =P10/Q10-1 -> #DIV/0! | V10: 0 | W10: 0 | X10: 0 | Y10: 0 | Z10: =J10 -> 0 | AA10: =K10 -> 0 | AC10: =Z10/X10-1 -> #DIV/0! | AD10: =Z10/Y10-1 -> #DIV/0! | AE10: =AA10/Z10-1 -> #DIV/0!
B12: Total New Doors 2025 | H12: =COUNTIF(H9, "Yes")+H10 -> 0 | J12: =SUM(J10:J10) -> 0 | K12: =SUM(K10:K10) -> 0 | O12: =SUM(O10:O10) -> 0 | P12: =SUM(P10:P10) -> 0 | Q12: =SUM(Q10:Q10) -> 0 | S12: =$P12/O12-1 -> #DIV/0! | T12: =P12/Q12-1 -> #DIV/0! | V12: =SUM(V10:V10) -> 0 | W12: =SUM(W10:W10) -> 0 | X12: =SUM(X10:X10) -> 0 | Y12: =SUM(Y10:Y10) -> 0 | Z12: =SUM(Z10:Z10) -> 0 | AA12: =SUM(AA10:AA10) -> 0 | AC12: =Z12/X12-1 -> #DIV/0! | AD12: =Z12/Y12-1 -> #DIV/0! | AE12: =AA12/Z12-1 -> #DIV/0!
B16: NKD26 | C16: New doors 2026 | D16: UK | E16: Retail | G16: 2026 | H16: 0 | I16: NKD26 | K16: 0 | O16: 0 | P16: 0 | Q16: 0 | S16: =$P16/O16-1 -> #DIV/0! | T16: =P16/Q16-1 -> #DIV/0! | V16: 0 | W16: 0 | X16: 0 | Y16: 0 | Z16: =J16 -> 0 | AA16: =K16 -> 0 | AC16: =Z16/X16-1 -> #DIV/0! | AD16: =Z16/Y16-1 -> #DIV/0! | AE16: =AA16/Z16-1 -> #DIV/0!
B18: Total New Doors 2026 | H18: =COUNTIF(H15:H15, "Yes")+H16 -> 0 | J18: =SUM(J15:J16) -> 0 | K18: =SUM(K15:K16) -> 0 | O18: =SUM(O15:O16) -> 0 | P18: =SUM(P15:P16) -> 0 | Q18: =SUM(Q15:Q16) -> 0 | S18: =$P18/O18-1 -> #DIV/0! | T18: =P18/Q18-1 -> #DIV/0! | V18: =SUM(V15:V16) -> 0 | W18: =SUM(W15:W16) -> 0 | X18: =SUM(X15:X16) -> 0 | Y18: =SUM(Y15:Y16) -> 0 | Z18: =SUM(Z15:Z16) -> 0 | AA18: =SUM(AA15:AA16) -> 0 | AC18: =Z18/X18-1 -> #DIV/0! | AD18: =Z18/Y18-1 -> #DIV/0! | AE18: =AA18/Z18-1 -> #DIV/0!

Sheet Global eTailer Budget
O1: Year to date | P1: Year to date | Q1: Year to date | S1: Year to date | T1: Year to date | V1: Full year | W1: Full year | X1: Full year | Y1: Full year | Z1: Full year | AA1: Full year | AC1: Full year | AD1: Full year | AE1: Full year
B2: Customer Code | C2: Customer Name | D2: Country | E2: Region | F2: Customer Map | G2: New door year | H2: Active? | I2: 2025 Cluster | J2: 2025A | K2: 2026B | L2: Size indicator | M2: Customer Growth Class | O2: 2024 YTD | P2: 2025 YTD | Q2: 2025B YTD | S2: 25 vs 24 % | T2: 25 vs 25B % | V2: 2022 | W2: 2023 | X2: 2024 | Y2: 2025B | Z2: 2025A | AA2: 2026B | AC2: 25 vs 24 % | AD2: 25 vs 25B % | AE2: 26B vs 25F % | AG2: 46023 | AH2: 46054 | AI2: 46082 | AJ2: 46113 | AK2: 46143 | AL2: 46174 | AM2: 46204 | AN2: 46235 | AO2: 46266 | AP2: 46296 | AQ2: 46327 | AR2: 46357
B3: 51175 | C3: The Hut.com Ltd; Poland | D3: =VLOOKUP($B3, 'Performance Data'!$B:$K, 3, 0) -> UK | E3: =VLOOKUP($B3, 'Performance Data'!$B:$K, 5, 0) -> eTailers | F3: =VLOOKUP($B3, 'Performance Data'!$B:$K, 6, 0) -> eTailers | G3: =VLOOKUP($B3, 'Performance Data'!$B:$K, 9, 0) -> Pre-2022 | I3: =VLOOKUP($B3, 'Performance Data'!$B:$K, 7, 0) -> BC | J3: =P3 -> 0 | O3: =SUMIF('Performance Data'!$B:$B, $B3,'Performance Data'!N:N) -> -6663.15 | P3: =SUMIF('Performance Data'!$B:$B, $B3,'Performance Data'!O:O) -> 0 | Q3: =SUMIF('Performance Data'!$B:$B, $B3,'Performance Data'!P:P) -> 5000 | S3: =$P3/O3-1 -> -1 | T3: =P3/Q3-1 -> -1 | V3: =SUMIF('Performance Data'!$B:$B, $B3,'Performance Data'!AC:AC) -> 0 | W3: =SUMIF('Performance Data'!$B:$B, $B3,'Performance Data'!AD:AD) -> 45672.35 | X3: =SUMIF('Performance Data'!$B:$B, $B3,'Performance Data'!AE:AE) -> -6663.15 | Y3: =SUMIF('Performance Data'!$B:$B, $B3,'Performance Data'!AG:AG) -> 5000 | Z3: =J3 -> 0 | AA3: =K3 -> 0 | AC3: =Z3/X3-1 -> -1 | AD3: =Z3/Y3-1 -> -1 | AE3: =AA3/Z3-1 -> #DIV/0! | AG3: =$AA3*1/12 -> 0 | AH3: =$AA3*1/12 -> 0 | AI3: =$AA3*1/12 -> 0 | AJ3: =$AA3*1/12 -> 0 | AK3: =$AA3*1/12 -> 0 | AL3: =$AA3*1/12 -> 0 | AM3: =$AA3*1/12 -> 0 | AN3: =$AA3*1/12 -> 0 | ... AR3: =$AA3*1/12 -> 0
B4: 51176 | C4: The Hut.com Ltd; GB | D4: =VLOOKUP($B4, 'Performance Data'!$B:$K, 3, 0) -> UK | E4: =VLOOKUP($B4, 'Performance Data'!$B:$K, 5, 0) -> eTailers | F4: =VLOOKUP($B4, 'Performance Data'!$B:$K, 6, 0) -> eTailers | G4: =VLOOKUP($B4, 'Performance Data'!$B:$K, 9, 0) -> Pre-2022 | I4: =VLOOKUP($B4, 'Performance Data'!$B:$K, 7, 0) -> BC | J4: =P4 -> 28083.11 | K4: 30000 | O4: =SUMIF('Performance Data'!$B:$B, $B4,'Performance Data'!N:N) -> 15312.81 | P4: =SUMIF('Performance Data'!$B:$B, $B4,'Performance Data'!O:O) -> 28083.11 | Q4: =SUMIF('Performance Data'!$B:$B, $B4,'Performance Data'!P:P) -> 10000 | S4: =$P4/O4-1 -> 0.83396189 | T4: =P4/Q4-1 -> 1.808311 | V4: =SUMIF('Performance Data'!$B:$B, $B4,'Performance Data'!AC:AC) -> 0 | W4: =SUMIF('Performance Data'!$B:$B, $B4,'Performance Data'!AD:AD) -> 31366.93 | X4: =SUMIF('Performance Data'!$B:$B, $B4,'Performance Data'!AE:AE) -> 15312.81 | Y4: =SUMIF('Performance Data'!$B:$B, $B4,'Performance Data'!AG:AG) -> 10000 | Z4: =J4 -> 28083.11 | AA4: =K4 -> 30000 | AC4: =Z4/X4-1 -> 0.83396189 | AD4: =Z4/Y4-1 -> 1.808311 | AE4: =AA4/Z4-1 -> 0.068257754 | AG4: =$AA4*1/12 -> 2500 | AH4: =$AA4*1/12 -> 2500 | AI4: =$AA4*1/12 -> 2500 | AJ4: =$AA4*1/12 -> 2500 | AK4: =$AA4*1/12 -> 2500 | AL4: =$AA4*1/12 -> 2500 | AM4: =$AA4*1/12 -> 2500 | AN4: =$AA4*1/12 -> 2500 | ... AR4: =$AA4*1/12 -> 2500
B5: Total Active Existing Doors | H5: =COUNTIF(H3:H4, "Yes") -> 0 | J5: =SUM(J3:J4) -> 28083.11 | K5: =SUM(K3:K4) -> 30000 | O5: =SUM(O3:O4) -> 8649.66 | P5: =SUM(P3:P4) -> 28083.11 | Q5: =SUM(Q3:Q4) -> 15000 | S5: =$P5/O5-1 -> 2.2467299 | T5: =P5/Q5-1 -> 0.87220733 | V5: =SUMIF('Performance Data'!$B:$B, $B5,'Performance Data'!AC:AC) -> 0 | W5: =SUM(W3:W4) -> 77039.28 | X5: =SUM(X3:X4) -> 8649.66 | Y5: =SUM(Y3:Y4) -> 15000 | Z5: =SUM(Z3:Z4) -> 28083.11 | AA5: =SUM(AA3:AA4) -> 30000 | AC5: =Z5/X5-1 -> 2.2467299 | AD5: =Z5/Y5-1 -> 0.87220733 | AE5: =AA5/Z5-1 -> 0.068257754 | AG5: =SUM(AG3:AG4) -> 2500 | AH5: =SUM(AH3:AH4) -> 2500 | AI5: =SUM(AI3:AI4) -> 2500 | AJ5: =SUM(AJ3:AJ4) -> 2500 | AK5: =SUM(AK3:AK4) -> 2500 | AL5: =SUM(AL3:AL4) -> 2500 | AM5: =SUM(AM3:AM4) -> 2500 | AN5: =SUM(AN3:AN4) -> 2500 | ... AR5: =SUM(AR3:AR4) -> 2500
B9: NKD25 | C9: New doors 2025 | D9: UK | E9: eTailers | G9: 2025 | H9: 0 | I9: NKD25 | J9: 0 | K9: 0 | O9: 0 | P9: 0 | Q9: 0 | S9: =$P9/O9-1 -> #DIV/0! | T9: =P9/Q9-1 -> #DIV/0! | V9: 0 | W9: 0 | X9: 0 | Y9: 0 | Z9: =J9 -> 0 | AA9: =K9 -> 0 | AC9: =Z9/X9-1 -> #DIV/0! | AD9: =Z9/Y9-1 -> #DIV/0! | AE9: =AA9/Z9-1 -> #DIV/0!
B11: Total New Doors 2025 | H11: =COUNTIF(H8, "Yes")+H9 -> 0 | J11: =SUM(J9:J9) -> 0 | K11: =SUM(K9:K9) -> 0 | O11: =SUM(O9:O9) -> 0 | P11: =SUM(P9:P9) -> 0 | Q11: =SUM(Q9:Q9) -> 0 | S11: =$P11/O11-1 -> #DIV/0! | T11: =P11/Q11-1 -> #DIV/0! | V11: =SUM(V9:V9) -> 0 | W11: =SUM(W9:W9) -> 0 | X11: =SUM(X9:X9) -> 0 | Y11: =SUM(Y9:Y9) -> 0 | Z11: =SUM(Z9:Z9) -> 0 | AA11: =SUM(AA9:AA9) -> 0 | AC11: =Z11/X11-1 -> #DIV/0! | AD11: =Z11/Y11-1 -> #DIV/0! | AE11: =AA11/Z11-1 -> #DIV/0!
B15: NKD26 | C15: New doors 2026 | D15: UK | E15: eTailers | G15: 2026 | H15: 0 | I15: NKD26 | K15: 0 | O15: 0 | P15: 0 | Q15: 0 | S15: =$P15/O15-1 -> #DIV/0! | T15: =P15/Q15-1 -> #DIV/0! | V15: 0 | W15: 0 | X15: 0 | Y15: 0 | Z15: =J15 -> 0 | AA15: =K15 -> 0 | AC15: =Z15/X15-1 -> #DIV/0! | AD15: =Z15/Y15-1 -> #DIV/0! | AE15: =AA15/Z15-1 -> #DIV/0!
B17: Total New Doors 2026 | H17: =COUNTIF(H14:H14, "Yes")+H15 -> 0 | J17: =SUM(J14:J15) -> 0 | K17: =SUM(K14:K15) -> 0 | O17: =SUM(O14:O15) -> 0 | P17: =SUM(P14:P15) -> 0 | Q17: =SUM(Q14:Q15) -> 0 | S17: =$P17/O17-1 -> #DIV/0! | T17: =P17/Q17-1 -> #DIV/0! | V17: =SUM(V14:V15) -> 0 | W17: =SUM(W14:W15) -> 0 | X17: =SUM(X14:X15) -> 0 | Y17: =SUM(Y14:Y15) -> 0 | Z17: =SUM(Z14:Z15) -> 0 | AA17: =SUM(AA14:AA15) -> 0 | AC17: =Z17/X17-1 -> #DIV/0! | AD17: =Z17/Y17-1 -> #DIV/0! | AE17: =AA17/Z17-1 -> #DIV/0!

Sheet Performance Data
L1: Year to date | M1: Year to date | N1: Year to date | O1: Year to date | P1: Year to date | R1: Year to date | S1: Year to date | T1: Year to date | U1: Year to date | V1: Year to date | X1: Year to date | Y1: Year to date | Z1: Year to date | AA1: Year to date | AC1: Full year | AD1: Full year | AE1: Full year | AF1: Full year | AG1: Full year | AI1: Full year | AJ1: Full year | AK1: Full year | AL1: Full year | AM1: Full year | AO1: Full year | AP1: Full year | AQ1: Full year | AR1: Full year
B2: Customer Code | C2: Customer Name | D2: Country | E2: Region | F2: Customer Map | G2: Mapping 2 | H2: Mapping 3 | I2: Active | J2: New door year | K2: New door month | L2: 2022 YTD | M2: 2023 YTD | N2: 2024 YTD | O2: 2025 YTD | P2: 2025B YTD | R2: 25 vs 24 % | S2: 25 vs 23 % | T2: 25 vs 22 % | U2: 25 vs 25B % | V2: 25 vs 22 CAGR % | X2: 25 vs 24 sales | Y2: 25 vs 23 sales | Z2: 25 vs 22 sales | AA2: 25 vs 25B sales | AC2: 2022 | AD2: 2023 | AE2: 2024 | AF2: 2025A | AG2: 2025B | AI2: 25 vs 24 % | AJ2: 25 vs 23 % | AK2: 25 vs 22 % | AL2: 25 vs 25B % | AM2: 25 vs 22 CAGR % | AO2: 25 vs 24 sales | AP2: 25 vs 23 sales | AQ2: 25 vs 22 sales | AR2: 25 vs 25B sales
B3: 51184 | C3: The Connaught Hotel | D3: UK | E3: UK | F3: =VLOOKUP($B3, '2025'!$B:$E, 3, 0) -> Spa | G3: =VLOOKUP($B3, '2025'!$B:$E, 4, 0) -> Spas / Hotels | H3: BB | I3: Yes | J3: 2023 | K3: 45261 | L3: =SUMIF('2022'!$B:$B, $B3,'2022'!$AF:$AF) -> 0 | M3: =SUMIF('2023'!$B:$B, $B3,'2023'!$AF:$AF) -> 6655.7 | N3: =SUMIF('2024'!$B:$B, $B3,'2024'!$AF:$AF) -> 26665.91 | O3: =SUMIF('2025'!$B:$B, $B3,'2025'!$AF:$AF) -> 19779.42 | P3: =SUMIF('2025B'!$B:$B, $B3,'2025B'!$AF:$AF) -> 20000 | R3: =IFERROR($O3/N3-1, "N/A") -> -0.2582507 | S3: =IFERROR($O3/M3-1, "N/A") -> 1.9718016 | T3: =IFERROR($O3/L3-1, "N/A") -> N/A | U3: =IFERROR($O3/P3-1, "N/A") -> -0.011029 | V3: =IFERROR(_xlfn.RRI(4,L3,O3), "N/A") -> N/A | X3: =$O3-N3 -> -6886.49 | Y3: =$O3-M3 -> 13123.72 | Z3: =$O3-L3 -> 19779.42 | AA3: =$O3-P3 -> -220.58 | AC3: =SUMIF('2022'!$B:$B, $B3,'2022'!$AF:$AF) -> 0 | AD3: =SUMIF('2023'!$B:$B, $B3,'2023'!$AF:$AF) -> 6655.7 | AE3: =SUMIF('2024'!$B:$B, $B3,'2024'!$AF:$AF) -> 26665.91 | AF3: =O3 -> 19779.42 | AG3: =SUMIF('2025B'!$B:$B, $B3,'2025B'!$AF:$AF) -> 20000 | AI3: =IFERROR($AF3/AE3-1, "N/A") -> -0.2582507 | AJ3: =IFERROR($AF3/AD3-1, "N/A") -> 1.9718016 | AK3: =IFERROR($AF3/AC3-1, "N/A") -> N/A | AL3: =IFERROR($AF3/AG3-1, "N/A") -> -0.011029 | AM3: =IFERROR(_xlfn.RRI(4,AC3,AF3), "N/A") -> N/A | AO3: =$AF3-AE3 -> -6886.49 | AP3: =$AF3-AD3 -> 13123.72 | AQ3: =$AF3-AC3 -> 19779.42 | AR3: =$AF3-AG3 -> -220.58
B4: 51185 | C4: Four Seasons Hotel London | D4: UK | E4: UK | F4: =VLOOKUP($B4, '2025'!$B:$E, 3, 0) -> Spa | G4: =VLOOKUP($B4, '2025'!$B:$E, 4, 0) -> Spas / Hotels | H4: NKD24 | I4: Yes | J4: 2024 | K4: 45352 | L4: =SUMIF('2022'!$B:$B, $B4,'2022'!$AF:$AF) -> 0 | M4: =SUMIF('2023'!$B:$B, $B4,'2023'!$AF:$AF) -> 0 | N4: =SUMIF('2024'!$B:$B, $B4,'2024'!$AF:$AF) -> 4761.01 | O4: =SUMIF('2025'!$B:$B, $B4,'2025'!$AF:$AF) -> 3448.59 | P4: =SUMIF('2025B'!$B:$B, $B4,'2025B'!$AF:$AF) -> 5000 | R4: =IFERROR($O4/N4-1, "N/A") -> -0.27566 | S4: =IFERROR($O4/M4-1, "N/A") -> N/A | T4: =IFERROR($O4/L4-1, "N/A") -> N/A | U4: =IFERROR($O4/P4-1, "N/A") -> -0.310282 | V4: =IFERROR(_xlfn.RRI(4,L4,O4), "N/A") -> N/A | X4: =$O4-N4 -> -1312.42 | Y4: =$O4-M4 -> 3448.59 | Z4: =$O4-L4 -> 3448.59 | AA4: =$O4-P4 -> -1551.41 | AC4: =SUMIF('2022'!$B:$B, $B4,'2022'!$AF:$AF) -> 0 | AD4: =SUMIF('2023'!$B:$B, $B4,'2023'!$AF:$AF) -> 0 | AE4: =SUMIF('2024'!$B:$B, $B4,'2024'!$AF:$AF) -> 4761.01 | AF4: =O4 -> 3448.59 | AG4: =SUMIF('2025B'!$B:$B, $B4,'2025B'!$AF:$AF) -> 5000 | AI4: =IFERROR($AF4/AE4-1, "N/A") -> -0.27566 | AJ4: =IFERROR($AF4/AD4-1, "N/A") -> N/A | AK4: =IFERROR($AF4/AC4-1, "N/A") -> N/A | AL4: =IFERROR($AF4/AG4-1, "N/A") -> -0.310282 | AM4: =IFERROR(_xlfn.RRI(4,AC4,AF4), "N/A") -> N/A | AO4: =$AF4-AE4 -> -1312.42 | AP4: =$AF4-AD4 -> 3448.59 | AQ4: =$AF4-AC4 -> 3448.59 | AR4: =$AF4-AG4 -> -1551.41
B5: 51186 | C5: hope street hotel; Liverpool | D5: UK | E5: UK | F5: =VLOOKUP($B5, '2025'!$B:$E, 3, 0) -> Spa | G5: =VLOOKUP($B5, '2025'!$B:$E, 4, 0) -> Spas / Hotels | H5: BB | I5: Yes | J5: 2023 | K5: 45231 | L5: =SUMIF('2022'!$B:$B, $B5,'2022'!$AF:$AF) -> 0 | M5: =SUMIF('2023'!$B:$B, $B5,'2023'!$AF:$AF) -> 2266.78 | N5: =SUMIF('2024'!$B:$B, $B5,'2024'!$AF:$AF) -> 8045.51 | O5: =SUMIF('2025'!$B:$B, $B5,'2025'!$AF:$AF) -> 1162.46 | P5: =SUMIF('2025B'!$B:$B, $B5,'2025B'!$AF:$AF) -> 10000 | R5: =IFERROR($O5/N5-1, "N/A") -> -0.85551444 | S5: =IFERROR($O5/M5-1, "N/A") -> -0.48717564 | T5: =IFERROR($O5/L5-1, "N/A") -> N/A | U5: =IFERROR($O5/P5-1, "N/A") -> -0.883754 | V5: =IFERROR(_xlfn.RRI(4,L5,O5), "N/A") -> N/A | X5: =$O5-N5 -> -6883.05 | Y5: =$O5-M5 -> -1104.32 | Z5: =$O5-L5 -> 1162.46 | AA5: =$O5-P5 -> -8837.54 | AC5: =SUMIF('2022'!$B:$B, $B5,'2022'!$AF:$AF) -> 0 | AD5: =SUMIF('2023'!$B:$B, $B5,'2023'!$AF:$AF) -> 2266.78 | AE5: =SUMIF('2024'!$B:$B, $B5,'2024'!$AF:$AF) -> 8045.51 | AF5: =O5 -> 1162.46 | AG5: =SUMIF('2025B'!$B:$B, $B5,'2025B'!$AF:$AF) -> 10000 | AI5: =IFERROR($AF5/AE5-1, "N/A") -> -0.85551444 | AJ5: =IFERROR($AF5/AD5-1, "N/A") -> -0.48717564 | AK5: =IFERROR($AF5/AC5-1, "N/A") -> N/A | AL5: =IFERROR($AF5/AG5-1, "N/A") -> -0.883754 | AM5: =IFERROR(_xlfn.RRI(4,AC5,AF5), "N/A") -> N/A | AO5: =$AF5-AE5 -> -6883.05 | AP5: =$AF5-AD5 -> -1104.32 | AQ5: =$AF5-AC5 -> 1162.46 | AR5: =$AF5-AG5 -> -8837.54
B6: 51187 | C6: Julia Knight; Sale | D6: UK | E6: UK | F6: =VLOOKUP($B6, '2025'!$B:$E, 3, 0) -> Spa | G6: =VLOOKUP($B6, '2025'!$B:$E, 4, 0) -> Institutes / Clinics | H6: CC | I6: Yes | J6: 2023 | K6: 45261 | L6: =SUMIF('2022'!$B:$B, $B6,'2022'!$AF:$AF) -> 0 | M6: =SUMIF('2023'!$B:$B, $B6,'2023'!$AF:$AF) -> 1173.99 | N6: =SUMIF('2024'!$B:$B, $B6,'2024'!$AF:$AF) -> 2526.58 | O6: =SUMIF('2025'!$B:$B, $B6,'2025'!$AF:$AF) -> 3504.29 | P6: =SUMIF('2025B'!$B:$B, $B6,'2025B'!$AF:$AF) -> 2000 | R6: =IFERROR($O6/N6-1, "N/A") -> 0.38696974 | S6: =IFERROR($O6/M6-1, "N/A") -> 1.9849402 | T6: =IFERROR($O6/L6-1, "N/A") -> N/A | U6: =IFERROR($O6/P6-1, "N/A") -> 0.752145 | V6: =IFERROR(_xlfn.RRI(4,L6,O6), "N/A") -> N/A | X6: =$O6-N6 -> 977.71 | Y6: =$O6-M6 -> 2330.3 | Z6: =$O6-L6 -> 3504.29 | AA6: =$O6-P6 -> 1504.29 | AC6: =SUMIF('2022'!$B:$B, $B6,'2022'!$AF:$AF) -> 0 | AD6: =SUMIF('2023'!$B:$B, $B6,'2023'!$AF:$AF) -> 1173.99 | AE6: =SUMIF('2024'!$B:$B, $B6,'2024'!$AF:$AF) -> 2526.58 | AF6: =O6 -> 3504.29 | AG6: =SUMIF('2025B'!$B:$B, $B6,'2025B'!$AF:$AF) -> 2000 | AI6: =IFERROR($AF6/AE6-1, "N/A") -> 0.38696974 | AJ6: =IFERROR($AF6/AD6-1, "N/A") -> 1.9849402 | AK6: =IFERROR($AF6/AC6-1, "N/A") -> N/A | AL6: =IFERROR($AF6/AG6-1, "N/A") -> 0.752145 | AM6: =IFERROR(_xlfn.RRI(4,AC6,AF6), "N/A") -> N/A | AO6: =$AF6-AE6 -> 977.71 | AP6: =$AF6-AD6 -> 2330.3 | AQ6: =$AF6-AC6 -> 3504.29 | AR6: =$AF6-AG6 -> 1504.29
B7: 51189 | C7: RTL Limited; The Grove Hotel | D7: UK | E7: UK | F7: =VLOOKUP($B7, '2025'!$B:$E, 3, 0) -> Spa | G7: =VLOOKUP($B7, '2025'!$B:$E, 4, 0) -> Spas / Hotels | H7: NKD24 | I7: Yes | J7: 2024 | K7: 45505 | L7: =SUMIF('2022'!$B:$B, $B7,'2022'!$AF:$AF) -> 0 | M7: =SUMIF('2023'!$B:$B, $B7,'2023'!$AF:$AF) -> 0 | N7: =SUMIF('2024'!$B:$B, $B7,'2024'!$AF:$AF) -> 28806.05 | O7: =SUMIF('2025'!$B:$B, $B7,'2025'!$AF:$AF) -> 32939.5 | P7: =SUMIF('2025B'!$B:$B, $B7,'2025B'!$AF:$AF) -> 30000 | R7: =IFERROR($O7/N7-1, "N/A") -> 0.14349243 | S7: =IFERROR($O7/M7-1, "N/A") -> N/A | T7: =IFERROR($O7/L7-1, "N/A") -> N/A | U7: =IFERROR($O7/P7-1, "N/A") -> 0.097983333 | V7: =IFERROR(_xlfn.RRI(4,L7,O7), "N/A") -> N/A | X7: =$O7-N7 -> 4133.45 | Y7: =$O7-M7 -> 32939.5 | Z7: =$O7-L7 -> 32939.5 | AA7: =$O7-P7 -> 2939.5 | AC7: =SUMIF('2022'!$B:$B, $B7,'2022'!$AF:$AF) -> 0 | AD7: =SUMIF('2023'!$B:$B, $B7,'2023'!$AF:$AF) -> 0 | AE7: =SUMIF('2024'!$B:$B, $B7,'2024'!$AF:$AF) -> 28806.05 | AF7: =O7 -> 32939.5 | AG7: =SUMIF('2025B'!$B:$B, $B7,'2025B'!$AF:$AF) -> 30000 | AI7: =IFERROR($AF7/AE7-1, "N/A") -> 0.14349243 | AJ7: =IFERROR($AF7/AD7-1, "N/A") -> N/A | AK7: =IFERROR($AF7/AC7-1, "N/A") -> N/A | AL7: =IFERROR($AF7/AG7-1, "N/A") -> 0.097983333 | AM7: =IFERROR(_xlfn.RRI(4,AC7,AF7), "N/A") -> N/A | AO7: =$AF7-AE7 -> 4133.45 | AP7: =$AF7-AD7 -> 32939.5 | AQ7: =$AF7-AC7 -> 32939.5 | AR7: =$AF7-AG7 -> 2939.5
B8: 53000 | C8: IzzyJ Aesthetics | D8: UK | E8: UK | F8: Spa | G8: =VLOOKUP($B8, '2025'!$B:$E, 4, 0) -> Other | H8: CC | I8: Yes | J8: Pre-2022 | K8: Pre-2022 | L8: =SUMIF('2022'!$B:$B, $B8,'2022'!$AF:$AF) -> 0 | M8: =SUMIF('2023'!$B:$B, $B8,'2023'!$AF:$AF) -> 610.56 | N8: =SUMIF('2024'!$B:$B, $B8,'2024'!$AF:$AF) -> 2165.32 | O8: =SUMIF('2025'!$B:$B, $B8,'2025'!$AF:$AF) -> 487.8 | P8: =SUMIF('2025B'!$B:$B, $B8,'2025B'!$AF:$AF) -> 0 | R8: =IFERROR($O8/N8-1, "N/A") -> -0.77472152 | S8: =IFERROR($O8/M8-1, "N/A") -> -0.20106132 | T8: =IFERROR($O8/L8-1, "N/A") -> N/A | U8: =IFERROR($O8/P8-1, "N/A") -> N/A | V8: =IFERROR(_xlfn.RRI(4,L8,O8), "N/A") -> N/A | X8: =$O8-N8 -> -1677.52 | Y8: =$O8-M8 -> -122.76 | Z8: =$O8-L8 -> 487.8 | AA8: =$O8-P8 -> 487.8 | AC8: =SUMIF('2022'!$B:$B, $B8,'2022'!$AF:$AF) -> 0 | AD8: =SUMIF('2023'!$B:$B, $B8,'2023'!$AF:$AF) -> 610.56 | AE8: =SUMIF('2024'!$B:$B, $B8,'2024'!$AF:$AF) -> 2165.32 | AF8: =O8 -> 487.8 | AG8: =SUMIF('2025B'!$B:$B, $B8,'2025B'!$AF:$AF) -> 0 | AI8: =IFERROR($AF8/AE8-1, "N/A") -> -0.77472152 | AJ8: =IFERROR($AF8/AD8-1, "N/A") -> -0.20106132 | AK8: =IFERROR($AF8/AC8-1, "N/A") -> N/A | AL8: =IFERROR($AF8/AG8-1, "N/A") -> N/A | AM8: =IFERROR(_xlfn.RRI(4,AC8,AF8), "N/A") -> N/A | AO8: =$AF8-AE8 -> -1677.52 | AP8: =$AF8-AD8 -> -122.76 | AQ8: =$AF8-AC8 -> 487.8 | AR8: =$AF8-AG8 -> 487.8
B9: 53014 | C9: Oblique house of aesthetics; London | D9: UK | E9: UK | F9: =VLOOKUP($B9, '2025'!$B:$E, 3, 0) -> Spa | G9: =VLOOKUP($B9, '2025'!$B:$E, 4, 0) -> Institutes / Clinics | H9: NKD24 | I9: Yes | J9: 2024 | K9: 45323 | L9: =SUMIF('2022'!$B:$B, $B9,'2022'!$AF:$AF) -> 0 | M9: =SUMIF('2023'!$B:$B, $B9,'2023'!$AF:$AF) -> 0 | N9: =SUMIF('2024'!$B:$B, $B9,'2024'!$AF:$AF) -> 15824.73 | O9: =SUMIF('2025'!$B:$B, $B9,'2025'!$AF:$AF) -> 13215.42 | P9: =SUMIF('2025B'!$B:$B, $B9,'2025B'!$AF:$AF) -> 12000 | R9: =IFERROR($O9/N9-1, "N/A") -> -0.16488812 | S9: =IFERROR($O9/M9-1, "N/A") -> N/A | T9: =IFERROR($O9/L9-1, "N/A") -> N/A | U9: =IFERROR($O9/P9-1, "N/A") -> 0.101285 | V9: =IFERROR(_xlfn.RRI(4,L9,O9), "N/A") -> N/A | X9: =$O9-N9 -> -2609.31 | Y9: =$O9-M9 -> 13215.42 | Z9: =$O9-L9 -> 13215.42 | AA9: =$O9-P9 -> 1215.42 | AC9: =SUMIF('2022'!$B:$B, $B9,'2022'!$AF:$AF) -> 0 | AD9: =SUMIF('2023'!$B:$B, $B9,'2023'!$AF:$AF) -> 0 | AE9: =SUMIF('2024'!$B:$B, $B9,'2024'!$AF:$AF) -> 15824.73 | AF9: =O9 -> 13215.42 | AG9: =SUMIF('2025B'!$B:$B, $B9,'2025B'!$AF:$AF) -> 12000 | AI9: =IFERROR($AF9/AE9-1, "N/A") -> -0.16488812 | AJ9: =IFERROR($AF9/AD9-1, "N/A") -> N/A | AK9: =IFERROR($AF9/AC9-1, "N/A") -> N/A | AL9: =IFERROR($AF9/AG9-1, "N/A") -> 0.101285 | AM9: =IFERROR(_xlfn.RRI(4,AC9,AF9), "N/A") -> N/A | AO9: =$AF9-AE9 -> -2609.31 | AP9: =$AF9-AD9 -> 13215.42 | AQ9: =$AF9-AC9 -> 13215.42 | AR9: =$AF9-AG9 -> 1215.42
B10: 53015 | C10: Hilton Bankside; Ken Tui Management Ltd.; London | D10: UK | E10: UK | F10: =VLOOKUP($B10, '2025'!$B:$E, 3, 0) -> Spa | G10: =VLOOKUP($B10, '2025'!$B:$E, 4, 0) -> Spas / Hotels | H10: NKD24 | I10: Yes | J10: 2024 | K10: 45474 | L10: =SUMIF('2022'!$B:$B, $B10,'2022'!$AF:$AF) -> 0 | M10: =SUMIF('2023'!$B:$B, $B10,'2023'!$AF:$AF) -> 0 | N10: =SUMIF('2024'!$B:$B, $B10,'2024'!$AF:$AF) -> 3678.79 | O10: =SUMIF('2025'!$B:$B, $B10,'2025'!$AF:$AF) -> 6384.93 | P10: =SUMIF('2025B'!$B:$B, $B10,'2025B'!$AF:$AF) -> 10000 | R10: =IFERROR($O10/N10-1, "N/A") -> 0.735606 | S10: =IFERROR($O10/M10-1, "N/A") -> N/A | T10: =IFERROR($O10/L10-1, "N/A") -> N/A | U10: =IFERROR($O10/P10-1, "N/A") -> -0.361507 | V10: =IFERROR(_xlfn.RRI(4,L10,O10), "N/A") -> N/A | X10: =$O10-N10 -> 2706.14 | Y10: =$O10-M10 -> 6384.93 | Z10: =$O10-L10 -> 6384.93 | AA10: =$O10-P10 -> -3615.07 | AC10: =SUMIF('2022'!$B:$B, $B10,'2022'!$AF:$AF) -> 0 | AD10: =SUMIF('2023'!$B:$B, $B10,'2023'!$AF:$AF) -> 0 | AE10: =SUMIF('2024'!$B:$B, $B10,'2024'!$AF:$AF) -> 3678.79 | AF10: =O10 -> 6384.93 | AG10: =SUMIF('2025B'!$B:$B, $B10,'2025B'!$AF:$AF) -> 10000 | AI10: =IFERROR($AF10/AE10-1, "N/A") -> 0.735606 | AJ10: =IFERROR($AF10/AD10-1, "N/A") -> N/A | AK10: =IFERROR($AF10/AC10-1, "N/A") -> N/A | AL10: =IFERROR($AF10/AG10-1, "N/A") -> -0.361507 | AM10: =IFERROR(_xlfn.RRI(4,AC10,AF10), "N/A") -> N/A | AO10: =$AF10-AE10 -> 2706.14 | AP10: =$AF10-AD10 -> 6384.93 | AQ10: =$AF10-AC10 -> 6384.93 | AR10: =$AF10-AG10 -> -3615.07
B11: 53016 | C11: Royal London House; Ken Tui Managem. Ltd | D11: UK | E11: UK | F11: =VLOOKUP($B11, '2025'!$B:$E, 3, 0) -> Spa | G11: =VLOOKUP($B11, '2025'!$B:$E, 4, 0) -> Spas / Hotels | H11: NKD24 | I11: Yes | J11: 2024 | K11: 45597 | L11: =SUMIF('2022'!$B:$B, $B11,'2022'!$AF:$AF) -> 0 | M11: =SUMIF('2023'!$B:$B, $B11,'2023'!$AF:$AF) -> 0 | N11: =SUMIF('2024'!$B:$B, $B11,'2024'!$AF:$AF) -> 2148.84 | O11: =SUMIF('2025'!$B:$B, $B11,'2025'!$AF:$AF) -> 1636.92 | P11: =SUMIF('2025B'!$B:$B, $B11,'2025B'!$AF:$AF) -> 10000 | R11: =IFERROR($O11/N11-1, "N/A") -> -0.23823086 | S11: =IFERROR($O11/M11-1, "N/A") -> N/A | T11: =IFERROR($O11/L11-1, "N/A") -> N/A | U11: =IFERROR($O11/P11-1, "N/A") -> -0.836308 | V11: =IFERROR(_xlfn.RRI(4,L11,O11), "N/A") -> N/A | X11: =$O11-N11 -> -511.92 | Y11: =$O11-M11 -> 1636.92 | Z11: =$O11-L11 -> 1636.92 | AA11: =$O11-P11 -> -8363.08 | AC11: =SUMIF('2022'!$B:$B, $B11,'2022'!$AF:$AF) -> 0 | AD11: =SUMIF('2023'!$B:$B, $B11,'2023'!$AF:$AF) -> 0 | AE11: =SUMIF('2024'!$B:$B, $B11,'2024'!$AF:$AF) -> 2148.84 | AF11: =O11 -> 1636.92 | AG11: =SUMIF('2025B'!$B:$B, $B11,'2025B'!$AF:$AF) -> 10000 | AI11: =IFERROR($AF11/AE11-1, "N/A") -> -0.23823086 | AJ11: =IFERROR($AF11/AD11-1, "N/A") -> N/A | AK11: =IFERROR($AF11/AC11-1, "N/A") -> N/A | AL11: =IFERROR($AF11/AG11-1, "N/A") -> -0.836308 | AM11: =IFERROR(_xlfn.RRI(4,AC11,AF11), "N/A") -> N/A | AO11: =$AF11-AE11 -> -511.92 | AP11: =$AF11-AD11 -> 1636.92 | AQ11: =$AF11-AC11 -> 1636.92 | AR11: =$AF11-AG11 -> -8363.08
B12: 53017 | C12: Piccadilly Town House; Ken Tui Managem. Ltd | D12: UK | E12: UK | F12: =VLOOKUP($B12, '2025'!$B:$E, 3, 0) -> Spa | G12: =VLOOKUP($B12, '2025'!$B:$E, 4, 0) -> Spas / Hotels | H12: NKD24 | I12: Yes | J12: 2024 | K12: 45566 | L12: =SUMIF('2022'!$B:$B, $B12,'2022'!$AF:$AF) -> 0 | M12: =SUMIF('2023'!$B:$B, $B12,'2023'!$AF:$AF) -> 0 | N12: =SUMIF('2024'!$B:$B, $B12,'2024'!$AF:$AF) -> 8698.47 | O12: =SUMIF('2025'!$B:$B, $B12,'2025'!$AF:$AF) -> 0 | P12: =SUMIF('2025B'!$B:$B, $B12,'2025B'!$AF:$AF) -> 10000 | R12: =IFERROR($O12/N12-1, "N/A") -> -1 | S12: =IFERROR($O12/M12-1, "N/A") -> N/A | T12: =IFERROR($O12/L12-1, "N/A") -> N/A | U12: =IFERROR($O12/P12-1, "N/A") -> -1 | V12: =IFERROR(_xlfn.RRI(4,L12,O12), "N/A") -> 0 | X12: =$O12-N12 -> -8698.47 | Y12: =$O12-M12 -> 0 | Z12: =$O12-L12 -> 0 | AA12: =$O12-P12 -> -10000 | AC12: =SUMIF('2022'!$B:$B, $B12,'2022'!$AF:$AF) -> 0 | AD12: =SUMIF('2023'!$B:$B, $B12,'2023'!$AF:$AF) -> 0 | AE12: =SUMIF('2024'!$B:$B, $B12,'2024'!$AF:$AF) -> 8698.47 | AF12: =O12 -> 0 | AG12: =SUMIF('2025B'!$B:$B, $B12,'2025B'!$AF:$AF) -> 10000 | AI12: =IFERROR($AF12/AE12-1, "N/A") -> -1 | AJ12: =IFERROR($AF12/AD12-1, "N/A") -> N/A | AK12: =IFERROR($AF12/AC12-1, "N/A") -> N/A | AL12: =IFERROR($AF12/AG12-1, "N/A") -> -1 | AM12: =IFERROR(_xlfn.RRI(4,AC12,AF12), "N/A") -> 0 | AO12: =$AF12-AE12 -> -8698.47 | AP12: =$AF12-AD12 -> 0 | AQ12: =$AF12-AC12 -> 0 | AR12: =$AF12-AG12 -> -10000
B13: 53019 | C13: M Alexander London | D13: UK | E13: UK | F13: =VLOOKUP($B13, '2025'!$B:$E, 3, 0) -> Spa | G13: =VLOOKUP($B13, '2025'!$B:$E, 4, 0) -> Institutes / Clinics | H13: NKD25 | I13: Yes | J13: 2025 | K13: 45658 | L13: =SUMIF('2022'!$B:$B, $B13,'2022'!$AF:$AF) -> 0 | M13: =SUMIF('2023'!$B:$B, $B13,'2023'!$AF:$AF) -> 0 | N13: =SUMIF('2024'!$B:$B, $B13,'2024'!$AF:$AF) -> 0 | O13: =SUMIF('2025'!$B:$B, $B13,'2025'!$AF:$AF) -> 3875.91 | P13: =SUMIF('2025B'!$B:$B, $B13,'2025B'!$AF:$AF) -> 0 | R13: =IFERROR($O13/N13-1, "N/A") -> N/A | S13: =IFERROR($O13/M13-1, "N/A") -> N/A | T13: =IFERROR($O13/L13-1, "N/A") -> N/A | U13: =IFERROR($O13/P13-1, "N/A") -> N/A | V13: =IFERROR(_xlfn.RRI(4,L13,O13), "N/A") -> N/A | X13: =$O13-N13 -> 3875.91 | Y13: =$O13-M13 -> 3875.91 | Z13: =$O13-L13 -> 3875.91 | AA13: =$O13-P13 -> 3875.91 | AC13: =SUMIF('2022'!$B:$B, $B13,'2022'!$AF:$AF) -> 0 | AD13: =SUMIF('2023'!$B:$B, $B13,'2023'!$AF:$AF) -> 0 | AE13: =SUMIF('2024'!$B:$B, $B13,'2024'!$AF:$AF) -> 0 | AF13: =O13 -> 3875.91 | AG13: =SUMIF('2025B'!$B:$B, $B13,'2025B'!$AF:$AF) -> 0 | AI13: =IFERROR($AF13/AE13-1, "N/A") -> N/A | AJ13: =IFERROR($AF13/AD13-1, "N/A") -> N/A | AK13: =IFERROR($AF13/AC13-1, "N/A") -> N/A | AL13: =IFERROR($AF13/AG13-1, "N/A") -> N/A | AM13: =IFERROR(_xlfn.RRI(4,AC13,AF13), "N/A") -> N/A | AO13: =$AF13-AE13 -> 3875.91 | AP13: =$AF13-AD13 -> 3875.91 | AQ13: =$AF13-AC13 -> 3875.91 | AR13: =$AF13-AG13 -> 3875.91
B14: 53018 | C14: The Goodwood Hotel, Chichester | D14: UK | E14: UK | F14: =VLOOKUP($B14, '2025'!$B:$E, 3, 0) -> Spa | G14: =VLOOKUP($B14, '2025'!$B:$E, 4, 0) -> Spas / Hotels | H14: NKD25 | I14: Yes | J14: 2025 | K14: 45658 | L14: =SUMIF('2022'!$B:$B, $B14,'2022'!$AF:$AF) -> 0 | M14: =SUMIF('2023'!$B:$B, $B14,'2023'!$AF:$AF) -> 0 | N14: =SUMIF('2024'!$B:$B, $B14,'2024'!$AF:$AF) -> 0 | O14: =SUMIF('2025'!$B:$B, $B14,'2025'!$AF:$AF) -> 12182.78 | P14: =SUMIF('2025B'!$B:$B, $B14,'2025B'!$AF:$AF) -> 0 | R14: =IFERROR($O14/N14-1, "N/A") -> N/A | S14: =IFERROR($O14/M14-1, "N/A") -> N/A | T14: =IFERROR($O14/L14-1, "N/A") -> N/A | U14: =IFERROR($O14/P14-1, "N/A") -> N/A | V14: =IFERROR(_xlfn.RRI(4,L14,O14), "N/A") -> N/A | X14: =$O14-N14 -> 12182.78 | Y14: =$O14-M14 -> 12182.78 | Z14: =$O14-L14 -> 12182.78 | AA14: =$O14-P14 -> 12182.78 | AC14: =SUMIF('2022'!$B:$B, $B14,'2022'!$AF:$AF) -> 0 | AD14: =SUMIF('2023'!$B:$B, $B14,'2023'!$AF:$AF) -> 0 | AE14: =SUMIF('2024'!$B:$B, $B14,'2024'!$AF:$AF) -> 0 | AF14: =O14 -> 12182.78 | AG14: =SUMIF('2025B'!$B:$B, $B14,'2025B'!$AF:$AF) -> 0 | AI14: =IFERROR($AF14/AE14-1, "N/A") -> N/A | AJ14: =IFERROR($AF14/AD14-1, "N/A") -> N/A | AK14: =IFERROR($AF14/AC14-1, "N/A") -> N/A | AL14: =IFERROR($AF14/AG14-1, "N/A") -> N/A | AM14: =IFERROR(_xlfn.RRI(4,AC14,AF14), "N/A") -> N/A | AO14: =$AF14-AE14 -> 12182.78 | AP14: =$AF14-AD14 -> 12182.78 | AQ14: =$AF14-AC14 -> 12182.78 | AR14: =$AF14-AG14 -> 12182.78
B15: 53020 | C15: Guendalina The Skin Sculpter LTD | D15: UK | E15: UK | F15: =VLOOKUP($B15, '2025'!$B:$E, 3, 0) -> Spa | G15: =VLOOKUP($B15, '2025'!$B:$E, 4, 0) -> Institutes / Clinics | H15: NKD25 | I15: Yes | J15: 2025 | K15: 45658 | L15: =SUMIF('2022'!$B:$B, $B15,'2022'!$AF:$AF) -> 0 | M15: =SUMIF('2023'!$B:$B, $B15,'2023'!$AF:$AF) -> 0 | N15: =SUMIF('2024'!$B:$B, $B15,'2024'!$AF:$AF) -> 0 | O15: =SUMIF('2025'!$B:$B, $B15,'2025'!$AF:$AF) -> 35192.72 | P15: =SUMIF('2025B'!$B:$B, $B15,'2025B'!$AF:$AF) -> 0 | R15: =IFERROR($O15/N15-1, "N/A") -> N/A | S15: =IFERROR($O15/M15-1, "N/A") -> N/A | T15: =IFERROR($O15/L15-1, "N/A") -> N/A | U15: =IFERROR($O15/P15-1, "N/A") -> N/A | V15: =IFERROR(_xlfn.RRI(4,L15,O15), "N/A") -> N/A | X15: =$O15-N15 -> 35192.72 | Y15: =$O15-M15 -> 35192.72 | Z15: =$O15-L15 -> 35192.72 | AA15: =$O15-P15 -> 35192.72 | AC15: =SUMIF('2022'!$B:$B, $B15,'2022'!$AF:$AF) -> 0 | AD15: =SUMIF('2023'!$B:$B, $B15,'2023'!$AF:$AF) -> 0 | AE15: =SUMIF('2024'!$B:$B, $B15,'2024'!$AF:$AF) -> 0 | AF15: =O15 -> 35192.72 | AG15: =SUMIF('2025B'!$B:$B, $B15,'2025B'!$AF:$AF) -> 0 | AI15: =IFERROR($AF15/AE15-1, "N/A") -> N/A | AJ15: =IFERROR($AF15/AD15-1, "N/A") -> N/A | AK15: =IFERROR($AF15/AC15-1, "N/A") -> N/A | AL15: =IFERROR($AF15/AG15-1, "N/A") -> N/A | AM15: =IFERROR(_xlfn.RRI(4,AC15,AF15), "N/A") -> N/A | AO15: =$AF15-AE15 -> 35192.72 | AP15: =$AF15-AD15 -> 35192.72 | AQ15: =$AF15-AC15 -> 35192.72 | AR15: =$AF15-AG15 -> 35192.72
B16: 51192 | C16: Rachel Staggs Ltd. | D16: UK | E16: UK | F16: =VLOOKUP($B16, '2025'!$B:$E, 3, 0) -> Spa | G16: =VLOOKUP($B16, '2025'!$B:$E, 4, 0) -> Institutes / Clinics | H16: NKD25 | I16: Yes | J16: 2025 | K16: 45717 | L16: =SUMIF('2022'!$B:$B, $B16,'2022'!$AF:$AF) -> 0 | M16: =SUMIF('2023'!$B:$B, $B16,'2023'!$AF:$AF) -> 0 | N16: =SUMIF('2024'!$B:$B, $B16,'2024'!$AF:$AF) -> 0 | O16: =SUMIF('2025'!$B:$B, $B16,'2025'!$AF:$AF) -> 9511.98 | P16: =SUMIF('2025B'!$B:$B, $B16,'2025B'!$AF:$AF) -> 0 | R16: =IFERROR($O16/N16-1, "N/A") -> N/A | S16: =IFERROR($O16/M16-1, "N/A") -> N/A | T16: =IFERROR($O16/L16-1, "N/A") -> N/A | U16: =IFERROR($O16/P16-1, "N/A") -> N/A | V16: =IFERROR(_xlfn.RRI(4,L16,O16), "N/A") -> N/A | X16: =$O16-N16 -> 9511.98 | Y16: =$O16-M16 -> 9511.98 | Z16: =$O16-L16 -> 9511.98 | AA16: =$O16-P16 -> 9511.98 | AC16: =SUMIF('2022'!$B:$B, $B16,'2022'!$AF:$AF) -> 0 | AD16: =SUMIF('2023'!$B:$B, $B16,'2023'!$AF:$AF) -> 0 | AE16: =SUMIF('2024'!$B:$B, $B16,'2024'!$AF:$AF) -> 0 | AF16: =O16 -> 9511.98 | AG16: =SUMIF('2025B'!$B:$B, $B16,'2025B'!$AF:$AF) -> 0 | AI16: =IFERROR($AF16/AE16-1, "N/A") -> N/A | AJ16: =IFERROR($AF16/AD16-1, "N/A") -> N/A | AK16: =IFERROR($AF16/AC16-1, "N/A") -> N/A | AL16: =IFERROR($AF16/AG16-1, "N/A") -> N/A | AM16: =IFERROR(_xlfn.RRI(4,AC16,AF16), "N/A") -> N/A | AO16: =$AF16-AE16 -> 9511.98 | AP16: =$AF16-AD16 -> 9511.98 | AQ16: =$AF16-AC16 -> 9511.98 | AR16: =$AF16-AG16 -> 9511.98
B17: 51191 | C17: Louise Godsil; Tranquil Escape | D17: UK | E17: UK | F17: =VLOOKUP($B17, '2025'!$B:$E, 3, 0) -> Spa | G17: =VLOOKUP($B17, '2025'!$B:$E, 4, 0) -> Institutes / Clinics | H17: NKD25 | I17: Yes | J17: 2025 | K17: 45748 | L17: =SUMIF('2022'!$B:$B, $B17,'2022'!$AF:$AF) -> 0 | M17: =SUMIF('2023'!$B:$B, $B17,'2023'!$AF:$AF) -> 0 | N17: =SUMIF('2024'!$B:$B, $B17,'2024'!$AF:$AF) -> 0 | O17: =SUMIF('2025'!$B:$B, $B17,'2025'!$AF:$AF) -> 5101.47 | P17: =SUMIF('2025B'!$B:$B, $B17,'2025B'!$AF:$AF) -> 0 | R17: =IFERROR($O17/N17-1, "N/A") -> N/A | S17: =IFERROR($O17/M17-1, "N/A") -> N/A | T17: =IFERROR($O17/L17-1, "N/A") -> N/A | U17: =IFERROR($O17/P17-1, "N/A") -> N/A | V17: =IFERROR(_xlfn.RRI(4,L17,O17), "N/A") -> N/A | X17: =$O17-N17 -> 5101.47 | Y17: =$O17-M17 -> 5101.47 | Z17: =$O17-L17 -> 5101.47 | AA17: =$O17-P17 -> 5101.47 | AC17: =SUMIF('2022'!$B:$B, $B17,'2022'!$AF:$AF) -> 0 | AD17: =SUMIF('2023'!$B:$B, $B17,'2023'!$AF:$AF) -> 0 | AE17: =SUMIF('2024'!$B:$B, $B17,'2024'!$AF:$AF) -> 0 | AF17: =O17 -> 5101.47 | AG17: =SUMIF('2025B'!$B:$B, $B17,'2025B'!$AF:$AF) -> 0 | AI17: =IFERROR($AF17/AE17-1, "N/A") -> N/A | AJ17: =IFERROR($AF17/AD17-1, "N/A") -> N/A | AK17: =IFERROR($AF17/AC17-1, "N/A") -> N/A | AL17: =IFERROR($AF17/AG17-1, "N/A") -> N/A | AM17: =IFERROR(_xlfn.RRI(4,AC17,AF17), "N/A") -> N/A | AO17: =$AF17-AE17 -> 5101.47 | AP17: =$AF17-AD17 -> 5101.47 | AQ17: =$AF17-AC17 -> 5101.47 | AR17: =$AF17-AG17 -> 5101.47
B18: 53021 | C18: Ayadi Ltd. | D18: UK | E18: UK | F18: =VLOOKUP($B18, '2025'!$B:$E, 3, 0) -> Spa | G18: =VLOOKUP($B18, '2025'!$B:$E, 4, 0) -> Spas / Hotels | H18: NKD25 | I18: Yes | J18: 2026 | K18: 45901 | L18: =SUMIF('2022'!$B:$B, $B18,'2022'!$AF:$AF) -> 0 | M18: =SUMIF('2023'!$B:$B, $B18,'2023'!$AF:$AF) -> 0 | N18: =SUMIF('2024'!$B:$B, $B18,'2024'!$AF:$AF) -> 0 | O18: =SUMIF('2025'!$B:$B, $B18,'2025'!$AF:$AF) -> 2109.56 | P18: =SUMIF('2025B'!$B:$B, $B18,'2025B'!$AF:$AF) -> 0 | R18: =IFERROR($O18/N18-1, "N/A") -> N/A | S18: =IFERROR($O18/M18-1, "N/A") -> N/A | T18: =IFERROR($O18/L18-1, "N/A") -> N/A | U18: =IFERROR($O18/P18-1, "N/A") -> N/A | V18: =IFERROR(_xlfn.RRI(4,L18,O18), "N/A") -> N/A | X18: =$O18-N18 -> 2109.56 | Y18: =$O18-M18 -> 2109.56 | Z18: =$O18-L18 -> 2109.56 | AA18: =$O18-P18 -> 2109.56 | AC18: =SUMIF('2022'!$B:$B, $B18,'2022'!$AF:$AF) -> 0 | AD18: =SUMIF('2023'!$B:$B, $B18,'2023'!$AF:$AF) -> 0 | AE18: =SUMIF('2024'!$B:$B, $B18,'2024'!$AF:$AF) -> 0 | AF18: =O18 -> 2109.56 | AG18: =SUMIF('2025B'!$B:$B, $B18,'2025B'!$AF:$AF) -> 0 | AI18: =IFERROR($AF18/AE18-1, "N/A") -> N/A | AJ18: =IFERROR($AF18/AD18-1, "N/A") -> N/A | AK18: =IFERROR($AF18/AC18-1, "N/A") -> N/A | AL18: =IFERROR($AF18/AG18-1, "N/A") -> N/A | AM18: =IFERROR(_xlfn.RRI(4,AC18,AF18), "N/A") -> N/A | AO18: =$AF18-AE18 -> 2109.56 | AP18: =$AF18-AD18 -> 2109.56 | AQ18: =$AF18-AC18 -> 2109.56 | AR18: =$AF18-AG18 -> 2109.56
B19: 51194 | C19: Artfarm Limited; The Fife Arms Braemar | D19: UK | E19: UK | F19: =VLOOKUP($B19, '2025'!$B:$E, 3, 0) -> Spa | G19: =VLOOKUP($B19, '2025'!$B:$E, 4, 0) -> Spas / Hotels | H19: NKD25 | I19: Yes | J19: 2027 | K19: 45931 | L19: =SUMIF('2022'!$B:$B, $B19,'2022'!$AF:$AF) -> 0 | M19: =SUMIF('2023'!$B:$B, $B19,'2023'!$AF:$AF) -> 0 | N19: =SUMIF('2024'!$B:$B, $B19,'2024'!$AF:$AF) -> 0 | O19: =SUMIF('2025'!$B:$B, $B19,'2025'!$AF:$AF) -> 2107.76 | P19: =SUMIF('2025B'!$B:$B, $B19,'2025B'!$AF:$AF) -> 0 | R19: =IFERROR($O19/N19-1, "N/A") -> N/A | S19: =IFERROR($O19/M19-1, "N/A") -> N/A | T19: =IFERROR($O19/L19-1, "N/A") -> N/A | U19: =IFERROR($O19/P19-1, "N/A") -> N/A | V19: =IFERROR(_xlfn.RRI(4,L19,O19), "N/A") -> N/A | X19: =$O19-N19 -> 2107.76 | Y19: =$O19-M19 -> 2107.76 | Z19: =$O19-L19 -> 2107.76 | AA19: =$O19-P19 -> 2107.76 | AC19: =SUMIF('2022'!$B:$B, $B19,'2022'!$AF:$AF) -> 0 | AD19: =SUMIF('2023'!$B:$B, $B19,'2023'!$AF:$AF) -> 0 | AE19: =SUMIF('2024'!$B:$B, $B19,'2024'!$AF:$AF) -> 0 | AF19: =O19 -> 2107.76 | AG19: =SUMIF('2025B'!$B:$B, $B19,'2025B'!$AF:$AF) -> 0 | AI19: =IFERROR($AF19/AE19-1, "N/A") -> N/A | AJ19: =IFERROR($AF19/AD19-1, "N/A") -> N/A | AK19: =IFERROR($AF19/AC19-1, "N/A") -> N/A | AL19: =IFERROR($AF19/AG19-1, "N/A") -> N/A | AM19: =IFERROR(_xlfn.RRI(4,AC19,AF19), "N/A") -> N/A | AO19: =$AF19-AE19 -> 2107.76 | AP19: =$AF19-AD19 -> 2107.76 | AQ19: =$AF19-AC19 -> 2107.76 | AR19: =$AF19-AG19 -> 2107.76
B20: 51196 | C20: CHAPEL BEAUTY | D20: UK | E20: UK | F20: =VLOOKUP($B20, '2025'!$B:$E, 3, 0) -> Spa | G20: =VLOOKUP($B20, '2025'!$B:$E, 4, 0) -> Institutes / Clinics | H20: NKD25 | I20: Yes | J20: 2028 | K20: 45962 | L20: =SUMIF('2022'!$B:$B, $B20,'2022'!$AF:$AF) -> 0 | M20: =SUMIF('2023'!$B:$B, $B20,'2023'!$AF:$AF) -> 0 | N20: =SUMIF('2024'!$B:$B, $B20,'2024'!$AF:$AF) -> 0 | O20: =SUMIF('2025'!$B:$B, $B20,'2025'!$AF:$AF) -> 1213.1 | P20: =SUMIF('2025B'!$B:$B, $B20,'2025B'!$AF:$AF) -> 0 | R20: =IFERROR($O20/N20-1, "N/A") -> N/A | S20: =IFERROR($O20/M20-1, "N/A") -> N/A | T20: =IFERROR($O20/L20-1, "N/A") -> N/A | U20: =IFERROR($O20/P20-1, "N/A") -> N/A | V20: =IFERROR(_xlfn.RRI(4,L20,O20), "N/A") -> N/A | X20: =$O20-N20 -> 1213.1 | Y20: =$O20-M20 -> 1213.1 | Z20: =$O20-L20 -> 1213.1 | AA20: =$O20-P20 -> 1213.1 | AC20: =SUMIF('2022'!$B:$B, $B20,'2022'!$AF:$AF) -> 0 | AD20: =SUMIF('2023'!$B:$B, $B20,'2023'!$AF:$AF) -> 0 | AE20: =SUMIF('2024'!$B:$B, $B20,'2024'!$AF:$AF) -> 0 | AF20: =O20 -> 1213.1 | AG20: =SUMIF('2025B'!$B:$B, $B20,'2025B'!$AF:$AF) -> 0 | AI20: =IFERROR($AF20/AE20-1, "N/A") -> N/A | AJ20: =IFERROR($AF20/AD20-1, "N/A") -> N/A | AK20: =IFERROR($AF20/AC20-1, "N/A") -> N/A | AL20: =IFERROR($AF20/AG20-1, "N/A") -> N/A | AM20: =IFERROR(_xlfn.RRI(4,AC20,AF20), "N/A") -> N/A | AO20: =$AF20-AE20 -> 1213.1 | AP20: =$AF20-AD20 -> 1213.1 | AQ20: =$AF20-AC20 -> 1213.1 | AR20: =$AF20-AG20 -> 1213.1
B22: 51101 | C22: Liberty | D22: UK | E22: UK | F22: =VLOOKUP($B22, '2025'!$B:$E, 3, 0) -> Retail | G22: =VLOOKUP($B22, '2025'!$B:$E, 4, 0) -> Retail | H22: =VLOOKUP($B22, [1]Mapping!$A:$U, 21, 0) -> AA | I22: Yes | J22: Pre-2022 | K22: Pre-2022 | L22: =SUMIF('2022'!$B:$B, $B22,'2022'!$AF:$AF) -> 0 | M22: =SUMIF('2023'!$B:$B, $B22,'2023'!$AF:$AF) -> 108670.28 | N22: =SUMIF('2024'!$B:$B, $B22,'2024'!$AF:$AF) -> 106390.93 | O22: =SUMIF('2025'!$B:$B, $B22,'2025'!$AF:$AF) -> 104135.52 | P22: =SUMIF('2025B'!$B:$B, $B22,'2025B'!$AF:$AF) -> 100000 | R22: =IFERROR($O22/N22-1, "N/A") -> -0.02119927 | S22: =IFERROR($O22/M22-1, "N/A") -> -0.041729533 | T22: =IFERROR($O22/L22-1, "N/A") -> N/A | U22: =IFERROR($O22/P22-1, "N/A") -> 0.0413552 | V22: =IFERROR(_xlfn.RRI(4,L22,O22), "N/A") -> N/A | X22: =$O22-N22 -> -2255.41 | Y22: =$O22-M22 -> -4534.76 | Z22: =$O22-L22 -> 104135.52 | AA22: =$O22-P22 -> 4135.52 | AC22: =SUMIF('2022'!$B:$B, $B22,'2022'!$AF:$AF) -> 0 | AD22: =SUMIF('2023'!$B:$B, $B22,'2023'!$AF:$AF) -> 108670.28 | AE22: =SUMIF('2024'!$B:$B, $B22,'2024'!$AF:$AF) -> 106390.93 | AF22: =O22 -> 104135.52 | AG22: =SUMIF('2025B'!$B:$B, $B22,'2025B'!$AF:$AF) -> 100000 | AI22: =IFERROR($AF22/AE22-1, "N/A") -> -0.02119927 | AJ22: =IFERROR($AF22/AD22-1, "N/A") -> -0.041729533 | AK22: =IFERROR($AF22/AC22-1, "N/A") -> N/A | AL22: =IFERROR($AF22/AG22-1, "N/A") -> 0.0413552 | AM22: =IFERROR(_xlfn.RRI(4,AC22,AF22), "N/A") -> N/A | AO22: =$AF22-AE22 -> -2255.41 | AP22: =$AF22-AD22 -> -4534.76 | AQ22: =$AF22-AC22 -> 104135.52 | AR22: =$AF22-AG22 -> 4135.52
B23: 51172 | C23: Harrods (UK) Ltd. | D23: UK | E23: UK | F23: =VLOOKUP($B23, '2025'!$B:$E, 3, 0) -> Retail | G23: =VLOOKUP($B23, '2025'!$B:$E, 4, 0) -> Retail | H23: =VLOOKUP($B23, [1]Mapping!$A:$U, 21, 0) -> AA | I23: Yes | J23: Pre-2022 | K23: Pre-2022 | L23: =SUMIF('2022'!$B:$B, $B23,'2022'!$AF:$AF) -> 0 | M23: =SUMIF('2023'!$B:$B, $B23,'2023'!$AF:$AF) -> 24702.52 | N23: =SUMIF('2024'!$B:$B, $B23,'2024'!$AF:$AF) -> 39567.38 | O23: =SUMIF('2025'!$B:$B, $B23,'2025'!$AF:$AF) -> 38041.62 | P23: =SUMIF('2025B'!$B:$B, $B23,'2025B'!$AF:$AF) -> 35000 | R23: =IFERROR($O23/N23-1, "N/A") -> -0.038561057 | S23: =IFERROR($O23/M23-1, "N/A") -> 0.53998944 | T23: =IFERROR($O23/L23-1, "N/A") -> N/A | U23: =IFERROR($O23/P23-1, "N/A") -> 0.086903429 | V23: =IFERROR(_xlfn.RRI(4,L23,O23), "N/A") -> N/A | X23: =$O23-N23 -> -1525.76 | Y23: =$O23-M23 -> 13339.1 | Z23: =$O23-L23 -> 38041.62 | AA23: =$O23-P23 -> 3041.62 | AC23: =SUMIF('2022'!$B:$B, $B23,'2022'!$AF:$AF) -> 0 | AD23: =SUMIF('2023'!$B:$B, $B23,'2023'!$AF:$AF) -> 24702.52 | AE23: =SUMIF('2024'!$B:$B, $B23,'2024'!$AF:$AF) -> 39567.38 | AF23: =O23 -> 38041.62 | AG23: =SUMIF('2025B'!$B:$B, $B23,'2025B'!$AF:$AF) -> 35000 | AI23: =IFERROR($AF23/AE23-1, "N/A") -> -0.038561057 | AJ23: =IFERROR($AF23/AD23-1, "N/A") -> 0.53998944 | AK23: =IFERROR($AF23/AC23-1, "N/A") -> N/A | AL23: =IFERROR($AF23/AG23-1, "N/A") -> 0.086903429 | AM23: =IFERROR(_xlfn.RRI(4,AC23,AF23), "N/A") -> N/A | AO23: =$AF23-AE23 -> -1525.76 | AP23: =$AF23-AD23 -> 13339.1 | AQ23: =$AF23-AC23 -> 38041.62 | AR23: =$AF23-AG23 -> 3041.62
B24: 51175 | C24: The Hut.com Ltd; Poland | D24: UK | E24: UK | F24: =VLOOKUP($B24, '2025'!$B:$E, 3, 0) -> eTailers | G24: =VLOOKUP($B24, '2025'!$B:$E, 4, 0) -> eTailers | H24: BC | I24: Yes | J24: Pre-2022 | K24: Pre-2022 | L24: =SUMIF('2022'!$B:$B, $B24,'2022'!$AF:$AF) -> 0 | M24: =SUMIF('2023'!$B:$B, $B24,'2023'!$AF:$AF) -> 45672.35 | N24: =SUMIF('2024'!$B:$B, $B24,'2024'!$AF:$AF) -> -6663.15 | O24: =SUMIF('2025'!$B:$B, $B24,'2025'!$AF:$AF) -> 0 | P24: =SUMIF('2025B'!$B:$B, $B24,'2025B'!$AF:$AF) -> 5000 | R24: =IFERROR($O24/N24-1, "N/A") -> -1 | S24: =IFERROR($O24/M24-1, "N/A") -> -1 | T24: =IFERROR($O24/L24-1, "N/A") -> N/A | U24: =IFERROR($O24/P24-1, "N/A") -> -1 | V24: =IFERROR(_xlfn.RRI(4,L24,O24), "N/A") -> 0 | X24: =$O24-N24 -> 6663.15 | Y24: =$O24-M24 -> -45672.35 | Z24: =$O24-L24 -> 0 | AA24: =$O24-P24 -> -5000 | AC24: =SUMIF('2022'!$B:$B, $B24,'2022'!$AF:$AF) -> 0 | AD24: =SUMIF('2023'!$B:$B, $B24,'2023'!$AF:$AF) -> 45672.35 | AE24: =SUMIF('2024'!$B:$B, $B24,'2024'!$AF:$AF) -> -6663.15 | AF24: =O24 -> 0 | AG24: =SUMIF('2025B'!$B:$B, $B24,'2025B'!$AF:$AF) -> 5000 | AI24: =IFERROR($AF24/AE24-1, "N/A") -> -1 | AJ24: =IFERROR($AF24/AD24-1, "N/A") -> -1 | AK24: =IFERROR($AF24/AC24-1, "N/A") -> N/A | AL24: =IFERROR($AF24/AG24-1, "N/A") -> -1 | AM24: =IFERROR(_xlfn.RRI(4,AC24,AF24), "N/A") -> 0 | AO24: =$AF24-AE24 -> 6663.15 | AP24: =$AF24-AD24 -> -45672.35 | AQ24: =$AF24-AC24 -> 0 | AR24: =$AF24-AG24 -> -5000
B25: 51176 | C25: The Hut.com Ltd; GB | D25: UK | E25: UK | F25: =VLOOKUP($B25, '2025'!$B:$E, 3, 0) -> eTailers | G25: =VLOOKUP($B25, '2025'!$B:$E, 4, 0) -> eTailers | H25: BC | I25: Yes | J25: Pre-2022 | K25: Pre-2022 | L25: =SUMIF('2022'!$B:$B, $B25,'2022'!$AF:$AF) -> 0 | M25: =SUMIF('2023'!$B:$B, $B25,'2023'!$AF:$AF) -> 31366.93 | N25: =SUMIF('2024'!$B:$B, $B25,'2024'!$AF:$AF) -> 15312.81 | O25: =SUMIF('2025'!$B:$B, $B25,'2025'!$AF:$AF) -> 28083.11 | P25: =SUMIF('2025B'!$B:$B, $B25,'2025B'!$AF:$AF) -> 10000 | R25: =IFERROR($O25/N25-1, "N/A") -> 0.83396189 | S25: =IFERROR($O25/M25-1, "N/A") -> -0.10469051 | T25: =IFERROR($O25/L25-1, "N/A") -> N/A | U25: =IFERROR($O25/P25-1, "N/A") -> 1.808311 | V25: =IFERROR(_xlfn.RRI(4,L25,O25), "N/A") -> N/A | X25: =$O25-N25 -> 12770.3 | Y25: =$O25-M25 -> -3283.82 | Z25: =$O25-L25 -> 28083.11 | AA25: =$O25-P25 -> 18083.11 | AC25: =SUMIF('2022'!$B:$B, $B25,'2022'!$AF:$AF) -> 0 | AD25: =SUMIF('2023'!$B:$B, $B25,'2023'!$AF:$AF) -> 31366.93 | AE25: =SUMIF('2024'!$B:$B, $B25,'2024'!$AF:$AF) -> 15312.81 | AF25: =O25 -> 28083.11 | AG25: =SUMIF('2025B'!$B:$B, $B25,'2025B'!$AF:$AF) -> 10000 | AI25: =IFERROR($AF25/AE25-1, "N/A") -> 0.83396189 | AJ25: =IFERROR($AF25/AD25-1, "N/A") -> -0.10469051 | AK25: =IFERROR($AF25/AC25-1, "N/A") -> N/A | AL25: =IFERROR($AF25/AG25-1, "N/A") -> 1.808311 | AM25: =IFERROR(_xlfn.RRI(4,AC25,AF25), "N/A") -> N/A | AO25: =$AF25-AE25 -> 12770.3 | AP25: =$AF25-AD25 -> -3283.82 | AQ25: =$AF25-AC25 -> 28083.11 | AR25: =$AF25-AG25 -> 18083.11
B26: 51183 | C26: John Bell & Croyden, London | D26: UK | E26: UK | F26: =VLOOKUP($B26, '2025'!$B:$E, 3, 0) -> Retail | G26: =VLOOKUP($B26, '2025'!$B:$E, 4, 0) -> Retail | H26: CC | I26: Yes | J26: 2022 | K26: 44866 | L26: =SUMIF('2022'!$B:$B, $B26,'2022'!$AF:$AF) -> 0 | M26: =SUMIF('2023'!$B:$B, $B26,'2023'!$AF:$AF) -> 3526.98 | N26: =SUMIF('2024'!$B:$B, $B26,'2024'!$AF:$AF) -> 1708.95 | O26: =SUMIF('2025'!$B:$B, $B26,'2025'!$AF:$AF) -> 1569.42 | P26: =SUMIF('2025B'!$B:$B, $B26,'2025B'!$AF:$AF) -> 2000 | R26: =IFERROR($O26/N26-1, "N/A") -> -0.081646625 | S26: =IFERROR($O26/M26-1, "N/A") -> -0.55502441 | T26: =IFERROR($O26/L26-1, "N/A") -> N/A | U26: =IFERROR($O26/P26-1, "N/A") -> -0.21529 | V26: =IFERROR(_xlfn.RRI(4,L26,O26), "N/A") -> N/A | X26: =$O26-N26 -> -139.53 | Y26: =$O26-M26 -> -1957.56 | Z26: =$O26-L26 -> 1569.42 | AA26: =$O26-P26 -> -430.58 | AC26: =SUMIF('2022'!$B:$B, $B26,'2022'!$AF:$AF) -> 0 | AD26: =SUMIF('2023'!$B:$B, $B26,'2023'!$AF:$AF) -> 3526.98 | AE26: =SUMIF('2024'!$B:$B, $B26,'2024'!$AF:$AF) -> 1708.95 | AF26: =O26 -> 1569.42 | AG26: =SUMIF('2025B'!$B:$B, $B26,'2025B'!$AF:$AF) -> 2000 | AI26: =IFERROR($AF26/AE26-1, "N/A") -> -0.081646625 | AJ26: =IFERROR($AF26/AD26-1, "N/A") -> -0.55502441 | AK26: =IFERROR($AF26/AC26-1, "N/A") -> N/A | AL26: =IFERROR($AF26/AG26-1, "N/A") -> -0.21529 | AM26: =IFERROR(_xlfn.RRI(4,AC26,AF26), "N/A") -> N/A | AO26: =$AF26-AE26 -> -139.53 | AP26: =$AF26-AD26 -> -1957.56 | AQ26: =$AF26-AC26 -> 1569.42 | AR26: =$AF26-AG26 -> -430.58
B28: NKD25 | C28: New customers 2025 | D28: UK | E28: UK | H28: NKD25 | I28: Yes | L28: =SUMIF('2022'!$B:$B, $B28,'2022'!$AF:$AF) -> 0 | M28: =SUMIF('2023'!$B:$B, $B28,'2023'!$AF:$AF) -> 0 | N28: =SUMIF('2024'!$B:$B, $B28,'2024'!$AF:$AF) -> 0 | O28: =SUMIF('2025'!$B:$B, $B28,'2025'!$AF:$AF) -> 0 | P28: =SUMIF('2025B'!$B:$B, $B28,'2025B'!$AF:$AF) -> 120000 | R28: =IFERROR($O28/N28-1, "N/A") -> N/A | S28: =IFERROR($O28/M28-1, "N/A") -> N/A | T28: =IFERROR($O28/L28-1, "N/A") -> N/A | U28: =IFERROR($O28/P28-1, "N/A") -> -1 | V28: =IFERROR(_xlfn.RRI(4,L28,O28), "N/A") -> 0 | X28: =$O28-N28 -> 0 | Y28: =$O28-M28 -> 0 | Z28: =$O28-L28 -> 0 | AA28: =$O28-P28 -> -120000 | AC28: =SUMIF('2022'!$B:$B, $B28,'2022'!$AF:$AF) -> 0 | AD28: =SUMIF('2023'!$B:$B, $B28,'2023'!$AF:$AF) -> 0 | AE28: =SUMIF('2024'!$B:$B, $B28,'2024'!$AF:$AF) -> 0 | AG28: =SUMIF('2025B'!$B:$B, $B28,'2025B'!$AF:$AF) -> 120000 | AI28: =IFERROR($AF28/AE28-1, "N/A") -> N/A | AJ28: =IFERROR($AF28/AD28-1, "N/A") -> N/A | AK28: =IFERROR($AF28/AC28-1, "N/A") -> N/A | AL28: =IFERROR($AF28/AG28-1, "N/A") -> -1 | AM28: =IFERROR(_xlfn.RRI(4,AC28,AF28), "N/A") -> 0 | AO28: =$AF28-AE28 -> 0 | AP28: =$AF28-AD28 -> 0 | AQ28: =$AF28-AC28 -> 0 | AR28: =$AF28-AG28 -> -120000

Sheet 2022
D1: Retail
D2: in month sales | G2: =SUMIFS(G$25:G$76, $D$25:$D$76, $D$1) -> 633.04 | H2: =SUMIFS(H$25:H$76, $D$25:$D$76, $D$1) -> 3508.31 | I2: =SUMIFS(I$25:I$76, $D$25:$D$76, $D$1) -> 4950.62 | J2: =SUMIFS(J$25:J$76, $D$25:$D$76, $D$1) -> 11178.33 | K2: =SUMIFS(K$25:K$76, $D$25:$D$76, $D$1) -> 21252.99 | L2: =SUMIFS(L$25:L$76, $D$25:$D$76, $D$1) -> 47726.82 | M2: =SUMIFS(M$25:M$76, $D$25:$D$76, $D$1) -> 49512.47 | N2: =SUMIFS(N$25:N$76, $D$25:$D$76, $D$1) -> 8397.1 | ... R2: =SUMIFS(R$25:R$76, $D$25:$D$76, $D$1) -> 1372.33
D3: YTD sales | G3: =SUM($G2:G2) -> 633.04 | H3: =SUM($G2:H2) -> 4141.35 | I3: =SUM($G2:I2) -> 9091.97 | J3: =SUM($G2:J2) -> 20270.3 | K3: =SUM($G2:K2) -> 41523.29 | L3: =SUM($G2:L2) -> 89250.11 | M3: =SUM($G2:M2) -> 138762.58 | N3: =SUM($G2:N2) -> 147159.68 | ... R3: =SUM($G2:R2) -> 201045.82
D4: ordering in month | G4: =COUNTIFS(G$25:G$76,">0", $D$25:$D$76, $D$1) -> 1 | H4: =COUNTIFS(H$25:H$76,">0", $D$25:$D$76, $D$1) -> 2 | I4: =COUNTIFS(I$25:I$76,">0", $D$25:$D$76, $D$1) -> 2 | J4: =COUNTIFS(J$25:J$76,">0", $D$25:$D$76, $D$1) -> 2 | K4: =COUNTIFS(K$25:K$76,">0", $D$25:$D$76, $D$1) -> 2 | L4: =COUNTIFS(L$25:L$76,">0", $D$25:$D$76, $D$1) -> 2 | M4: =COUNTIFS(M$25:M$76,">0", $D$25:$D$76, $D$1) -> 2 | N4: =COUNTIFS(N$25:N$76,">0", $D$25:$D$76, $D$1) -> 2 | ... R4: =COUNTIFS(R$25:R$76,">0", $D$25:$D$76, $D$1) -> 1
D5: ordering YTD | G5: =COUNTIFS(T$25:T$76,">0", $D$25:$D$76, $D$1) -> 1 | H5: =COUNTIFS(U$25:U$76,">0", $D$25:$D$76, $D$1) -> 2 | I5: =COUNTIFS(V$25:V$76,">0", $D$25:$D$76, $D$1) -> 2 | J5: =COUNTIFS(W$25:W$76,">0", $D$25:$D$76, $D$1) -> 2 | K5: =COUNTIFS(X$25:X$76,">0", $D$25:$D$76, $D$1) -> 2 | L5: =COUNTIFS(Y$25:Y$76,">0", $D$25:$D$76, $D$1) -> 2 | M5: =COUNTIFS(Z$25:Z$76,">0", $D$25:$D$76, $D$1) -> 2 | N5: =COUNTIFS(AA$25:AA$76,">0", $D$25:$D$76, $D$1) -> 2 | ... R5: =COUNTIFS(AE$25:AE$76,">0", $D$25:$D$76, $D$1) -> 3
D6: Active doors | G6: =COUNTIFS($E$25:$E$76,"Yes", $D$25:$D$76, $D$1)+COUNTIFS( $F$25:$F$76, "<="&G$24, $D$25:$D$76, $D$1) -> 2 | H6: =COUNTIFS($E$25:$E$76,"Yes", $D$25:$D$76, $D$1)+COUNTIFS( $F$25:$F$76, "<="&H$24, $D$25:$D$76, $D$1) -> 2 | I6: =COUNTIFS($E$25:$E$76,"Yes", $D$25:$D$76, $D$1)+COUNTIFS( $F$25:$F$76, "<="&I$24, $D$25:$D$76, $D$1) -> 2 | J6: =COUNTIFS($E$25:$E$76,"Yes", $D$25:$D$76, $D$1)+COUNTIFS( $F$25:$F$76, "<="&J$24, $D$25:$D$76, $D$1) -> 2 | K6: =COUNTIFS($E$25:$E$76,"Yes", $D$25:$D$76, $D$1)+COUNTIFS( $F$25:$F$76, "<="&K$24, $D$25:$D$76, $D$1) -> 2 | L6: =COUNTIFS($E$25:$E$76,"Yes", $D$25:$D$76, $D$1)+COUNTIFS( $F$25:$F$76, "<="&L$24, $D$25:$D$76, $D$1) -> 2 | M6: =COUNTIFS($E$25:$E$76,"Yes", $D$25:$D$76, $D$1)+COUNTIFS( $F$25:$F$76, "<="&M$24, $D$25:$D$76, $D$1) -> 2 | N6: =COUNTIFS($E$25:$E$76,"Yes", $D$25:$D$76, $D$1)+COUNTIFS( $F$25:$F$76, "<="&N$24, $D$25:$D$76, $D$1) -> 2 | ... R6: =COUNTIFS($E$25:$E$76,"Yes", $D$25:$D$76, $D$1)+COUNTIFS( $F$25:$F$76, "<="&R$24, $D$25:$D$76, $D$1) -> 3
D7: New doors in month | G7: =COUNTIFS( $F$25:$F$76, G$24, $D$25:$D$76, $D$1) -> 0 | H7: =COUNTIFS( $F$25:$F$76, H$24, $D$25:$D$76, $D$1) -> 0 | I7: =COUNTIFS( $F$25:$F$76, I$24, $D$25:$D$76, $D$1) -> 0 | J7: =COUNTIFS( $F$25:$F$76, J$24, $D$25:$D$76, $D$1) -> 0 | K7: =COUNTIFS( $F$25:$F$76, K$24, $D$25:$D$76, $D$1) -> 0 | L7: =COUNTIFS( $F$25:$F$76, L$24, $D$25:$D$76, $D$1) -> 0 | M7: =COUNTIFS( $F$25:$F$76, M$24, $D$25:$D$76, $D$1) -> 0 | N7: =COUNTIFS( $F$25:$F$76, N$24, $D$25:$D$76, $D$1) -> 0 | ... R7: =COUNTIFS( $F$25:$F$76, R$24, $D$25:$D$76, $D$1) -> 0
D8: New doors YTD | G8: =SUM($G7:G7) -> 0 | H8: =SUM($G7:H7) -> 0 | I8: =SUM($G7:I7) -> 0 | J8: =SUM($G7:J7) -> 0 | K8: =SUM($G7:K7) -> 0 | L8: =SUM($G7:L7) -> 0 | M8: =SUM($G7:M7) -> 0 | N8: =SUM($G7:N7) -> 0 | ... R8: =SUM($G7:R7) -> 1
D9: New door sales in month | G9: =SUMIFS( G$25:G$76, $F$25:$F$76, G$24, $D$25:$D$76, $D$1) -> 0 | H9: =SUMIFS( H$25:H$76, $F$25:$F$76, H$24, $D$25:$D$76, $D$1) -> 0 | I9: =SUMIFS( I$25:I$76, $F$25:$F$76, I$24, $D$25:$D$76, $D$1) -> 0 | J9: =SUMIFS( J$25:J$76, $F$25:$F$76, J$24, $D$25:$D$76, $D$1) -> 0 | K9: =SUMIFS( K$25:K$76, $F$25:$F$76, K$24, $D$25:$D$76, $D$1) -> 0 | L9: =SUMIFS( L$25:L$76, $F$25:$F$76, L$24, $D$25:$D$76, $D$1) -> 0 | M9: =SUMIFS( M$25:M$76, $F$25:$F$76, M$24, $D$25:$D$76, $D$1) -> 0 | N9: =SUMIFS( N$25:N$76, $F$25:$F$76, N$24, $D$25:$D$76, $D$1) -> 0 | ... R9: =SUMIFS( R$25:R$76, $F$25:$F$76, R$24, $D$25:$D$76, $D$1) -> 0
D10: New door sales YTD | G10: =SUMIFS( T$25:T$76, $F$25:$F$76, "<="&G$24, $D$25:$D$76, $D$1) -> 0 | H10: =SUMIFS( U$25:U$76, $F$25:$F$76, "<="&H$24, $D$25:$D$76, $D$1) -> 0 | I10: =SUMIFS( V$25:V$76, $F$25:$F$76, "<="&I$24, $D$25:$D$76, $D$1) -> 0 | J10: =SUMIFS( W$25:W$76, $F$25:$F$76, "<="&J$24, $D$25:$D$76, $D$1) -> 0 | K10: =SUMIFS( X$25:X$76, $F$25:$F$76, "<="&K$24, $D$25:$D$76, $D$1) -> 0 | L10: =SUMIFS( Y$25:Y$76, $F$25:$F$76, "<="&L$24, $D$25:$D$76, $D$1) -> 0 | M10: =SUMIFS( Z$25:Z$76, $F$25:$F$76, "<="&M$24, $D$25:$D$76, $D$1) -> 0 | N10: =SUMIFS( AA$25:AA$76, $F$25:$F$76, "<="&N$24, $D$25:$D$76, $D$1) -> 0 | ... R10: =SUMIFS( AE$25:AE$76, $F$25:$F$76, "<="&R$24, $D$25:$D$76, $D$1) -> 5062.56
D12: Spa
D13: in month sales | G13: =SUMIFS(G$25:G$76, $D$25:$D$76, $D$12) -> 0 | H13: =SUMIFS(H$25:H$76, $D$25:$D$76, $D$12) -> 0 | I13: =SUMIFS(I$25:I$76, $D$25:$D$76, $D$12) -> 0 | J13: =SUMIFS(J$25:J$76, $D$25:$D$76, $D$12) -> 0 | K13: =SUMIFS(K$25:K$76, $D$25:$D$76, $D$12) -> 0 | L13: =SUMIFS(L$25:L$76, $D$25:$D$76, $D$12) -> 0 | M13: =SUMIFS(M$25:M$76, $D$25:$D$76, $D$12) -> 0 | N13: =SUMIFS(N$25:N$76, $D$25:$D$76, $D$12) -> 0 | ... R13: =SUMIFS(R$25:R$76, $D$25:$D$76, $D$12) -> 0
D14: YTD sales | G14: =SUM($G13:G13) -> 0 | H14: =SUM($G13:H13) -> 0 | I14: =SUM($G13:I13) -> 0 | J14: =SUM($G13:J13) -> 0 | K14: =SUM($G13:K13) -> 0 | L14: =SUM($G13:L13) -> 0 | M14: =SUM($G13:M13) -> 0 | N14: =SUM($G13:N13) -> 0 | ... R14: =SUM($G13:R13) -> 0
D15: ordering in month | G15: =COUNTIFS(G$25:G$76,">0", $D$25:$D$76, $D$12) -> 0 | H15: =COUNTIFS(H$25:H$76,">0", $D$25:$D$76, $D$12) -> 0 | I15: =COUNTIFS(I$25:I$76,">0", $D$25:$D$76, $D$12) -> 0 | J15: =COUNTIFS(J$25:J$76,">0", $D$25:$D$76, $D$12) -> 0 | K15: =COUNTIFS(K$25:K$76,">0", $D$25:$D$76, $D$12) -> 0 | L15: =COUNTIFS(L$25:L$76,">0", $D$25:$D$76, $D$12) -> 0 | M15: =COUNTIFS(M$25:M$76,">0", $D$25:$D$76, $D$12) -> 0 | N15: =COUNTIFS(N$25:N$76,">0", $D$25:$D$76, $D$12) -> 0 | ... R15: =COUNTIFS(R$25:R$76,">0", $D$25:$D$76, $D$12) -> 0
D16: ordering YTD | G16: =COUNTIFS(T$25:T$76,">0", $D$25:$D$76, $D$12) -> 0 | H16: =COUNTIFS(U$25:U$76,">0", $D$25:$D$76, $D$12) -> 0 | I16: =COUNTIFS(V$25:V$76,">0", $D$25:$D$76, $D$12) -> 0 | J16: =COUNTIFS(W$25:W$76,">0", $D$25:$D$76, $D$12) -> 0 | K16: =COUNTIFS(X$25:X$76,">0", $D$25:$D$76, $D$12) -> 0 | L16: =COUNTIFS(Y$25:Y$76,">0", $D$25:$D$76, $D$12) -> 0 | M16: =COUNTIFS(Z$25:Z$76,">0", $D$25:$D$76, $D$12) -> 0 | N16: =COUNTIFS(AA$25:AA$76,">0", $D$25:$D$76, $D$12) -> 0 | ... R16: =COUNTIFS(AE$25:AE$76,">0", $D$25:$D$76, $D$12) -> 0
D17: Active doors | G17: =COUNTIFS($E$25:$E$76,"Yes", $D$25:$D$76, $D$12)+COUNTIFS( $F$25:$F$76, "<="&G$24, $D$25:$D$76, $D$12) -> 0 | H17: =COUNTIFS($E$25:$E$76,"Yes", $D$25:$D$76, $D$12)+COUNTIFS( $F$25:$F$76, "<="&H$24, $D$25:$D$76, $D$12) -> 0 | I17: =COUNTIFS($E$25:$E$76,"Yes", $D$25:$D$76, $D$12)+COUNTIFS( $F$25:$F$76, "<="&I$24, $D$25:$D$76, $D$12) -> 0 | J17: =COUNTIFS($E$25:$E$76,"Yes", $D$25:$D$76, $D$12)+COUNTIFS( $F$25:$F$76, "<="&J$24, $D$25:$D$76, $D$12) -> 0 | K17: =COUNTIFS($E$25:$E$76,"Yes", $D$25:$D$76, $D$12)+COUNTIFS( $F$25:$F$76, "<="&K$24, $D$25:$D$76, $D$12) -> 0 | L17: =COUNTIFS($E$25:$E$76,"Yes", $D$25:$D$76, $D$12)+COUNTIFS( $F$25:$F$76, "<="&L$24, $D$25:$D$76, $D$12) -> 0 | M17: =COUNTIFS($E$25:$E$76,"Yes", $D$25:$D$76, $D$12)+COUNTIFS( $F$25:$F$76, "<="&M$24, $D$25:$D$76, $D$12) -> 0 | N17: =COUNTIFS($E$25:$E$76,"Yes", $D$25:$D$76, $D$12)+COUNTIFS( $F$25:$F$76, "<="&N$24, $D$25:$D$76, $D$12) -> 0 | ... R17: =COUNTIFS($E$25:$E$76,"Yes", $D$25:$D$76, $D$12)+COUNTIFS( $F$25:$F$76, "<="&R$24, $D$25:$D$76, $D$12) -> 0
D18: New doors in month | G18: =COUNTIFS( $F$25:$F$76, G$24, $D$25:$D$76, $D$12) -> 0 | H18: =COUNTIFS( $F$25:$F$76, H$24, $D$25:$D$76, $D$12) -> 0 | I18: =COUNTIFS( $F$25:$F$76, I$24, $D$25:$D$76, $D$12) -> 0 | J18: =COUNTIFS( $F$25:$F$76, J$24, $D$25:$D$76, $D$12) -> 0 | K18: =COUNTIFS( $F$25:$F$76, K$24, $D$25:$D$76, $D$12) -> 0 | L18: =COUNTIFS( $F$25:$F$76, L$24, $D$25:$D$76, $D$12) -> 0 | M18: =COUNTIFS( $F$25:$F$76, M$24, $D$25:$D$76, $D$12) -> 0 | N18: =COUNTIFS( $F$25:$F$76, N$24, $D$25:$D$76, $D$12) -> 0 | ... R18: =COUNTIFS( $F$25:$F$76, R$24, $D$25:$D$76, $D$12) -> 0
D19: New doors YTD | G19: =SUM($G18:G18) -> 0 | H19: =SUM($G18:H18) -> 0 | I19: =SUM($G18:I18) -> 0 | J19: =SUM($G18:J18) -> 0 | K19: =SUM($G18:K18) -> 0 | L19: =SUM($G18:L18) -> 0 | M19: =SUM($G18:M18) -> 0 | N19: =SUM($G18:N18) -> 0 | ... R19: =SUM($G18:R18) -> 0
D20: New door sales in month | G20: =SUMIFS( G$25:G$76, $F$25:$F$76, G$24, $D$25:$D$76, $D$12) -> 0 | H20: =SUMIFS( H$25:H$76, $F$25:$F$76, H$24, $D$25:$D$76, $D$12) -> 0 | I20: =SUMIFS( I$25:I$76, $F$25:$F$76, I$24, $D$25:$D$76, $D$12) -> 0 | J20: =SUMIFS( J$25:J$76, $F$25:$F$76, J$24, $D$25:$D$76, $D$12) -> 0 | K20: =SUMIFS( K$25:K$76, $F$25:$F$76, K$24, $D$25:$D$76, $D$12) -> 0 | L20: =SUMIFS( L$25:L$76, $F$25:$F$76, L$24, $D$25:$D$76, $D$12) -> 0 | M20: =SUMIFS( M$25:M$76, $F$25:$F$76, M$24, $D$25:$D$76, $D$12) -> 0 | N20: =SUMIFS( N$25:N$76, $F$25:$F$76, N$24, $D$25:$D$76, $D$12) -> 0 | ... R20: =SUMIFS( R$25:R$76, $F$25:$F$76, R$24, $D$25:$D$76, $D$12) -> 0
D21: New door sales YTD | G21: =SUMIFS( T$25:T$76, $F$25:$F$76, "<="&G$24, $D$25:$D$76, $D$12) -> 0 | H21: =SUMIFS( U$25:U$76, $F$25:$F$76, "<="&H$24, $D$25:$D$76, $D$12) -> 0 | I21: =SUMIFS( V$25:V$76, $F$25:$F$76, "<="&I$24, $D$25:$D$76, $D$12) -> 0 | J21: =SUMIFS( W$25:W$76, $F$25:$F$76, "<="&J$24, $D$25:$D$76, $D$12) -> 0 | K21: =SUMIFS( X$25:X$76, $F$25:$F$76, "<="&K$24, $D$25:$D$76, $D$12) -> 0 | L21: =SUMIFS( Y$25:Y$76, $F$25:$F$76, "<="&L$24, $D$25:$D$76, $D$12) -> 0 | M21: =SUMIFS( Z$25:Z$76, $F$25:$F$76, "<="&M$24, $D$25:$D$76, $D$12) -> 0 | N21: =SUMIFS( AA$25:AA$76, $F$25:$F$76, "<="&N$24, $D$25:$D$76, $D$12) -> 0 | ... R21: =SUMIFS( AE$25:AE$76, $F$25:$F$76, "<="&R$24, $D$25:$D$76, $D$12) -> 0
G23: 1 | H23: =G23+3 -> 4 | I23: =H23+3 -> 7 | J23: =I23+3 -> 10 | K23: =J23+3 -> 13 | L23: =K23+3 -> 16 | M23: =L23+3 -> 19 | N23: =M23+3 -> 22 | O23: =N23+3 -> 25 | ... R23: =Q23+3 -> 34
D24: Mapping | E24: Active in PY? | F24: New in year | G24: 44562 | H24: 44593 | I24: 44621 | J24: 44652 | K24: 44682 | L24: 44713 | M24: 44743 | N24: 44774 | O24: 44805 | P24: 44835 | Q24: 44866 | R24: 44896
B25: 51101 | C25: Liberty | D25: =VLOOKUP($B25, Mapping!$A:$E, 5, 0) -> Retail | E25: Yes | F25: No | G25: {=INDEX('[2]Data 2022 to Oct24'!$E$2:$CJ$41,MATCH($B25,'[2]Data 2022 to Oct24'!$B$2:$B$41),G$23)} -> 0 | H25: {=INDEX('[2]Data 2022 to Oct24'!$E$2:$CJ$41,MATCH($B25,'[2]Data 2022 to Oct24'!$B$2:$B$41),H$23)} -> 2844.98 | I25: {=INDEX('[2]Data 2022 to Oct24'!$E$2:$CJ$41,MATCH($B25,'[2]Data 2022 to Oct24'!$B$2:$B$41),I$23)} -> 3567.25 | J25: {=INDEX('[2]Data 2022 to Oct24'!$E$2:$CJ$41,MATCH($B25,'[2]Data 2022 to Oct24'!$B$2:$B$41),J$23)} -> 7397.26 | K25: {=INDEX('[2]Data 2022 to Oct24'!$E$2:$CJ$41,MATCH($B25,'[2]Data 2022 to Oct24'!$B$2:$B$41),K$23)} -> 20460.12 | L25: {=INDEX('[2]Data 2022 to Oct24'!$E$2:$CJ$41,MATCH($B25,'[2]Data 2022 to Oct24'!$B$2:$B$41),L$23)} -> 47334 | M25: {=INDEX('[2]Data 2022 to Oct24'!$E$2:$CJ$41,MATCH($B25,'[2]Data 2022 to Oct24'!$B$2:$B$41),M$23)} -> 48291.01 | N25: {=INDEX('[2]Data 2022 to Oct24'!$E$2:$CJ$41,MATCH($B25,'[2]Data 2022 to Oct24'!$B$2:$B$41),N$23)} -> 6950.91 | ... R25: {=INDEX('[2]Data 2022 to Oct24'!$E$2:$CJ$41,MATCH($B25,'[2]Data 2022 to Oct24'!$B$2:$B$41),R$23)} -> 0 | T25: =SUM($G25:G25) -> 0 | U25: =SUM($G25:H25) -> 2844.98 | V25: =SUM($G25:I25) -> 6412.23 | W25: =SUM($G25:J25) -> 13809.49 | X25: =SUM($G25:K25) -> 34269.61 | Y25: =SUM($G25:L25) -> 81603.61 | Z25: =SUM($G25:M25) -> 129894.62 | AA25: =SUM($G25:N25) -> 136845.53 | ... AE25: =SUM($G25:R25) -> 170276.4
B26: 51172 | C26: Harrods (UK) Ltd. | D26: =VLOOKUP($B26, Mapping!$A:$E, 5, 0) -> Retail | E26: Yes | F26: No | G26: {=INDEX('[2]Data 2022 to Oct24'!$E$2:$CJ$41,MATCH($B26,'[2]Data 2022 to Oct24'!$B$2:$B$41),G$23)} -> 633.04 | H26: {=INDEX('[2]Data 2022 to Oct24'!$E$2:$CJ$41,MATCH($B26,'[2]Data 2022 to Oct24'!$B$2:$B$41),H$23)} -> 663.33 | I26: {=INDEX('[2]Data 2022 to Oct24'!$E$2:$CJ$41,MATCH($B26,'[2]Data 2022 to Oct24'!$B$2:$B$41),I$23)} -> 1383.37 | J26: {=INDEX('[2]Data 2022 to Oct24'!$E$2:$CJ$41,MATCH($B26,'[2]Data 2022 to Oct24'!$B$2:$B$41),J$23)} -> 3781.07 | K26: {=INDEX('[2]Data 2022 to Oct24'!$E$2:$CJ$41,MATCH($B26,'[2]Data 2022 to Oct24'!$B$2:$B$41),K$23)} -> 792.87 | L26: {=INDEX('[2]Data 2022 to Oct24'!$E$2:$CJ$41,MATCH($B26,'[2]Data 2022 to Oct24'!$B$2:$B$41),L$23)} -> 392.82 | M26: {=INDEX('[2]Data 2022 to Oct24'!$E$2:$CJ$41,MATCH($B26,'[2]Data 2022 to Oct24'!$B$2:$B$41),M$23)} -> 1221.46 | N26: {=INDEX('[2]Data 2022 to Oct24'!$E$2:$CJ$41,MATCH($B26,'[2]Data 2022 to Oct24'!$B$2:$B$41),N$23)} -> 1446.19 | ... R26: {=INDEX('[2]Data 2022 to Oct24'!$E$2:$CJ$41,MATCH($B26,'[2]Data 2022 to Oct24'!$B$2:$B$41),R$23)} -> 1372.33 | T26: =SUM($G26:G26) -> 633.04 | U26: =SUM($G26:H26) -> 1296.37 | V26: =SUM($G26:I26) -> 2679.74 | W26: =SUM($G26:J26) -> 6460.81 | X26: =SUM($G26:K26) -> 7253.68 | Y26: =SUM($G26:L26) -> 7646.5 | Z26: =SUM($G26:M26) -> 8867.96 | AA26: =SUM($G26:N26) -> 10314.15 | ... AE26: =SUM($G26:R26) -> 25706.86
B27: 51175 | C27: The Hut.com Ltd; Poland | D27: =VLOOKUP($B27, Mapping!$A:$E, 5, 0) -> eTailers | E27: Yes | F27: No | G27: {=INDEX('[2]Data 2022 to Oct24'!$E$2:$CJ$41,MATCH($B27,'[2]Data 2022 to Oct24'!$B$2:$B$41),G$23)} -> 0 | H27: {=INDEX('[2]Data 2022 to Oct24'!$E$2:$CJ$41,MATCH($B27,'[2]Data 2022 to Oct24'!$B$2:$B$41),H$23)} -> 0 | I27: {=INDEX('[2]Data 2022 to Oct24'!$E$2:$CJ$41,MATCH($B27,'[2]Data 2022 to Oct24'!$B$2:$B$41),I$23)} -> 0 | J27: {=INDEX('[2]Data 2022 to Oct24'!$E$2:$CJ$41,MATCH($B27,'[2]Data 2022 to Oct24'!$B$2:$B$41),J$23)} -> 9652.92 | K27: {=INDEX('[2]Data 2022 to Oct24'!$E$2:$CJ$41,MATCH($B27,'[2]Data 2022 to Oct24'!$B$2:$B$41),K$23)} -> 0 | L27: {=INDEX('[2]Data 2022 to Oct24'!$E$2:$CJ$41,MATCH($B27,'[2]Data 2022 to Oct24'!$B$2:$B$41),L$23)} -> 0 | M27: {=INDEX('[2]Data 2022 to Oct24'!$E$2:$CJ$41,MATCH($B27,'[2]Data 2022 to Oct24'!$B$2:$B$41),M$23)} -> 768.75 | N27: {=INDEX('[2]Data 2022 to Oct24'!$E$2:$CJ$41,MATCH($B27,'[2]Data 2022 to Oct24'!$B$2:$B$41),N$23)} -> 1120.05 | ... R27: {=INDEX('[2]Data 2022 to Oct24'!$E$2:$CJ$41,MATCH($B27,'[2]Data 2022 to Oct24'!$B$2:$B$41),R$23)} -> 0 | T27: =SUM($G27:G27) -> 0 | U27: =SUM($G27:H27) -> 0 | V27: =SUM($G27:I27) -> 0 | W27: =SUM($G27:J27) -> 9652.92 | X27: =SUM($G27:K27) -> 9652.92 | Y27: =SUM($G27:L27) -> 9652.92 | Z27: =SUM($G27:M27) -> 10421.67 | AA27: =SUM($G27:N27) -> 11541.72 | ... AE27: =SUM($G27:R27) -> 11439.24
B28: 51176 | C28: The Hut.com Ltd; GB | D28: =VLOOKUP($B28, Mapping!$A:$E, 5, 0) -> eTailers | E28: Yes | F28: No | G28: {=INDEX('[2]Data 2022 to Oct24'!$E$2:$CJ$41,MATCH($B28,'[2]Data 2022 to Oct24'!$B$2:$B$41),G$23)} -> 0 | H28: {=INDEX('[2]Data 2022 to Oct24'!$E$2:$CJ$41,MATCH($B28,'[2]Data 2022 to Oct24'!$B$2:$B$41),H$23)} -> 0 | I28: {=INDEX('[2]Data 2022 to Oct24'!$E$2:$CJ$41,MATCH($B28,'[2]Data 2022 to Oct24'!$B$2:$B$41),I$23)} -> 0 | J28: {=INDEX('[2]Data 2022 to Oct24'!$E$2:$CJ$41,MATCH($B28,'[2]Data 2022 to Oct24'!$B$2:$B$41),J$23)} -> 9207.9 | K28: {=INDEX('[2]Data 2022 to Oct24'!$E$2:$CJ$41,MATCH($B28,'[2]Data 2022 to Oct24'!$B$2:$B$41),K$23)} -> 0 | L28: {=INDEX('[2]Data 2022 to Oct24'!$E$2:$CJ$41,MATCH($B28,'[2]Data 2022 to Oct24'!$B$2:$B$41),L$23)} -> 0 | M28: {=INDEX('[2]Data 2022 to Oct24'!$E$2:$CJ$41,MATCH($B28,'[2]Data 2022 to Oct24'!$B$2:$B$41),M$23)} -> 3715.03 | N28: {=INDEX('[2]Data 2022 to Oct24'!$E$2:$CJ$41,MATCH($B28,'[2]Data 2022 to Oct24'!$B$2:$B$41),N$23)} -> 0 | ... R28: {=INDEX('[2]Data 2022 to Oct24'!$E$2:$CJ$41,MATCH($B28,'[2]Data 2022 to Oct24'!$B$2:$B$41),R$23)} -> 0 | T28: =SUM($G28:G28) -> 0 | U28: =SUM($G28:H28) -> 0 | V28: =SUM($G28:I28) -> 0 | W28: =SUM($G28:J28) -> 9207.9 | X28: =SUM($G28:K28) -> 9207.9 | Y28: =SUM($G28:L28) -> 9207.9 | Z28: =SUM($G28:M28) -> 12922.93 | AA28: =SUM($G28:N28) -> 12922.93 | ... AE28: =SUM($G28:R28) -> 12922.93
B29: 51177 | C29: Net-A-Porter; London GB | D29: =VLOOKUP($B29, Mapping!$A:$E, 5, 0) -> eTailers | E29: Yes | F29: No | G29: {=INDEX('[2]Data 2022 to Oct24'!$E$2:$CJ$41,MATCH($B29,'[2]Data 2022 to Oct24'!$B$2:$B$41),G$23)} -> 0 | H29: {=INDEX('[2]Data 2022 to Oct24'!$E$2:$CJ$41,MATCH($B29,'[2]Data 2022 to Oct24'!$B$2:$B$41),H$23)} -> 0 | I29: {=INDEX('[2]Data 2022 to Oct24'!$E$2:$CJ$41,MATCH($B29,'[2]Data 2022 to Oct24'!$B$2:$B$41),I$23)} -> 9618.43 | J29: {=INDEX('[2]Data 2022 to Oct24'!$E$2:$CJ$41,MATCH($B29,'[2]Data 2022 to Oct24'!$B$2:$B$41),J$23)} -> 992.57 | K29: {=INDEX('[2]Data 2022 to Oct24'!$E$2:$CJ$41,MATCH($B29,'[2]Data 2022 to Oct24'!$B$2:$B$41),K$23)} -> 0 | L29: {=INDEX('[2]Data 2022 to Oct24'!$E$2:$CJ$41,MATCH($B29,'[2]Data 2022 to Oct24'!$B$2:$B$41),L$23)} -> 0 | M29: {=INDEX('[2]Data 2022 to Oct24'!$E$2:$CJ$41,MATCH($B29,'[2]Data 2022 to Oct24'!$B$2:$B$41),M$23)} -> 0 | N29: {=INDEX('[2]Data 2022 to Oct24'!$E$2:$CJ$41,MATCH($B29,'[2]Data 2022 to Oct24'!$B$2:$B$41),N$23)} -> 615 | ... R29: {=INDEX('[2]Data 2022 to Oct24'!$E$2:$CJ$41,MATCH($B29,'[2]Data 2022 to Oct24'!$B$2:$B$41),R$23)} -> 0 | T29: =SUM($G29:G29) -> 0 | U29: =SUM($G29:H29) -> 0 | V29: =SUM($G29:I29) -> 9618.43 | W29: =SUM($G29:J29) -> 10611 | X29: =SUM($G29:K29) -> 10611 | Y29: =SUM($G29:L29) -> 10611 | Z29: =SUM($G29:M29) -> 10611 | AA29: =SUM($G29:N29) -> 11226 | ... AE29: =SUM($G29:R29) -> 11226
B30: 51179 | C30: Net-A-Porter; Hong Kong | D30: =VLOOKUP($B30, Mapping!$A:$E, 5, 0) -> eTailers | E30: Yes | F30: No | G30: {=INDEX('[2]Data 2022 to Oct24'!$E$2:$CJ$41,MATCH($B30,'[2]Data 2022 to Oct24'!$B$2:$B$41),G$23)} -> 0 | H30: {=INDEX('[2]Data 2022 to Oct24'!$E$2:$CJ$41,MATCH($B30,'[2]Data 2022 to Oct24'!$B$2:$B$41),H$23)} -> 0 | I30: {=INDEX('[2]Data 2022 to Oct24'!$E$2:$CJ$41,MATCH($B30,'[2]Data 2022 to Oct24'!$B$2:$B$41),I$23)} -> 0 | J30: {=INDEX('[2]Data 2022 to Oct24'!$E$2:$CJ$41,MATCH($B30,'[2]Data 2022 to Oct24'!$B$2:$B$41),J$23)} -> 2422.51 | K30: {=INDEX('[2]Data 2022 to Oct24'!$E$2:$CJ$41,MATCH($B30,'[2]Data 2022 to Oct24'!$B$2:$B$41),K$23)} -> 0 | L30: {=INDEX('[2]Data 2022 to Oct24'!$E$2:$CJ$41,MATCH($B30,'[2]Data 2022 to Oct24'!$B$2:$B$41),L$23)} -> 0 | M30: {=INDEX('[2]Data 2022 to Oct24'!$E$2:$CJ$41,MATCH($B30,'[2]Data 2022 to Oct24'!$B$2:$B$41),M$23)} -> 210 | N30: {=INDEX('[2]Data 2022 to Oct24'!$E$2:$CJ$41,MATCH($B30,'[2]Data 2022 to Oct24'!$B$2:$B$41),N$23)} -> 0 | ... R30: {=INDEX('[2]Data 2022 to Oct24'!$E$2:$CJ$41,MATCH($B30,'[2]Data 2022 to Oct24'!$B$2:$B$41),R$23)} -> 0 | T30: =SUM($G30:G30) -> 0 | U30: =SUM($G30:H30) -> 0 | V30: =SUM($G30:I30) -> 0 | W30: =SUM($G30:J30) -> 2422.51 | X30: =SUM($G30:K30) -> 2422.51 | Y30: =SUM($G30:L30) -> 2422.51 | Z30: =SUM($G30:M30) -> 2632.51 | AA30: =SUM($G30:N30) -> 2632.51 | ... AE30: =SUM($G30:R30) -> 2632.51
B31: 51183 | C31: John Bell & Croyden, London | D31: =VLOOKUP($B31, Mapping!$A:$E, 5, 0) -> Retail | E31: No | F31: 44866 | G31: {=INDEX('[2]Data 2022 to Oct24'!$E$2:$CJ$41,MATCH($B31,'[2]Data 2022 to Oct24'!$B$2:$B$41),G$23)} -> 0 | H31: {=INDEX('[2]Data 2022 to Oct24'!$E$2:$CJ$41,MATCH($B31,'[2]Data 2022 to Oct24'!$B$2:$B$41),H$23)} -> 0 | I31: {=INDEX('[2]Data 2022 to Oct24'!$E$2:$CJ$41,MATCH($B31,'[2]Data 2022 to Oct24'!$B$2:$B$41),I$23)} -> 0 | J31: {=INDEX('[2]Data 2022 to Oct24'!$E$2:$CJ$41,MATCH($B31,'[2]Data 2022 to Oct24'!$B$2:$B$41),J$23)} -> 0 | K31: {=INDEX('[2]Data 2022 to Oct24'!$E$2:$CJ$41,MATCH($B31,'[2]Data 2022 to Oct24'!$B$2:$B$41),K$23)} -> 0 | L31: {=INDEX('[2]Data 2022 to Oct24'!$E$2:$CJ$41,MATCH($B31,'[2]Data 2022 to Oct24'!$B$2:$B$41),L$23)} -> 0 | M31: {=INDEX('[2]Data 2022 to Oct24'!$E$2:$CJ$41,MATCH($B31,'[2]Data 2022 to Oct24'!$B$2:$B$41),M$23)} -> 0 | N31: {=INDEX('[2]Data 2022 to Oct24'!$E$2:$CJ$41,MATCH($B31,'[2]Data 2022 to Oct24'!$B$2:$B$41),N$23)} -> 0 | ... R31: {=INDEX('[2]Data 2022 to Oct24'!$E$2:$CJ$41,MATCH($B31,'[2]Data 2022 to Oct24'!$B$2:$B$41),R$23)} -> 0 | T31: =SUM($G31:G31) -> 0 | U31: =SUM($G31:H31) -> 0 | V31: =SUM($G31:I31) -> 0 | W31: =SUM($G31:J31) -> 0 | X31: =SUM($G31:K31) -> 0 | Y31: =SUM($G31:L31) -> 0 | Z31: =SUM($G31:M31) -> 0 | AA31: =SUM($G31:N31) -> 0 | ... AE31: =SUM($G31:R31) -> 5062.56
B32: 51206 | C32: DESCOMED GB, London (Personal BlueGem) | D32: =VLOOKUP($B32, Mapping!$A:$E, 5, 0) -> Other | E32: Yes | F32: No | G32: {=INDEX('[2]Data 2022 to Oct24'!$E$2:$CJ$41,MATCH($B32,'[2]Data 2022 to Oct24'!$B$2:$B$41),G$23)} -> 0 | H32: {=INDEX('[2]Data 2022 to Oct24'!$E$2:$CJ$41,MATCH($B32,'[2]Data 2022 to Oct24'!$B$2:$B$41),H$23)} -> 0 | I32: {=INDEX('[2]Data 2022 to Oct24'!$E$2:$CJ$41,MATCH($B32,'[2]Data 2022 to Oct24'!$B$2:$B$41),I$23)} -> 0 | J32: {=INDEX('[2]Data 2022 to Oct24'!$E$2:$CJ$41,MATCH($B32,'[2]Data 2022 to Oct24'!$B$2:$B$41),J$23)} -> 0 | K32: {=INDEX('[2]Data 2022 to Oct24'!$E$2:$CJ$41,MATCH($B32,'[2]Data 2022 to Oct24'!$B$2:$B$41),K$23)} -> 0 | L32: {=INDEX('[2]Data 2022 to Oct24'!$E$2:$CJ$41,MATCH($B32,'[2]Data 2022 to Oct24'!$B$2:$B$41),L$23)} -> 86.35 | M32: {=INDEX('[2]Data 2022 to Oct24'!$E$2:$CJ$41,MATCH($B32,'[2]Data 2022 to Oct24'!$B$2:$B$41),M$23)} -> 325.2 | N32: {=INDEX('[2]Data 2022 to Oct24'!$E$2:$CJ$41,MATCH($B32,'[2]Data 2022 to Oct24'!$B$2:$B$41),N$23)} -> 323.53 | ... R32: {=INDEX('[2]Data 2022 to Oct24'!$E$2:$CJ$41,MATCH($B32,'[2]Data 2022 to Oct24'!$B$2:$B$41),R$23)} -> 85.04 | T32: =SUM($G32:G32) -> 0 | U32: =SUM($G32:H32) -> 0 | V32: =SUM($G32:I32) -> 0 | W32: =SUM($G32:J32) -> 0 | X32: =SUM($G32:K32) -> 0 | Y32: =SUM($G32:L32) -> 86.35 | Z32: =SUM($G32:M32) -> 411.55 | AA32: =SUM($G32:N32) -> 735.08 | ... AE32: =SUM($G32:R32) -> 1418.93
B33: 53008 | C33: Saintly Skin;Frederika Van Hagan | D33: =VLOOKUP($B33, Mapping!$A:$E, 5, 0) -> Other | E33: Yes | F33: No | G33: {=INDEX('[2]Data 2022 to Oct24'!$E$2:$CJ$41,MATCH($B33,'[2]Data 2022 to Oct24'!$B$2:$B$41),G$23)} -> 0 | H33: {=INDEX('[2]Data 2022 to Oct24'!$E$2:$CJ$41,MATCH($B33,'[2]Data 2022 to Oct24'!$B$2:$B$41),H$23)} -> 0 | I33: {=INDEX('[2]Data 2022 to Oct24'!$E$2:$CJ$41,MATCH($B33,'[2]Data 2022 to Oct24'!$B$2:$B$41),I$23)} -> 0 | J33: {=INDEX('[2]Data 2022 to Oct24'!$E$2:$CJ$41,MATCH($B33,'[2]Data 2022 to Oct24'!$B$2:$B$41),J$23)} -> 0 | K33: {=INDEX('[2]Data 2022 to Oct24'!$E$2:$CJ$41,MATCH($B33,'[2]Data 2022 to Oct24'!$B$2:$B$41),K$23)} -> 0 | L33: {=INDEX('[2]Data 2022 to Oct24'!$E$2:$CJ$41,MATCH($B33,'[2]Data 2022 to Oct24'!$B$2:$B$41),L$23)} -> 992.89 | M33: {=INDEX('[2]Data 2022 to Oct24'!$E$2:$CJ$41,MATCH($B33,'[2]Data 2022 to Oct24'!$B$2:$B$41),M$23)} -> 0 | N33: {=INDEX('[2]Data 2022 to Oct24'!$E$2:$CJ$41,MATCH($B33,'[2]Data 2022 to Oct24'!$B$2:$B$41),N$23)} -> 498.17 | ... R33: {=INDEX('[2]Data 2022 to Oct24'!$E$2:$CJ$41,MATCH($B33,'[2]Data 2022 to Oct24'!$B$2:$B$41),R$23)} -> 0 | T33: =SUM($G33:G33) -> 0 | U33: =SUM($G33:H33) -> 0 | V33: =SUM($G33:I33) -> 0 | W33: =SUM($G33:J33) -> 0 | X33: =SUM($G33:K33) -> 0 | Y33: =SUM($G33:L33) -> 992.89 | Z33: =SUM($G33:M33) -> 992.89 | AA33: =SUM($G33:N33) -> 1491.06 | ... AE33: =SUM($G33:R33) -> 1491.06
B34: 53011 | C34: Liliana Fernandes | D34: =VLOOKUP($B34, Mapping!$A:$E, 5, 0) -> Other | E34: Yes | F34: No | G34: {=INDEX('[2]Data 2022 to Oct24'!$E$2:$CJ$41,MATCH($B34,'[2]Data 2022 to Oct24'!$B$2:$B$41),G$23)} -> 0 | H34: {=INDEX('[2]Data 2022 to Oct24'!$E$2:$CJ$41,MATCH($B34,'[2]Data 2022 to Oct24'!$B$2:$B$41),H$23)} -> 0 | I34: {=INDEX('[2]Data 2022 to Oct24'!$E$2:$CJ$41,MATCH($B34,'[2]Data 2022 to Oct24'!$B$2:$B$41),I$23)} -> 0 | J34: {=INDEX('[2]Data 2022 to Oct24'!$E$2:$CJ$41,MATCH($B34,'[2]Data 2022 to Oct24'!$B$2:$B$41),J$23)} -> 0 | K34: {=INDEX('[2]Data 2022 to Oct24'!$E$2:$CJ$41,MATCH($B34,'[2]Data 2022 to Oct24'!$B$2:$B$41),K$23)} -> 0 | L34: {=INDEX('[2]Data 2022 to Oct24'!$E$2:$CJ$41,MATCH($B34,'[2]Data 2022 to Oct24'!$B$2:$B$41),L$23)} -> 0 | M34: {=INDEX('[2]Data 2022 to Oct24'!$E$2:$CJ$41,MATCH($B34,'[2]Data 2022 to Oct24'!$B$2:$B$41),M$23)} -> 0 | N34: {=INDEX('[2]Data 2022 to Oct24'!$E$2:$CJ$41,MATCH($B34,'[2]Data 2022 to Oct24'!$B$2:$B$41),N$23)} -> 0 | ... R34: {=INDEX('[2]Data 2022 to Oct24'!$E$2:$CJ$41,MATCH($B34,'[2]Data 2022 to Oct24'!$B$2:$B$41),R$23)} -> 0 | T34: =SUM($G34:G34) -> 0 | U34: =SUM($G34:H34) -> 0 | V34: =SUM($G34:I34) -> 0 | W34: =SUM($G34:J34) -> 0 | X34: =SUM($G34:K34) -> 0 | Y34: =SUM($G34:L34) -> 0 | Z34: =SUM($G34:M34) -> 0 | AA34: =SUM($G34:N34) -> 0 | ... AE34: =SUM($G34:R34) -> 0
B35: 53012 | C35: Virginie Alvarez | D35: =VLOOKUP($B35, Mapping!$A:$E, 5, 0) -> Other | E35: Yes | F35: No | G35: {=INDEX('[2]Data 2022 to Oct24'!$E$2:$CJ$41,MATCH($B35,'[2]Data 2022 to Oct24'!$B$2:$B$41),G$23)} -> 0 | H35: {=INDEX('[2]Data 2022 to Oct24'!$E$2:$CJ$41,MATCH($B35,'[2]Data 2022 to Oct24'!$B$2:$B$41),H$23)} -> 0 | I35: {=INDEX('[2]Data 2022 to Oct24'!$E$2:$CJ$41,MATCH($B35,'[2]Data 2022 to Oct24'!$B$2:$B$41),I$23)} -> 0 | J35: {=INDEX('[2]Data 2022 to Oct24'!$E$2:$CJ$41,MATCH($B35,'[2]Data 2022 to Oct24'!$B$2:$B$41),J$23)} -> 0 | K35: {=INDEX('[2]Data 2022 to Oct24'!$E$2:$CJ$41,MATCH($B35,'[2]Data 2022 to Oct24'!$B$2:$B$41),K$23)} -> 0 | L35: {=INDEX('[2]Data 2022 to Oct24'!$E$2:$CJ$41,MATCH($B35,'[2]Data 2022 to Oct24'!$B$2:$B$41),L$23)} -> 0 | M35: {=INDEX('[2]Data 2022 to Oct24'!$E$2:$CJ$41,MATCH($B35,'[2]Data 2022 to Oct24'!$B$2:$B$41),M$23)} -> 0 | N35: {=INDEX('[2]Data 2022 to Oct24'!$E$2:$CJ$41,MATCH($B35,'[2]Data 2022 to Oct24'!$B$2:$B$41),N$23)} -> 0 | ... R35: {=INDEX('[2]Data 2022 to Oct24'!$E$2:$CJ$41,MATCH($B35,'[2]Data 2022 to Oct24'!$B$2:$B$41),R$23)} -> 0 | T35: =SUM($G35:G35) -> 0 | U35: =SUM($G35:H35) -> 0 | V35: =SUM($G35:I35) -> 0 | W35: =SUM($G35:J35) -> 0 | X35: =SUM($G35:K35) -> 0 | Y35: =SUM($G35:L35) -> 0 | Z35: =SUM($G35:M35) -> 0 | AA35: =SUM($G35:N35) -> 0 | ... AE35: =SUM($G35:R35) -> 0
B36: 59100 | C36: Shopify UK | D36: =VLOOKUP($B36, Mapping!$A:$E, 5, 0) -> Other | E36: Yes | F36: No | G36: {=INDEX('[2]Data 2022 to Oct24'!$E$2:$CJ$41,MATCH($B36,'[2]Data 2022 to Oct24'!$B$2:$B$41),G$23)} -> 8241.64 | H36: {=INDEX('[2]Data 2022 to Oct24'!$E$2:$CJ$41,MATCH($B36,'[2]Data 2022 to Oct24'!$B$2:$B$41),H$23)} -> 9477.32 | I36: {=INDEX('[2]Data 2022 to Oct24'!$E$2:$CJ$41,MATCH($B36,'[2]Data 2022 to Oct24'!$B$2:$B$41),I$23)} -> 6938.66 | J36: {=INDEX('[2]Data 2022 to Oct24'!$E$2:$CJ$41,MATCH($B36,'[2]Data 2022 to Oct24'!$B$2:$B$41),J$23)} -> 6718.17 | K36: {=INDEX('[2]Data 2022 to Oct24'!$E$2:$CJ$41,MATCH($B36,'[2]Data 2022 to Oct24'!$B$2:$B$41),K$23)} -> 5044.32 | L36: {=INDEX('[2]Data 2022 to Oct24'!$E$2:$CJ$41,MATCH($B36,'[2]Data 2022 to Oct24'!$B$2:$B$41),L$23)} -> 6972.82 | M36: {=INDEX('[2]Data 2022 to Oct24'!$E$2:$CJ$41,MATCH($B36,'[2]Data 2022 to Oct24'!$B$2:$B$41),M$23)} -> 7275.58 | N36: {=INDEX('[2]Data 2022 to Oct24'!$E$2:$CJ$41,MATCH($B36,'[2]Data 2022 to Oct24'!$B$2:$B$41),N$23)} -> 4339.83 | ... R36: {=INDEX('[2]Data 2022 to Oct24'!$E$2:$CJ$41,MATCH($B36,'[2]Data 2022 to Oct24'!$B$2:$B$41),R$23)} -> 4891.66 | T36: =SUM($G36:G36) -> 8241.64 | U36: =SUM($G36:H36) -> 17718.96 | V36: =SUM($G36:I36) -> 24657.62 | W36: =SUM($G36:J36) -> 31375.79 | X36: =SUM($G36:K36) -> 36420.11 | Y36: =SUM($G36:L36) -> 43392.93 | Z36: =SUM($G36:M36) -> 50668.51 | AA36: =SUM($G36:N36) -> 55008.34 | ... AE36: =SUM($G36:R36) -> 77357.32
B37: 59200 | C37: Shopify ROW | D37: =VLOOKUP($B37, Mapping!$A:$E, 5, 0) -> Other | E37: Yes | F37: No | G37: {=INDEX('[2]Data 2022 to Oct24'!$E$2:$CJ$41,MATCH($B37,'[2]Data 2022 to Oct24'!$B$2:$B$41),G$23)} -> 4279 | H37: {=INDEX('[2]Data 2022 to Oct24'!$E$2:$CJ$41,MATCH($B37,'[2]Data 2022 to Oct24'!$B$2:$B$41),H$23)} -> 4417.95 | I37: {=INDEX('[2]Data 2022 to Oct24'!$E$2:$CJ$41,MATCH($B37,'[2]Data 2022 to Oct24'!$B$2:$B$41),I$23)} -> 768.95 | J37: {=INDEX('[2]Data 2022 to Oct24'!$E$2:$CJ$41,MATCH($B37,'[2]Data 2022 to Oct24'!$B$2:$B$41),J$23)} -> 1654.5 | K37: {=INDEX('[2]Data 2022 to Oct24'!$E$2:$CJ$41,MATCH($B37,'[2]Data 2022 to Oct24'!$B$2:$B$41),K$23)} -> 175 | L37: {=INDEX('[2]Data 2022 to Oct24'!$E$2:$CJ$41,MATCH($B37,'[2]Data 2022 to Oct24'!$B$2:$B$41),L$23)} -> 1163.35 | M37: {=INDEX('[2]Data 2022 to Oct24'!$E$2:$CJ$41,MATCH($B37,'[2]Data 2022 to Oct24'!$B$2:$B$41),M$23)} -> 253 | N37: {=INDEX('[2]Data 2022 to Oct24'!$E$2:$CJ$41,MATCH($B37,'[2]Data 2022 to Oct24'!$B$2:$B$41),N$23)} -> 58 | ... R37: {=INDEX('[2]Data 2022 to Oct24'!$E$2:$CJ$41,MATCH($B37,'[2]Data 2022 to Oct24'!$B$2:$B$41),R$23)} -> 994 | T37: =SUM($G37:G37) -> 4279 | U37: =SUM($G37:H37) -> 8696.95 | V37: =SUM($G37:I37) -> 9465.9 | W37: =SUM($G37:J37) -> 11120.4 | X37: =SUM($G37:K37) -> 11295.4 | Y37: =SUM($G37:L37) -> 12458.75 | Z37: =SUM($G37:M37) -> 12711.75 | AA37: =SUM($G37:N37) -> 12769.75 | ... AE37: =SUM($G37:R37) -> 18540.75
B38: 51202 | C38: DESCOMED GB, London ( PR + Other ) | D38: =VLOOKUP($B38, Mapping!$A:$E, 5, 0) -> Other | E38: Yes | F38: No | G38: {=INDEX('[2]Data 2022 to Oct24'!$E$2:$CJ$41,MATCH($B38,'[2]Data 2022 to Oct24'!$B$2:$B$41),G$23)} -> 0 | H38: {=INDEX('[2]Data 2022 to Oct24'!$E$2:$CJ$41,MATCH($B38,'[2]Data 2022 to Oct24'!$B$2:$B$41),H$23)} -> 0 | I38: {=INDEX('[2]Data 2022 to Oct24'!$E$2:$CJ$41,MATCH($B38,'[2]Data 2022 to Oct24'!$B$2:$B$41),I$23)} -> 0 | J38: {=INDEX('[2]Data 2022 to Oct24'!$E$2:$CJ$41,MATCH($B38,'[2]Data 2022 to Oct24'!$B$2:$B$41),J$23)} -> 0 | K38: {=INDEX('[2]Data 2022 to Oct24'!$E$2:$CJ$41,MATCH($B38,'[2]Data 2022 to Oct24'!$B$2:$B$41),K$23)} -> 0 | L38: {=INDEX('[2]Data 2022 to Oct24'!$E$2:$CJ$41,MATCH($B38,'[2]Data 2022 to Oct24'!$B$2:$B$41),L$23)} -> 0 | M38: {=INDEX('[2]Data 2022 to Oct24'!$E$2:$CJ$41,MATCH($B38,'[2]Data 2022 to Oct24'!$B$2:$B$41),M$23)} -> 0 | N38: {=INDEX('[2]Data 2022 to Oct24'!$E$2:$CJ$41,MATCH($B38,'[2]Data 2022 to Oct24'!$B$2:$B$41),N$23)} -> 0 | ... R38: {=INDEX('[2]Data 2022 to Oct24'!$E$2:$CJ$41,MATCH($B38,'[2]Data 2022 to Oct24'!$B$2:$B$41),R$23)} -> 0 | T38: =SUM($G38:G38) -> 0 | U38: =SUM($G38:H38) -> 0 | V38: =SUM($G38:I38) -> 0 | W38: =SUM($G38:J38) -> 0 | X38: =SUM($G38:K38) -> 0 | Y38: =SUM($G38:L38) -> 0 | Z38: =SUM($G38:M38) -> 0 | AA38: =SUM($G38:N38) -> 0 | ... AE38: =SUM($G38:R38) -> 0
B39: 51180 | C39: Net-A-Porter; Italy | D39: =VLOOKUP($B39, Mapping!$A:$E, 5, 0) -> eTailers | E39: Yes | F39: No | G39: {=INDEX('[2]Data 2022 to Oct24'!$E$2:$CJ$41,MATCH($B39,'[2]Data 2022 to Oct24'!$B$2:$B$41),G$23)} -> 0 | H39: {=INDEX('[2]Data 2022 to Oct24'!$E$2:$CJ$41,MATCH($B39,'[2]Data 2022 to Oct24'!$B$2:$B$41),H$23)} -> 0 | I39: {=INDEX('[2]Data 2022 to Oct24'!$E$2:$CJ$41,MATCH($B39,'[2]Data 2022 to Oct24'!$B$2:$B$41),I$23)} -> 0 | J39: {=INDEX('[2]Data 2022 to Oct24'!$E$2:$CJ$41,MATCH($B39,'[2]Data 2022 to Oct24'!$B$2:$B$41),J$23)} -> 9457.78 | K39: {=INDEX('[2]Data 2022 to Oct24'!$E$2:$CJ$41,MATCH($B39,'[2]Data 2022 to Oct24'!$B$2:$B$41),K$23)} -> 0 | L39: {=INDEX('[2]Data 2022 to Oct24'!$E$2:$CJ$41,MATCH($B39,'[2]Data 2022 to Oct24'!$B$2:$B$41),L$23)} -> 0 | M39: {=INDEX('[2]Data 2022 to Oct24'!$E$2:$CJ$41,MATCH($B39,'[2]Data 2022 to Oct24'!$B$2:$B$41),M$23)} -> 0 | N39: {=INDEX('[2]Data 2022 to Oct24'!$E$2:$CJ$41,MATCH($B39,'[2]Data 2022 to Oct24'!$B$2:$B$41),N$23)} -> -17.28 | ... R39: {=INDEX('[2]Data 2022 to Oct24'!$E$2:$CJ$41,MATCH($B39,'[2]Data 2022 to Oct24'!$B$2:$B$41),R$23)} -> 0 | T39: =SUM($G39:G39) -> 0 | U39: =SUM($G39:H39) -> 0 | V39: =SUM($G39:I39) -> 0 | W39: =SUM($G39:J39) -> 9457.78 | X39: =SUM($G39:K39) -> 9457.78 | Y39: =SUM($G39:L39) -> 9457.78 | Z39: =SUM($G39:M39) -> 9457.78 | AA39: =SUM($G39:N39) -> 9440.5 | ... AE39: =SUM($G39:R39) -> 9440.5
B40: 51207 | C40: DESCOMED GB (Karen Reddy-Medeiros) | D40: =VLOOKUP($B40, Mapping!$A:$E, 5, 0) -> Other | E40: Yes | F40: No | G40: {=INDEX('[2]Data 2022 to Oct24'!$E$2:$CJ$41,MATCH($B40,'[2]Data 2022 to Oct24'!$B$2:$B$41),G$23)} -> 0 | H40: {=INDEX('[2]Data 2022 to Oct24'!$E$2:$CJ$41,MATCH($B40,'[2]Data 2022 to Oct24'!$B$2:$B$41),H$23)} -> 0 | I40: {=INDEX('[2]Data 2022 to Oct24'!$E$2:$CJ$41,MATCH($B40,'[2]Data 2022 to Oct24'!$B$2:$B$41),I$23)} -> 0 | J40: {=INDEX('[2]Data 2022 to Oct24'!$E$2:$CJ$41,MATCH($B40,'[2]Data 2022 to Oct24'!$B$2:$B$41),J$23)} -> 0 | K40: {=INDEX('[2]Data 2022 to Oct24'!$E$2:$CJ$41,MATCH($B40,'[2]Data 2022 to Oct24'!$B$2:$B$41),K$23)} -> 0 | L40: {=INDEX('[2]Data 2022 to Oct24'!$E$2:$CJ$41,MATCH($B40,'[2]Data 2022 to Oct24'!$B$2:$B$41),L$23)} -> 0 | M40: {=INDEX('[2]Data 2022 to Oct24'!$E$2:$CJ$41,MATCH($B40,'[2]Data 2022 to Oct24'!$B$2:$B$41),M$23)} -> 0 | N40: {=INDEX('[2]Data 2022 to Oct24'!$E$2:$CJ$41,MATCH($B40,'[2]Data 2022 to Oct24'!$B$2:$B$41),N$23)} -> 0 | ... R40: {=INDEX('[2]Data 2022 to Oct24'!$E$2:$CJ$41,MATCH($B40,'[2]Data 2022 to Oct24'!$B$2:$B$41),R$23)} -> 0 | T40: =SUM($G40:G40) -> 0 | U40: =SUM($G40:H40) -> 0 | V40: =SUM($G40:I40) -> 0 | W40: =SUM($G40:J40) -> 0 | X40: =SUM($G40:K40) -> 0 | Y40: =SUM($G40:L40) -> 0 | Z40: =SUM($G40:M40) -> 0 | AA40: =SUM($G40:N40) -> 0 | ... AE40: =SUM($G40:R40) -> 0
B41: 51209 | C41: UP PR; Olivia Wears-Harding | D41: =VLOOKUP($B41, Mapping!$A:$E, 5, 0) -> Other | E41: Yes | F41: No | G41: {=INDEX('[2]Data 2022 to Oct24'!$E$2:$CJ$41,MATCH($B41,'[2]Data 2022 to Oct24'!$B$2:$B$41),G$23)} -> 0 | H41: {=INDEX('[2]Data 2022 to Oct24'!$E$2:$CJ$41,MATCH($B41,'[2]Data 2022 to Oct24'!$B$2:$B$41),H$23)} -> 0 | I41: {=INDEX('[2]Data 2022 to Oct24'!$E$2:$CJ$41,MATCH($B41,'[2]Data 2022 to Oct24'!$B$2:$B$41),I$23)} -> 0 | J41: {=INDEX('[2]Data 2022 to Oct24'!$E$2:$CJ$41,MATCH($B41,'[2]Data 2022 to Oct24'!$B$2:$B$41),J$23)} -> 0 | K41: {=INDEX('[2]Data 2022 to Oct24'!$E$2:$CJ$41,MATCH($B41,'[2]Data 2022 to Oct24'!$B$2:$B$41),K$23)} -> 0 | L41: {=INDEX('[2]Data 2022 to Oct24'!$E$2:$CJ$41,MATCH($B41,'[2]Data 2022 to Oct24'!$B$2:$B$41),L$23)} -> 0 | M41: {=INDEX('[2]Data 2022 to Oct24'!$E$2:$CJ$41,MATCH($B41,'[2]Data 2022 to Oct24'!$B$2:$B$41),M$23)} -> 0 | N41: {=INDEX('[2]Data 2022 to Oct24'!$E$2:$CJ$41,MATCH($B41,'[2]Data 2022 to Oct24'!$B$2:$B$41),N$23)} -> 0 | ... R41: {=INDEX('[2]Data 2022 to Oct24'!$E$2:$CJ$41,MATCH($B41,'[2]Data 2022 to Oct24'!$B$2:$B$41),R$23)} -> 0 | T41: =SUM($G41:G41) -> 0 | U41: =SUM($G41:H41) -> 0 | V41: =SUM($G41:I41) -> 0 | W41: =SUM($G41:J41) -> 0 | X41: =SUM($G41:K41) -> 0 | Y41: =SUM($G41:L41) -> 0 | Z41: =SUM($G41:M41) -> 0 | AA41: =SUM($G41:N41) -> 0 | ... AE41: =SUM($G41:R41) -> 0
B42: 51178 | C42: Net-A-Porter; USA | D42: =VLOOKUP($B42, Mapping!$A:$E, 5, 0) -> eTailers | E42: Yes | F42: No | G42: {=INDEX('[2]Data 2022 to Oct24'!$E$2:$CJ$41,MATCH($B42,'[2]Data 2022 to Oct24'!$B$2:$B$41),G$23)} -> 0 | H42: {=INDEX('[2]Data 2022 to Oct24'!$E$2:$CJ$41,MATCH($B42,'[2]Data 2022 to Oct24'!$B$2:$B$41),H$23)} -> 0 | I42: {=INDEX('[2]Data 2022 to Oct24'!$E$2:$CJ$41,MATCH($B42,'[2]Data 2022 to Oct24'!$B$2:$B$41),I$23)} -> 6863.93 | J42: {=INDEX('[2]Data 2022 to Oct24'!$E$2:$CJ$41,MATCH($B42,'[2]Data 2022 to Oct24'!$B$2:$B$41),J$23)} -> 914.37 | K42: {=INDEX('[2]Data 2022 to Oct24'!$E$2:$CJ$41,MATCH($B42,'[2]Data 2022 to Oct24'!$B$2:$B$41),K$23)} -> 0 | L42: {=INDEX('[2]Data 2022 to Oct24'!$E$2:$CJ$41,MATCH($B42,'[2]Data 2022 to Oct24'!$B$2:$B$41),L$23)} -> 0 | M42: {=INDEX('[2]Data 2022 to Oct24'!$E$2:$CJ$41,MATCH($B42,'[2]Data 2022 to Oct24'!$B$2:$B$41),M$23)} -> 0 | N42: {=INDEX('[2]Data 2022 to Oct24'!$E$2:$CJ$41,MATCH($B42,'[2]Data 2022 to Oct24'!$B$2:$B$41),N$23)} -> 225 | ... R42: {=INDEX('[2]Data 2022 to Oct24'!$E$2:$CJ$41,MATCH($B42,'[2]Data 2022 to Oct24'!$B$2:$B$41),R$23)} -> 0 | T42: =SUM($G42:G42) -> 0 | U42: =SUM($G42:H42) -> 0 | V42: =SUM($G42:I42) -> 6863.93 | W42: =SUM($G42:J42) -> 7778.3 | X42: =SUM($G42:K42) -> 7778.3 | Y42: =SUM($G42:L42) -> 7778.3 | Z42: =SUM($G42:M42) -> 7778.3 | AA42: =SUM($G42:N42) -> 8003.3 | ... AE42: =SUM($G42:R42) -> 8003.3
B43: 51158 | C43: Liberty Press | D43: =VLOOKUP($B43, Mapping!$A:$E, 5, 0) -> Other | E43: Yes | F43: No | G43: {=INDEX('[2]Data 2022 to Oct24'!$E$2:$CJ$41,MATCH($B43,'[2]Data 2022 to Oct24'!$B$2:$B$41),G$23)} -> 0 | H43: {=INDEX('[2]Data 2022 to Oct24'!$E$2:$CJ$41,MATCH($B43,'[2]Data 2022 to Oct24'!$B$2:$B$41),H$23)} -> 0 | I43: {=INDEX('[2]Data 2022 to Oct24'!$E$2:$CJ$41,MATCH($B43,'[2]Data 2022 to Oct24'!$B$2:$B$41),I$23)} -> 0 | J43: {=INDEX('[2]Data 2022 to Oct24'!$E$2:$CJ$41,MATCH($B43,'[2]Data 2022 to Oct24'!$B$2:$B$41),J$23)} -> 0 | K43: {=INDEX('[2]Data 2022 to Oct24'!$E$2:$CJ$41,MATCH($B43,'[2]Data 2022 to Oct24'!$B$2:$B$41),K$23)} -> 0 | L43: {=INDEX('[2]Data 2022 to Oct24'!$E$2:$CJ$41,MATCH($B43,'[2]Data 2022 to Oct24'!$B$2:$B$41),L$23)} -> 0 | M43: {=INDEX('[2]Data 2022 to Oct24'!$E$2:$CJ$41,MATCH($B43,'[2]Data 2022 to Oct24'!$B$2:$B$41),M$23)} -> 0 | N43: {=INDEX('[2]Data 2022 to Oct24'!$E$2:$CJ$41,MATCH($B43,'[2]Data 2022 to Oct24'!$B$2:$B$41),N$23)} -> 0 | ... R43: {=INDEX('[2]Data 2022 to Oct24'!$E$2:$CJ$41,MATCH($B43,'[2]Data 2022 to Oct24'!$B$2:$B$41),R$23)} -> 0 | T43: =SUM($G43:G43) -> 0 | U43: =SUM($G43:H43) -> 0 | V43: =SUM($G43:I43) -> 0 | W43: =SUM($G43:J43) -> 0 | X43: =SUM($G43:K43) -> 0 | Y43: =SUM($G43:L43) -> 0 | Z43: =SUM($G43:M43) -> 0 | AA43: =SUM($G43:N43) -> 0 | ... AE43: =SUM($G43:R43) -> 0
... B49: 53014 | C49: Oblique house of aesthetics; London | D49: =VLOOKUP($B49, Mapping!$A:$E, 5, 0) -> Spa | E49: No | F49: No | G49: {=INDEX('[2]Data 2022 to Oct24'!$E$2:$CJ$41,MATCH($B49,'[2]Data 2022 to Oct24'!$B$2:$B$41),G$23)} -> 0 | H49: {=INDEX('[2]Data 2022 to Oct24'!$E$2:$CJ$41,MATCH($B49,'[2]Data 2022 to Oct24'!$B$2:$B$41),H$23)} -> 0 | I49: {=INDEX('[2]Data 2022 to Oct24'!$E$2:$CJ$41,MATCH($B49,'[2]Data 2022 to Oct24'!$B$2:$B$41),I$23)} -> 0 | J49: {=INDEX('[2]Data 2022 to Oct24'!$E$2:$CJ$41,MATCH($B49,'[2]Data 2022 to Oct24'!$B$2:$B$41),J$23)} -> 0 | K49: {=INDEX('[2]Data 2022 to Oct24'!$E$2:$CJ$41,MATCH($B49,'[2]Data 2022 to Oct24'!$B$2:$B$41),K$23)} -> 0 | L49: {=INDEX('[2]Data 2022 to Oct24'!$E$2:$CJ$41,MATCH($B49,'[2]Data 2022 to Oct24'!$B$2:$B$41),L$23)} -> 0 | M49: {=INDEX('[2]Data 2022 to Oct24'!$E$2:$CJ$41,MATCH($B49,'[2]Data 2022 to Oct24'!$B$2:$B$41),M$23)} -> 0 | N49: {=INDEX('[2]Data 2022 to Oct24'!$E$2:$CJ$41,MATCH($B49,'[2]Data 2022 to Oct24'!$B$2:$B$41),N$23)} -> 0 | ... R49: {=INDEX('[2]Data 2022 to Oct24'!$E$2:$CJ$41,MATCH($B49,'[2]Data 2022 to Oct24'!$B$2:$B$41),R$23)} -> 0 | T49: =SUM($G49:G49) -> 0 | U49: =SUM($G49:H49) -> 0 | V49: =SUM($G49:I49) -> 0 | W49: =SUM($G49:J49) -> 0 | X49: =SUM($G49:K49) -> 0 | Y49: =SUM($G49:L49) -> 0 | Z49: =SUM($G49:M49) -> 0 | AA49: =SUM($G49:N49) -> 0 | ... AE49: =SUM($G49:R49) -> 0

Sheet 2023
D1: Retail
D2: in month sales | H2: =SUMIFS(H$25:H$76, $D$25:$D$76, $D$1) -> 3456.36 | I2: =SUMIFS(I$25:I$76, $D$25:$D$76, $D$1) -> 15075.98 | J2: =SUMIFS(J$25:J$76, $D$25:$D$76, $D$1) -> 11339.97 | K2: =SUMIFS(K$25:K$76, $D$25:$D$76, $D$1) -> 10523.67 | L2: =SUMIFS(L$25:L$76, $D$25:$D$76, $D$1) -> 25910.01 | M2: =SUMIFS(M$25:M$76, $D$25:$D$76, $D$1) -> 5428.43 | N2: =SUMIFS(N$25:N$76, $D$25:$D$76, $D$1) -> 5654.86 | O2: =SUMIFS(O$25:O$76, $D$25:$D$76, $D$1) -> 21514.27 | ... S2: =SUMIFS(S$25:S$76, $D$25:$D$76, $D$1) -> 4143.66
D3: YTD sales | H3: =SUM($H2:H2) -> 3456.36 | I3: =SUM($H2:I2) -> 18532.34 | J3: =SUM($H2:J2) -> 29872.31 | K3: =SUM($H2:K2) -> 40395.98 | L3: =SUM($H2:L2) -> 66305.99 | M3: =SUM($H2:M2) -> 71734.42 | N3: =SUM($H2:N2) -> 77389.28 | O3: =SUM($H2:O2) -> 98903.55 | ... S3: =SUM($H2:S2) -> 136899.78
D4: ordering in month | H4: =COUNTIFS(H$25:H$76,">0", $D$25:$D$76, $D$1) -> 1 | I4: =COUNTIFS(I$25:I$76,">0", $D$25:$D$76, $D$1) -> 3 | J4: =COUNTIFS(J$25:J$76,">0", $D$25:$D$76, $D$1) -> 2 | K4: =COUNTIFS(K$25:K$76,">0", $D$25:$D$76, $D$1) -> 3 | L4: =COUNTIFS(L$25:L$76,">0", $D$25:$D$76, $D$1) -> 2 | M4: =COUNTIFS(M$25:M$76,">0", $D$25:$D$76, $D$1) -> 2 | N4: =COUNTIFS(N$25:N$76,">0", $D$25:$D$76, $D$1) -> 2 | O4: =COUNTIFS(O$25:O$76,">0", $D$25:$D$76, $D$1) -> 2 | ... S4: =COUNTIFS(S$25:S$76,">0", $D$25:$D$76, $D$1) -> 2
D5: ordering YTD | H5: =COUNTIFS(U$25:U$76,">0", $D$25:$D$76, $D$1) -> 1 | I5: =COUNTIFS(V$25:V$76,">0", $D$25:$D$76, $D$1) -> 3 | J5: =COUNTIFS(W$25:W$76,">0", $D$25:$D$76, $D$1) -> 3 | K5: =COUNTIFS(X$25:X$76,">0", $D$25:$D$76, $D$1) -> 3 | L5: =COUNTIFS(Y$25:Y$76,">0", $D$25:$D$76, $D$1) -> 3 | M5: =COUNTIFS(Z$25:Z$76,">0", $D$25:$D$76, $D$1) -> 3 | N5: =COUNTIFS(AA$25:AA$76,">0", $D$25:$D$76, $D$1) -> 3 | O5: =COUNTIFS(AB$25:AB$76,">0", $D$25:$D$76, $D$1) -> 3 | ... S5: =COUNTIFS(AF$25:AF$76,">0", $D$25:$D$76, $D$1) -> 3
D6: Active doors | H6: =COUNTIFS($F$25:$F$76,"Yes", $D$25:$D$76, $D$1)+COUNTIFS( $G$25:$G$76, "<="&H$24, $D$25:$D$76, $D$1) -> 3 | I6: =COUNTIFS($F$25:$F$76,"Yes", $D$25:$D$76, $D$1)+COUNTIFS( $G$25:$G$76, "<="&I$24, $D$25:$D$76, $D$1) -> 3 | J6: =COUNTIFS($F$25:$F$76,"Yes", $D$25:$D$76, $D$1)+COUNTIFS( $G$25:$G$76, "<="&J$24, $D$25:$D$76, $D$1) -> 3 | K6: =COUNTIFS($F$25:$F$76,"Yes", $D$25:$D$76, $D$1)+COUNTIFS( $G$25:$G$76, "<="&K$24, $D$25:$D$76, $D$1) -> 3 | L6: =COUNTIFS($F$25:$F$76,"Yes", $D$25:$D$76, $D$1)+COUNTIFS( $G$25:$G$76, "<="&L$24, $D$25:$D$76, $D$1) -> 3 | M6: =COUNTIFS($F$25:$F$76,"Yes", $D$25:$D$76, $D$1)+COUNTIFS( $G$25:$G$76, "<="&M$24, $D$25:$D$76, $D$1) -> 3 | N6: =COUNTIFS($F$25:$F$76,"Yes", $D$25:$D$76, $D$1)+COUNTIFS( $G$25:$G$76, "<="&N$24, $D$25:$D$76, $D$1) -> 3 | O6: =COUNTIFS($F$25:$F$76,"Yes", $D$25:$D$76, $D$1)+COUNTIFS( $G$25:$G$76, "<="&O$24, $D$25:$D$76, $D$1) -> 3 | ... S6: =COUNTIFS($F$25:$F$76,"Yes", $D$25:$D$76, $D$1)+COUNTIFS( $G$25:$G$76, "<="&S$24, $D$25:$D$76, $D$1) -> 3
D7: New doors in month | H7: =COUNTIFS( $G$25:$G$76, H$24, $D$25:$D$76, $D$1) -> 0 | I7: =COUNTIFS( $G$25:$G$76, I$24, $D$25:$D$76, $D$1) -> 0 | J7: =COUNTIFS( $G$25:$G$76, J$24, $D$25:$D$76, $D$1) -> 0 | K7: =COUNTIFS( $G$25:$G$76, K$24, $D$25:$D$76, $D$1) -> 0 | L7: =COUNTIFS( $G$25:$G$76, L$24, $D$25:$D$76, $D$1) -> 0 | M7: =COUNTIFS( $G$25:$G$76, M$24, $D$25:$D$76, $D$1) -> 0 | N7: =COUNTIFS( $G$25:$G$76, N$24, $D$25:$D$76, $D$1) -> 0 | O7: =COUNTIFS( $G$25:$G$76, O$24, $D$25:$D$76, $D$1) -> 0 | ... S7: =COUNTIFS( $G$25:$G$76, S$24, $D$25:$D$76, $D$1) -> 0
D8: New doors YTD | H8: =SUM($H7:H7) -> 0 | I8: =SUM($H7:I7) -> 0 | J8: =SUM($H7:J7) -> 0 | K8: =SUM($H7:K7) -> 0 | L8: =SUM($H7:L7) -> 0 | M8: =SUM($H7:M7) -> 0 | N8: =SUM($H7:N7) -> 0 | O8: =SUM($H7:O7) -> 0 | ... S8: =SUM($H7:S7) -> 0
D9: New door sales in month | H9: =SUMIFS( H$25:H$76, $G$25:$G$76, H$24, $D$25:$D$76, $D$1) -> 0 | I9: =SUMIFS( I$25:I$76, $G$25:$G$76, I$24, $D$25:$D$76, $D$1) -> 0 | J9: =SUMIFS( J$25:J$76, $G$25:$G$76, J$24, $D$25:$D$76, $D$1) -> 0 | K9: =SUMIFS( K$25:K$76, $G$25:$G$76, K$24, $D$25:$D$76, $D$1) -> 0 | L9: =SUMIFS( L$25:L$76, $G$25:$G$76, L$24, $D$25:$D$76, $D$1) -> 0 | M9: =SUMIFS( M$25:M$76, $G$25:$G$76, M$24, $D$25:$D$76, $D$1) -> 0 | N9: =SUMIFS( N$25:N$76, $G$25:$G$76, N$24, $D$25:$D$76, $D$1) -> 0 | O9: =SUMIFS( O$25:O$76, $G$25:$G$76, O$24, $D$25:$D$76, $D$1) -> 0 | ... S9: =SUMIFS( S$25:S$76, $G$25:$G$76, S$24, $D$25:$D$76, $D$1) -> 0
D10: New door sales YTD | H10: =SUMIFS( U$25:U$76, $G$25:$G$76, "<="&H$24, $D$25:$D$76, $D$1) -> 0 | I10: =SUMIFS( V$25:V$76, $G$25:$G$76, "<="&I$24, $D$25:$D$76, $D$1) -> 0 | J10: =SUMIFS( W$25:W$76, $G$25:$G$76, "<="&J$24, $D$25:$D$76, $D$1) -> 0 | K10: =SUMIFS( X$25:X$76, $G$25:$G$76, "<="&K$24, $D$25:$D$76, $D$1) -> 0 | L10: =SUMIFS( Y$25:Y$76, $G$25:$G$76, "<="&L$24, $D$25:$D$76, $D$1) -> 0 | M10: =SUMIFS( Z$25:Z$76, $G$25:$G$76, "<="&M$24, $D$25:$D$76, $D$1) -> 0 | N10: =SUMIFS( AA$25:AA$76, $G$25:$G$76, "<="&N$24, $D$25:$D$76, $D$1) -> 0 | O10: =SUMIFS( AB$25:AB$76, $G$25:$G$76, "<="&O$24, $D$25:$D$76, $D$1) -> 0 | ... S10: =SUMIFS( AF$25:AF$76, $G$25:$G$76, "<="&S$24, $D$25:$D$76, $D$1) -> 0
D12: Spa
D13: in month sales | H13: =SUMIFS(H$25:H$76, $D$25:$D$76, $D$12) -> 0 | I13: =SUMIFS(I$25:I$76, $D$25:$D$76, $D$12) -> 0 | J13: =SUMIFS(J$25:J$76, $D$25:$D$76, $D$12) -> 0 | K13: =SUMIFS(K$25:K$76, $D$25:$D$76, $D$12) -> 0 | L13: =SUMIFS(L$25:L$76, $D$25:$D$76, $D$12) -> 0 | M13: =SUMIFS(M$25:M$76, $D$25:$D$76, $D$12) -> 0 | N13: =SUMIFS(N$25:N$76, $D$25:$D$76, $D$12) -> 0 | O13: =SUMIFS(O$25:O$76, $D$25:$D$76, $D$12) -> 0 | ... S13: =SUMIFS(S$25:S$76, $D$25:$D$76, $D$12) -> 7829.69
D14: YTD sales | H14: =SUM($H13:H13) -> 0 | I14: =SUM($H13:I13) -> 0 | J14: =SUM($H13:J13) -> 0 | K14: =SUM($H13:K13) -> 0 | L14: =SUM($H13:L13) -> 0 | M14: =SUM($H13:M13) -> 0 | N14: =SUM($H13:N13) -> 0 | O14: =SUM($H13:O13) -> 0 | ... S14: =SUM($H13:S13) -> 10096.47
D15: ordering in month | H15: =COUNTIFS(H$25:H$76,">0", $D$25:$D$76, $D$12) -> 0 | I15: =COUNTIFS(I$25:I$76,">0", $D$25:$D$76, $D$12) -> 0 | J15: =COUNTIFS(J$25:J$76,">0", $D$25:$D$76, $D$12) -> 0 | K15: =COUNTIFS(K$25:K$76,">0", $D$25:$D$76, $D$12) -> 0 | L15: =COUNTIFS(L$25:L$76,">0", $D$25:$D$76, $D$12) -> 0 | M15: =COUNTIFS(M$25:M$76,">0", $D$25:$D$76, $D$12) -> 0 | N15: =COUNTIFS(N$25:N$76,">0", $D$25:$D$76, $D$12) -> 0 | O15: =COUNTIFS(O$25:O$76,">0", $D$25:$D$76, $D$12) -> 0 | ... S15: =COUNTIFS(S$25:S$76,">0", $D$25:$D$76, $D$12) -> 2
D16: ordering YTD | H16: =COUNTIFS(U$25:U$76,">0", $D$25:$D$76, $D$12) -> 0 | I16: =COUNTIFS(V$25:V$76,">0", $D$25:$D$76, $D$12) -> 0 | J16: =COUNTIFS(W$25:W$76,">0", $D$25:$D$76, $D$12) -> 0 | K16: =COUNTIFS(X$25:X$76,">0", $D$25:$D$76, $D$12) -> 0 | L16: =COUNTIFS(Y$25:Y$76,">0", $D$25:$D$76, $D$12) -> 0 | M16: =COUNTIFS(Z$25:Z$76,">0", $D$25:$D$76, $D$12) -> 0 | N16: =COUNTIFS(AA$25:AA$76,">0", $D$25:$D$76, $D$12) -> 0 | O16: =COUNTIFS(AB$25:AB$76,">0", $D$25:$D$76, $D$12) -> 0 | ... S16: =COUNTIFS(AF$25:AF$76,">0", $D$25:$D$76, $D$12) -> 3
D17: Active doors | H17: =COUNTIFS($F$25:$F$76,"Yes", $D$25:$D$76, $D$12)+COUNTIFS( $G$25:$G$76, "<="&H$24, $D$25:$D$76, $D$12) -> 0 | I17: =COUNTIFS($F$25:$F$76,"Yes", $D$25:$D$76, $D$12)+COUNTIFS( $G$25:$G$76, "<="&I$24, $D$25:$D$76, $D$12) -> 0 | J17: =COUNTIFS($F$25:$F$76,"Yes", $D$25:$D$76, $D$12)+COUNTIFS( $G$25:$G$76, "<="&J$24, $D$25:$D$76, $D$12) -> 0 | K17: =COUNTIFS($F$25:$F$76,"Yes", $D$25:$D$76, $D$12)+COUNTIFS( $G$25:$G$76, "<="&K$24, $D$25:$D$76, $D$12) -> 0 | L17: =COUNTIFS($F$25:$F$76,"Yes", $D$25:$D$76, $D$12)+COUNTIFS( $G$25:$G$76, "<="&L$24, $D$25:$D$76, $D$12) -> 0 | M17: =COUNTIFS($F$25:$F$76,"Yes", $D$25:$D$76, $D$12)+COUNTIFS( $G$25:$G$76, "<="&M$24, $D$25:$D$76, $D$12) -> 0 | N17: =COUNTIFS($F$25:$F$76,"Yes", $D$25:$D$76, $D$12)+COUNTIFS( $G$25:$G$76, "<="&N$24, $D$25:$D$76, $D$12) -> 0 | O17: =COUNTIFS($F$25:$F$76,"Yes", $D$25:$D$76, $D$12)+COUNTIFS( $G$25:$G$76, "<="&O$24, $D$25:$D$76, $D$12) -> 0 | ... S17: =COUNTIFS($F$25:$F$76,"Yes", $D$25:$D$76, $D$12)+COUNTIFS( $G$25:$G$76, "<="&S$24, $D$25:$D$76, $D$12) -> 3
D18: New doors in month | H18: =COUNTIFS( $G$25:$G$76, H$24, $D$25:$D$76, $D$12) -> 0 | I18: =COUNTIFS( $G$25:$G$76, I$24, $D$25:$D$76, $D$12) -> 0 | J18: =COUNTIFS( $G$25:$G$76, J$24, $D$25:$D$76, $D$12) -> 0 | K18: =COUNTIFS( $G$25:$G$76, K$24, $D$25:$D$76, $D$12) -> 0 | L18: =COUNTIFS( $G$25:$G$76, L$24, $D$25:$D$76, $D$12) -> 0 | M18: =COUNTIFS( $G$25:$G$76, M$24, $D$25:$D$76, $D$12) -> 0 | N18: =COUNTIFS( $G$25:$G$76, N$24, $D$25:$D$76, $D$12) -> 0 | O18: =COUNTIFS( $G$25:$G$76, O$24, $D$25:$D$76, $D$12) -> 0 | ... S18: =COUNTIFS( $G$25:$G$76, S$24, $D$25:$D$76, $D$12) -> 2
D19: New doors YTD | H19: =SUM($H18:H18) -> 0 | I19: =SUM($H18:I18) -> 0 | J19: =SUM($H18:J18) -> 0 | K19: =SUM($H18:K18) -> 0 | L19: =SUM($H18:L18) -> 0 | M19: =SUM($H18:M18) -> 0 | N19: =SUM($H18:N18) -> 0 | O19: =SUM($H18:O18) -> 0 | ... S19: =SUM($H18:S18) -> 3
D20: New door sales in month | H20: =SUMIFS( H$25:H$76, $G$25:$G$76, H$24, $D$25:$D$76, $D$12) -> 0 | I20: =SUMIFS( I$25:I$76, $G$25:$G$76, I$24, $D$25:$D$76, $D$12) -> 0 | J20: =SUMIFS( J$25:J$76, $G$25:$G$76, J$24, $D$25:$D$76, $D$12) -> 0 | K20: =SUMIFS( K$25:K$76, $G$25:$G$76, K$24, $D$25:$D$76, $D$12) -> 0 | L20: =SUMIFS( L$25:L$76, $G$25:$G$76, L$24, $D$25:$D$76, $D$12) -> 0 | M20: =SUMIFS( M$25:M$76, $G$25:$G$76, M$24, $D$25:$D$76, $D$12) -> 0 | N20: =SUMIFS( N$25:N$76, $G$25:$G$76, N$24, $D$25:$D$76, $D$12) -> 0 | O20: =SUMIFS( O$25:O$76, $G$25:$G$76, O$24, $D$25:$D$76, $D$12) -> 0 | ... S20: =SUMIFS( S$25:S$76, $G$25:$G$76, S$24, $D$25:$D$76, $D$12) -> 7829.69
D21: New door sales YTD | H21: =SUMIFS( U$25:U$76, $G$25:$G$76, "<="&H$24, $D$25:$D$76, $D$12) -> 0 | I21: =SUMIFS( V$25:V$76, $G$25:$G$76, "<="&I$24, $D$25:$D$76, $D$12) -> 0 | J21: =SUMIFS( W$25:W$76, $G$25:$G$76, "<="&J$24, $D$25:$D$76, $D$12) -> 0 | K21: =SUMIFS( X$25:X$76, $G$25:$G$76, "<="&K$24, $D$25:$D$76, $D$12) -> 0 | L21: =SUMIFS( Y$25:Y$76, $G$25:$G$76, "<="&L$24, $D$25:$D$76, $D$12) -> 0 | M21: =SUMIFS( Z$25:Z$76, $G$25:$G$76, "<="&M$24, $D$25:$D$76, $D$12) -> 0 | N21: =SUMIFS( AA$25:AA$76, $G$25:$G$76, "<="&N$24, $D$25:$D$76, $D$12) -> 0 | O21: =SUMIFS( AB$25:AB$76, $G$25:$G$76, "<="&O$24, $D$25:$D$76, $D$12) -> 0 | ... S21: =SUMIFS( AF$25:AF$76, $G$25:$G$76, "<="&S$24, $D$25:$D$76, $D$12) -> 10096.47
H23: 37 | I23: =H23+3 -> 40 | J23: =I23+3 -> 43 | K23: =J23+3 -> 46 | L23: =K23+3 -> 49 | M23: =L23+3 -> 52 | N23: =M23+3 -> 55 | O23: =N23+3 -> 58 | P23: =O23+3 -> 61 | ... S23: =R23+3 -> 70
D24: Mapping | E24: Mapping 2 | F24: Active in PY? | G24: New in year | H24: 44927 | I24: 44958 | J24: 44986 | K24: 45017 | L24: 45047 | M24: 45078 | N24: 45108 | O24: 45139 | P24: 45170 | Q24: 45200 | R24: 45231 | S24: 45261
B25: 51101 | C25: Liberty | D25: =VLOOKUP($B25, Mapping!$A:$E, 5, 0) -> Retail | E25: =IF(D25="Spa",VLOOKUP($B25,Mapping!$A:$D,4,0), D25) -> Retail | F25: Yes | G25: No | H25: {=INDEX('[2]Data 2022 to Oct24'!$E$2:$CJ$41,MATCH($B25,'[2]Data 2022 to Oct24'!$B$2:$B$41),H$23)} -> 0 | I25: {=INDEX('[2]Data 2022 to Oct24'!$E$2:$CJ$41,MATCH($B25,'[2]Data 2022 to Oct24'!$B$2:$B$41),I$23)} -> 11174.34 | J25: {=INDEX('[2]Data 2022 to Oct24'!$E$2:$CJ$41,MATCH($B25,'[2]Data 2022 to Oct24'!$B$2:$B$41),J$23)} -> 6360.22 | K25: {=INDEX('[2]Data 2022 to Oct24'!$E$2:$CJ$41,MATCH($B25,'[2]Data 2022 to Oct24'!$B$2:$B$41),K$23)} -> 8054.93 | L25: {=INDEX('[2]Data 2022 to Oct24'!$E$2:$CJ$41,MATCH($B25,'[2]Data 2022 to Oct24'!$B$2:$B$41),L$23)} -> 23429.8 | M25: {=INDEX('[2]Data 2022 to Oct24'!$E$2:$CJ$41,MATCH($B25,'[2]Data 2022 to Oct24'!$B$2:$B$41),M$23)} -> 4147.08 | N25: {=INDEX('[2]Data 2022 to Oct24'!$E$2:$CJ$41,MATCH($B25,'[2]Data 2022 to Oct24'!$B$2:$B$41),N$23)} -> 4586.91 | O25: {=INDEX('[2]Data 2022 to Oct24'!$E$2:$CJ$41,MATCH($B25,'[2]Data 2022 to Oct24'!$B$2:$B$41),O$23)} -> 18599.96 | ... S25: {=INDEX('[2]Data 2022 to Oct24'!$E$2:$CJ$41,MATCH($B25,'[2]Data 2022 to Oct24'!$B$2:$B$41),S$23)} -> 3934.31 | U25: =SUM($H25:H25) -> 0 | V25: =SUM($H25:I25) -> 11174.34 | W25: =SUM($H25:J25) -> 17534.56 | X25: =SUM($H25:K25) -> 25589.49 | Y25: =SUM($H25:L25) -> 49019.29 | Z25: =SUM($H25:M25) -> 53166.37 | AA25: =SUM($H25:N25) -> 57753.28 | AB25: =SUM($H25:O25) -> 76353.24 | ... AF25: =SUM($H25:S25) -> 108670.28
B26: 51172 | C26: Harrods (UK) Ltd. | D26: =VLOOKUP($B26, Mapping!$A:$E, 5, 0) -> Retail | E26: =IF(D26="Spa",VLOOKUP($B26,Mapping!$A:$D,4,0), D26) -> Retail | F26: Yes | G26: No | H26: {=INDEX('[2]Data 2022 to Oct24'!$E$2:$CJ$41,MATCH($B26,'[2]Data 2022 to Oct24'!$B$2:$B$41),H$23)} -> 3456.36 | I26: {=INDEX('[2]Data 2022 to Oct24'!$E$2:$CJ$41,MATCH($B26,'[2]Data 2022 to Oct24'!$B$2:$B$41),I$23)} -> 2799.14 | J26: {=INDEX('[2]Data 2022 to Oct24'!$E$2:$CJ$41,MATCH($B26,'[2]Data 2022 to Oct24'!$B$2:$B$41),J$23)} -> 4979.75 | K26: {=INDEX('[2]Data 2022 to Oct24'!$E$2:$CJ$41,MATCH($B26,'[2]Data 2022 to Oct24'!$B$2:$B$41),K$23)} -> 1321.18 | L26: {=INDEX('[2]Data 2022 to Oct24'!$E$2:$CJ$41,MATCH($B26,'[2]Data 2022 to Oct24'!$B$2:$B$41),L$23)} -> 2480.21 | M26: {=INDEX('[2]Data 2022 to Oct24'!$E$2:$CJ$41,MATCH($B26,'[2]Data 2022 to Oct24'!$B$2:$B$41),M$23)} -> 1281.35 | N26: {=INDEX('[2]Data 2022 to Oct24'!$E$2:$CJ$41,MATCH($B26,'[2]Data 2022 to Oct24'!$B$2:$B$41),N$23)} -> 1067.95 | O26: {=INDEX('[2]Data 2022 to Oct24'!$E$2:$CJ$41,MATCH($B26,'[2]Data 2022 to Oct24'!$B$2:$B$41),O$23)} -> 2914.31 | ... S26: {=INDEX('[2]Data 2022 to Oct24'!$E$2:$CJ$41,MATCH($B26,'[2]Data 2022 to Oct24'!$B$2:$B$41),S$23)} -> -1067.57 | U26: =SUM($H26:H26) -> 3456.36 | V26: =SUM($H26:I26) -> 6255.5 | W26: =SUM($H26:J26) -> 11235.25 | X26: =SUM($H26:K26) -> 12556.43 | Y26: =SUM($H26:L26) -> 15036.64 | Z26: =SUM($H26:M26) -> 16317.99 | AA26: =SUM($H26:N26) -> 17385.94 | AB26: =SUM($H26:O26) -> 20300.25 | ... AF26: =SUM($H26:S26) -> 24702.52
B27: 51175 | C27: The Hut.com Ltd; Poland | D27: =VLOOKUP($B27, Mapping!$A:$E, 5, 0) -> eTailers | E27: =IF(D27="Spa",VLOOKUP($B27,Mapping!$A:$D,4,0), D27) -> eTailers | F27: Yes | G27: No | H27: {=INDEX('[2]Data 2022 to Oct24'!$E$2:$CJ$41,MATCH($B27,'[2]Data 2022 to Oct24'!$B$2:$B$41),H$23)} -> 19307.61 | I27: {=INDEX('[2]Data 2022 to Oct24'!$E$2:$CJ$41,MATCH($B27,'[2]Data 2022 to Oct24'!$B$2:$B$41),I$23)} -> 0 | J27: {=INDEX('[2]Data 2022 to Oct24'!$E$2:$CJ$41,MATCH($B27,'[2]Data 2022 to Oct24'!$B$2:$B$41),J$23)} -> 19307.61 | K27: {=INDEX('[2]Data 2022 to Oct24'!$E$2:$CJ$41,MATCH($B27,'[2]Data 2022 to Oct24'!$B$2:$B$41),K$23)} -> 7865.55 | L27: {=INDEX('[2]Data 2022 to Oct24'!$E$2:$CJ$41,MATCH($B27,'[2]Data 2022 to Oct24'!$B$2:$B$41),L$23)} -> -853.15 | M27: {=INDEX('[2]Data 2022 to Oct24'!$E$2:$CJ$41,MATCH($B27,'[2]Data 2022 to Oct24'!$B$2:$B$41),M$23)} -> 0 | N27: {=INDEX('[2]Data 2022 to Oct24'!$E$2:$CJ$41,MATCH($B27,'[2]Data 2022 to Oct24'!$B$2:$B$41),N$23)} -> 0 | O27: {=INDEX('[2]Data 2022 to Oct24'!$E$2:$CJ$41,MATCH($B27,'[2]Data 2022 to Oct24'!$B$2:$B$41),O$23)} -> 1379.28 | ... S27: {=INDEX('[2]Data 2022 to Oct24'!$E$2:$CJ$41,MATCH($B27,'[2]Data 2022 to Oct24'!$B$2:$B$41),S$23)} -> -154.35 | U27: =SUM($H27:H27) -> 19307.61 | V27: =SUM($H27:I27) -> 19307.61 | W27: =SUM($H27:J27) -> 38615.22 | X27: =SUM($H27:K27) -> 46480.77 | Y27: =SUM($H27:L27) -> 45627.62 | Z27: =SUM($H27:M27) -> 45627.62 | AA27: =SUM($H27:N27) -> 45627.62 | AB27: =SUM($H27:O27) -> 47006.9 | ... AF27: =SUM($H27:S27) -> 45672.35
B28: 51176 | C28: The Hut.com Ltd; GB | D28: =VLOOKUP($B28, Mapping!$A:$E, 5, 0) -> eTailers | E28: =IF(D28="Spa",VLOOKUP($B28,Mapping!$A:$D,4,0), D28) -> eTailers | F28: Yes | G28: No | H28: {=INDEX('[2]Data 2022 to Oct24'!$E$2:$CJ$41,MATCH($B28,'[2]Data 2022 to Oct24'!$B$2:$B$41),H$23)} -> 1820.07 | I28: {=INDEX('[2]Data 2022 to Oct24'!$E$2:$CJ$41,MATCH($B28,'[2]Data 2022 to Oct24'!$B$2:$B$41),I$23)} -> 13190.11 | J28: {=INDEX('[2]Data 2022 to Oct24'!$E$2:$CJ$41,MATCH($B28,'[2]Data 2022 to Oct24'!$B$2:$B$41),J$23)} -> 7708.89 | K28: {=INDEX('[2]Data 2022 to Oct24'!$E$2:$CJ$41,MATCH($B28,'[2]Data 2022 to Oct24'!$B$2:$B$41),K$23)} -> 0 | L28: {=INDEX('[2]Data 2022 to Oct24'!$E$2:$CJ$41,MATCH($B28,'[2]Data 2022 to Oct24'!$B$2:$B$41),L$23)} -> 496.86 | M28: {=INDEX('[2]Data 2022 to Oct24'!$E$2:$CJ$41,MATCH($B28,'[2]Data 2022 to Oct24'!$B$2:$B$41),M$23)} -> 1231.02 | N28: {=INDEX('[2]Data 2022 to Oct24'!$E$2:$CJ$41,MATCH($B28,'[2]Data 2022 to Oct24'!$B$2:$B$41),N$23)} -> 0 | O28: {=INDEX('[2]Data 2022 to Oct24'!$E$2:$CJ$41,MATCH($B28,'[2]Data 2022 to Oct24'!$B$2:$B$41),O$23)} -> 2157.18 | ... S28: {=INDEX('[2]Data 2022 to Oct24'!$E$2:$CJ$41,MATCH($B28,'[2]Data 2022 to Oct24'!$B$2:$B$41),S$23)} -> -1255.88 | U28: =SUM($H28:H28) -> 1820.07 | V28: =SUM($H28:I28) -> 15010.18 | W28: =SUM($H28:J28) -> 22719.07 | X28: =SUM($H28:K28) -> 22719.07 | Y28: =SUM($H28:L28) -> 23215.93 | Z28: =SUM($H28:M28) -> 24446.95 | AA28: =SUM($H28:N28) -> 24446.95 | AB28: =SUM($H28:O28) -> 26604.13 | ... AF28: =SUM($H28:S28) -> 31366.93
B29: 51177 | C29: Net-A-Porter; London GB | D29: =VLOOKUP($B29, Mapping!$A:$E, 5, 0) -> eTailers | E29: =IF(D29="Spa",VLOOKUP($B29,Mapping!$A:$D,4,0), D29) -> eTailers | F29: Yes | G29: No | H29: {=INDEX('[2]Data 2022 to Oct24'!$E$2:$CJ$41,MATCH($B29,'[2]Data 2022 to Oct24'!$B$2:$B$41),H$23)} -> 0 | I29: {=INDEX('[2]Data 2022 to Oct24'!$E$2:$CJ$41,MATCH($B29,'[2]Data 2022 to Oct24'!$B$2:$B$41),I$23)} -> 7490.94 | J29: {=INDEX('[2]Data 2022 to Oct24'!$E$2:$CJ$41,MATCH($B29,'[2]Data 2022 to Oct24'!$B$2:$B$41),J$23)} -> 0 | K29: {=INDEX('[2]Data 2022 to Oct24'!$E$2:$CJ$41,MATCH($B29,'[2]Data 2022 to Oct24'!$B$2:$B$41),K$23)} -> 0 | L29: {=INDEX('[2]Data 2022 to Oct24'!$E$2:$CJ$41,MATCH($B29,'[2]Data 2022 to Oct24'!$B$2:$B$41),L$23)} -> 0 | M29: {=INDEX('[2]Data 2022 to Oct24'!$E$2:$CJ$41,MATCH($B29,'[2]Data 2022 to Oct24'!$B$2:$B$41),M$23)} -> 3220.55 | N29: {=INDEX('[2]Data 2022 to Oct24'!$E$2:$CJ$41,MATCH($B29,'[2]Data 2022 to Oct24'!$B$2:$B$41),N$23)} -> 0 | O29: {=INDEX('[2]Data 2022 to Oct24'!$E$2:$CJ$41,MATCH($B29,'[2]Data 2022 to Oct24'!$B$2:$B$41),O$23)} -> 0 | ... S29: {=INDEX('[2]Data 2022 to Oct24'!$E$2:$CJ$41,MATCH($B29,'[2]Data 2022 to Oct24'!$B$2:$B$41),S$23)} -> -7006.05 | U29: =SUM($H29:H29) -> 0 | V29: =SUM($H29:I29) -> 7490.94 | W29: =SUM($H29:J29) -> 7490.94 | X29: =SUM($H29:K29) -> 7490.94 | Y29: =SUM($H29:L29) -> 7490.94 | Z29: =SUM($H29:M29) -> 10711.49 | AA29: =SUM($H29:N29) -> 10711.49 | AB29: =SUM($H29:O29) -> 10711.49 | ... AF29: =SUM($H29:S29) -> 6665.85
B30: 51179 | C30: Net-A-Porter; Hong Kong | D30: =VLOOKUP($B30, Mapping!$A:$E, 5, 0) -> eTailers | E30: =IF(D30="Spa",VLOOKUP($B30,Mapping!$A:$D,4,0), D30) -> eTailers | F30: Yes | G30: No | H30: {=INDEX('[2]Data 2022 to Oct24'!$E$2:$CJ$41,MATCH($B30,'[2]Data 2022 to Oct24'!$B$2:$B$41),H$23)} -> 0 | I30: {=INDEX('[2]Data 2022 to Oct24'!$E$2:$CJ$41,MATCH($B30,'[2]Data 2022 to Oct24'!$B$2:$B$41),I$23)} -> -415.08 | J30: {=INDEX('[2]Data 2022 to Oct24'!$E$2:$CJ$41,MATCH($B30,'[2]Data 2022 to Oct24'!$B$2:$B$41),J$23)} -> 2321.93 | K30: {=INDEX('[2]Data 2022 to Oct24'!$E$2:$CJ$41,MATCH($B30,'[2]Data 2022 to Oct24'!$B$2:$B$41),K$23)} -> 0 | L30: {=INDEX('[2]Data 2022 to Oct24'!$E$2:$CJ$41,MATCH($B30,'[2]Data 2022 to Oct24'!$B$2:$B$41),L$23)} -> 0 | M30: {=INDEX('[2]Data 2022 to Oct24'!$E$2:$CJ$41,MATCH($B30,'[2]Data 2022 to Oct24'!$B$2:$B$41),M$23)} -> 1693.2 | N30: {=INDEX('[2]Data 2022 to Oct24'!$E$2:$CJ$41,MATCH($B30,'[2]Data 2022 to Oct24'!$B$2:$B$41),N$23)} -> 0 | O30: {=INDEX('[2]Data 2022 to Oct24'!$E$2:$CJ$41,MATCH($B30,'[2]Data 2022 to Oct24'!$B$2:$B$41),O$23)} -> 0 | ... S30: {=INDEX('[2]Data 2022 to Oct24'!$E$2:$CJ$41,MATCH($B30,'[2]Data 2022 to Oct24'!$B$2:$B$41),S$23)} -> 0 | U30: =SUM($H30:H30) -> 0 | V30: =SUM($H30:I30) -> -415.08 | W30: =SUM($H30:J30) -> 1906.85 | X30: =SUM($H30:K30) -> 1906.85 | Y30: =SUM($H30:L30) -> 1906.85 | Z30: =SUM($H30:M30) -> 3600.05 | AA30: =SUM($H30:N30) -> 3600.05 | AB30: =SUM($H30:O30) -> 3600.05 | ... AF30: =SUM($H30:S30) -> 3600.05
B31: 51183 | C31: John Bell & Croyden, London | D31: =VLOOKUP($B31, Mapping!$A:$E, 5, 0) -> Retail | E31: =IF(D31="Spa",VLOOKUP($B31,Mapping!$A:$D,4,0), D31) -> Retail | F31: Yes | G31: No | H31: {=INDEX('[2]Data 2022 to Oct24'!$E$2:$CJ$41,MATCH($B31,'[2]Data 2022 to Oct24'!$B$2:$B$41),H$23)} -> 0 | I31: {=INDEX('[2]Data 2022 to Oct24'!$E$2:$CJ$41,MATCH($B31,'[2]Data 2022 to Oct24'!$B$2:$B$41),I$23)} -> 1102.5 | J31: {=INDEX('[2]Data 2022 to Oct24'!$E$2:$CJ$41,MATCH($B31,'[2]Data 2022 to Oct24'!$B$2:$B$41),J$23)} -> 0 | K31: {=INDEX('[2]Data 2022 to Oct24'!$E$2:$CJ$41,MATCH($B31,'[2]Data 2022 to Oct24'!$B$2:$B$41),K$23)} -> 1147.56 | L31: {=INDEX('[2]Data 2022 to Oct24'!$E$2:$CJ$41,MATCH($B31,'[2]Data 2022 to Oct24'!$B$2:$B$41),L$23)} -> 0 | M31: {=INDEX('[2]Data 2022 to Oct24'!$E$2:$CJ$41,MATCH($B31,'[2]Data 2022 to Oct24'!$B$2:$B$41),M$23)} -> 0 | N31: {=INDEX('[2]Data 2022 to Oct24'!$E$2:$CJ$41,MATCH($B31,'[2]Data 2022 to Oct24'!$B$2:$B$41),N$23)} -> 0 | O31: {=INDEX('[2]Data 2022 to Oct24'!$E$2:$CJ$41,MATCH($B31,'[2]Data 2022 to Oct24'!$B$2:$B$41),O$23)} -> 0 | ... S31: {=INDEX('[2]Data 2022 to Oct24'!$E$2:$CJ$41,MATCH($B31,'[2]Data 2022 to Oct24'!$B$2:$B$41),S$23)} -> 1276.92 | U31: =SUM($H31:H31) -> 0 | V31: =SUM($H31:I31) -> 1102.5 | W31: =SUM($H31:J31) -> 1102.5 | X31: =SUM($H31:K31) -> 2250.06 | Y31: =SUM($H31:L31) -> 2250.06 | Z31: =SUM($H31:M31) -> 2250.06 | AA31: =SUM($H31:N31) -> 2250.06 | AB31: =SUM($H31:O31) -> 2250.06 | ... AF31: =SUM($H31:S31) -> 3526.98
B32: 51206 | C32: DESCOMED GB, London (Personal BlueGem) | D32: =VLOOKUP($B32, Mapping!$A:$E, 5, 0) -> Other | E32: =IF(D32="Spa",VLOOKUP($B32,Mapping!$A:$D,4,0), D32) -> Other | F32: Yes | G32: No | H32: {=INDEX('[2]Data 2022 to Oct24'!$E$2:$CJ$41,MATCH($B32,'[2]Data 2022 to Oct24'!$B$2:$B$41),H$23)} -> 717.3 | I32: {=INDEX('[2]Data 2022 to Oct24'!$E$2:$CJ$41,MATCH($B32,'[2]Data 2022 to Oct24'!$B$2:$B$41),I$23)} -> 0 | J32: {=INDEX('[2]Data 2022 to Oct24'!$E$2:$CJ$41,MATCH($B32,'[2]Data 2022 to Oct24'!$B$2:$B$41),J$23)} -> 139.53 | K32: {=INDEX('[2]Data 2022 to Oct24'!$E$2:$CJ$41,MATCH($B32,'[2]Data 2022 to Oct24'!$B$2:$B$41),K$23)} -> 119.64 | L32: {=INDEX('[2]Data 2022 to Oct24'!$E$2:$CJ$41,MATCH($B32,'[2]Data 2022 to Oct24'!$B$2:$B$41),L$23)} -> 0 | M32: {=INDEX('[2]Data 2022 to Oct24'!$E$2:$CJ$41,MATCH($B32,'[2]Data 2022 to Oct24'!$B$2:$B$41),M$23)} -> 30.87 | N32: {=INDEX('[2]Data 2022 to Oct24'!$E$2:$CJ$41,MATCH($B32,'[2]Data 2022 to Oct24'!$B$2:$B$41),N$23)} -> 0 | O32: {=INDEX('[2]Data 2022 to Oct24'!$E$2:$CJ$41,MATCH($B32,'[2]Data 2022 to Oct24'!$B$2:$B$41),O$23)} -> 140.84 | ... S32: {=INDEX('[2]Data 2022 to Oct24'!$E$2:$CJ$41,MATCH($B32,'[2]Data 2022 to Oct24'!$B$2:$B$41),S$23)} -> 411.65 | U32: =SUM($H32:H32) -> 717.3 | V32: =SUM($H32:I32) -> 717.3 | W32: =SUM($H32:J32) -> 856.83 | X32: =SUM($H32:K32) -> 976.47 | Y32: =SUM($H32:L32) -> 976.47 | Z32: =SUM($H32:M32) -> 1007.34 | AA32: =SUM($H32:N32) -> 1007.34 | AB32: =SUM($H32:O32) -> 1148.18 | ... AF32: =SUM($H32:S32) -> 1604.24
B33: 53008 | C33: Saintly Skin;Frederika Van Hagan | D33: =VLOOKUP($B33, Mapping!$A:$E, 5, 0) -> Other | E33: =IF(D33="Spa",VLOOKUP($B33,Mapping!$A:$D,4,0), D33) -> Other | F33: Yes | G33: No | H33: {=INDEX('[2]Data 2022 to Oct24'!$E$2:$CJ$41,MATCH($B33,'[2]Data 2022 to Oct24'!$B$2:$B$41),H$23)} -> 596.84 | I33: {=INDEX('[2]Data 2022 to Oct24'!$E$2:$CJ$41,MATCH($B33,'[2]Data 2022 to Oct24'!$B$2:$B$41),I$23)} -> 0 | J33: {=INDEX('[2]Data 2022 to Oct24'!$E$2:$CJ$41,MATCH($B33,'[2]Data 2022 to Oct24'!$B$2:$B$41),J$23)} -> 984.7 | K33: {=INDEX('[2]Data 2022 to Oct24'!$E$2:$CJ$41,MATCH($B33,'[2]Data 2022 to Oct24'!$B$2:$B$41),K$23)} -> 0 | L33: {=INDEX('[2]Data 2022 to Oct24'!$E$2:$CJ$41,MATCH($B33,'[2]Data 2022 to Oct24'!$B$2:$B$41),L$23)} -> 0 | M33: {=INDEX('[2]Data 2022 to Oct24'!$E$2:$CJ$41,MATCH($B33,'[2]Data 2022 to Oct24'!$B$2:$B$41),M$23)} -> 0 | N33: {=INDEX('[2]Data 2022 to Oct24'!$E$2:$CJ$41,MATCH($B33,'[2]Data 2022 to Oct24'!$B$2:$B$41),N$23)} -> 0 | O33: {=INDEX('[2]Data 2022 to Oct24'!$E$2:$CJ$41,MATCH($B33,'[2]Data 2022 to Oct24'!$B$2:$B$41),O$23)} -> 0 | ... S33: {=INDEX('[2]Data 2022 to Oct24'!$E$2:$CJ$41,MATCH($B33,'[2]Data 2022 to Oct24'!$B$2:$B$41),S$23)} -> 289.54 | U33: =SUM($H33:H33) -> 596.84 | V33: =SUM($H33:I33) -> 596.84 | W33: =SUM($H33:J33) -> 1581.54 | X33: =SUM($H33:K33) -> 1581.54 | Y33: =SUM($H33:L33) -> 1581.54 | Z33: =SUM($H33:M33) -> 1581.54 | AA33: =SUM($H33:N33) -> 1581.54 | AB33: =SUM($H33:O33) -> 1581.54 | ... AF33: =SUM($H33:S33) -> 1871.08
B34: 53011 | C34: Liliana Fernandes | D34: =VLOOKUP($B34, Mapping!$A:$E, 5, 0) -> Other | E34: =IF(D34="Spa",VLOOKUP($B34,Mapping!$A:$D,4,0), D34) -> Other | F34: Yes | G34: No | H34: {=INDEX('[2]Data 2022 to Oct24'!$E$2:$CJ$41,MATCH($B34,'[2]Data 2022 to Oct24'!$B$2:$B$41),H$23)} -> 1341.82 | I34: {=INDEX('[2]Data 2022 to Oct24'!$E$2:$CJ$41,MATCH($B34,'[2]Data 2022 to Oct24'!$B$2:$B$41),I$23)} -> 0 | J34: {=INDEX('[2]Data 2022 to Oct24'!$E$2:$CJ$41,MATCH($B34,'[2]Data 2022 to Oct24'!$B$2:$B$41),J$23)} -> 0 | K34: {=INDEX('[2]Data 2022 to Oct24'!$E$2:$CJ$41,MATCH($B34,'[2]Data 2022 to Oct24'!$B$2:$B$41),K$23)} -> 0 | L34: {=INDEX('[2]Data 2022 to Oct24'!$E$2:$CJ$41,MATCH($B34,'[2]Data 2022 to Oct24'!$B$2:$B$41),L$23)} -> 0 | M34: {=INDEX('[2]Data 2022 to Oct24'!$E$2:$CJ$41,MATCH($B34,'[2]Data 2022 to Oct24'!$B$2:$B$41),M$23)} -> 0 | N34: {=INDEX('[2]Data 2022 to Oct24'!$E$2:$CJ$41,MATCH($B34,'[2]Data 2022 to Oct24'!$B$2:$B$41),N$23)} -> 0 | O34: {=INDEX('[2]Data 2022 to Oct24'!$E$2:$CJ$41,MATCH($B34,'[2]Data 2022 to Oct24'!$B$2:$B$41),O$23)} -> 0 | ... S34: {=INDEX('[2]Data 2022 to Oct24'!$E$2:$CJ$41,MATCH($B34,'[2]Data 2022 to Oct24'!$B$2:$B$41),S$23)} -> 0 | U34: =SUM($H34:H34) -> 1341.82 | V34: =SUM($H34:I34) -> 1341.82 | W34: =SUM($H34:J34) -> 1341.82 | X34: =SUM($H34:K34) -> 1341.82 | Y34: =SUM($H34:L34) -> 1341.82 | Z34: =SUM($H34:M34) -> 1341.82 | AA34: =SUM($H34:N34) -> 1341.82 | AB34: =SUM($H34:O34) -> 1341.82 | ... AF34: =SUM($H34:S34) -> 1341.82
B35: 53012 | C35: Virginie Alvarez | D35: =VLOOKUP($B35, Mapping!$A:$E, 5, 0) -> Other | E35: =IF(D35="Spa",VLOOKUP($B35,Mapping!$A:$D,4,0), D35) -> Other | F35: Yes | G35: No | H35: {=INDEX('[2]Data 2022 to Oct24'!$E$2:$CJ$41,MATCH($B35,'[2]Data 2022 to Oct24'!$B$2:$B$41),H$23)} -> 0 | I35: {=INDEX('[2]Data 2022 to Oct24'!$E$2:$CJ$41,MATCH($B35,'[2]Data 2022 to Oct24'!$B$2:$B$41),I$23)} -> 0 | J35: {=INDEX('[2]Data 2022 to Oct24'!$E$2:$CJ$41,MATCH($B35,'[2]Data 2022 to Oct24'!$B$2:$B$41),J$23)} -> 0 | K35: {=INDEX('[2]Data 2022 to Oct24'!$E$2:$CJ$41,MATCH($B35,'[2]Data 2022 to Oct24'!$B$2:$B$41),K$23)} -> 0 | L35: {=INDEX('[2]Data 2022 to Oct24'!$E$2:$CJ$41,MATCH($B35,'[2]Data 2022 to Oct24'!$B$2:$B$41),L$23)} -> 0 | M35: {=INDEX('[2]Data 2022 to Oct24'!$E$2:$CJ$41,MATCH($B35,'[2]Data 2022 to Oct24'!$B$2:$B$41),M$23)} -> 0 | N35: {=INDEX('[2]Data 2022 to Oct24'!$E$2:$CJ$41,MATCH($B35,'[2]Data 2022 to Oct24'!$B$2:$B$41),N$23)} -> 0 | O35: {=INDEX('[2]Data 2022 to Oct24'!$E$2:$CJ$41,MATCH($B35,'[2]Data 2022 to Oct24'!$B$2:$B$41),O$23)} -> 0 | ... S35: {=INDEX('[2]Data 2022 to Oct24'!$E$2:$CJ$41,MATCH($B35,'[2]Data 2022 to Oct24'!$B$2:$B$41),S$23)} -> 0 | U35: =SUM($H35:H35) -> 0 | V35: =SUM($H35:I35) -> 0 | W35: =SUM($H35:J35) -> 0 | X35: =SUM($H35:K35) -> 0 | Y35: =SUM($H35:L35) -> 0 | Z35: =SUM($H35:M35) -> 0 | AA35: =SUM($H35:N35) -> 0 | AB35: =SUM($H35:O35) -> 0 | ... AF35: =SUM($H35:S35) -> 0
B36: 59100 | C36: Shopify UK | D36: =VLOOKUP($B36, Mapping!$A:$E, 5, 0) -> Other | E36: =IF(D36="Spa",VLOOKUP($B36,Mapping!$A:$D,4,0), D36) -> Other | F36: Yes | G36: No | H36: {=INDEX('[2]Data 2022 to Oct24'!$E$2:$CJ$41,MATCH($B36,'[2]Data 2022 to Oct24'!$B$2:$B$41),H$23)} -> 4786.22 | I36: {=INDEX('[2]Data 2022 to Oct24'!$E$2:$CJ$41,MATCH($B36,'[2]Data 2022 to Oct24'!$B$2:$B$41),I$23)} -> 3378.14 | J36: {=INDEX('[2]Data 2022 to Oct24'!$E$2:$CJ$41,MATCH($B36,'[2]Data 2022 to Oct24'!$B$2:$B$41),J$23)} -> 3935.42 | K36: {=INDEX('[2]Data 2022 to Oct24'!$E$2:$CJ$41,MATCH($B36,'[2]Data 2022 to Oct24'!$B$2:$B$41),K$23)} -> 6894.21 | L36: {=INDEX('[2]Data 2022 to Oct24'!$E$2:$CJ$41,MATCH($B36,'[2]Data 2022 to Oct24'!$B$2:$B$41),L$23)} -> 8149.61 | M36: {=INDEX('[2]Data 2022 to Oct24'!$E$2:$CJ$41,MATCH($B36,'[2]Data 2022 to Oct24'!$B$2:$B$41),M$23)} -> 5781.65 | N36: {=INDEX('[2]Data 2022 to Oct24'!$E$2:$CJ$41,MATCH($B36,'[2]Data 2022 to Oct24'!$B$2:$B$41),N$23)} -> 7685.45 | O36: {=INDEX('[2]Data 2022 to Oct24'!$E$2:$CJ$41,MATCH($B36,'[2]Data 2022 to Oct24'!$B$2:$B$41),O$23)} -> 5717.5 | ... S36: {=INDEX('[2]Data 2022 to Oct24'!$E$2:$CJ$41,MATCH($B36,'[2]Data 2022 to Oct24'!$B$2:$B$41),S$23)} -> 5707.12 | U36: =SUM($H36:H36) -> 4786.22 | V36: =SUM($H36:I36) -> 8164.36 | W36: =SUM($H36:J36) -> 12099.78 | X36: =SUM($H36:K36) -> 18993.99 | Y36: =SUM($H36:L36) -> 27143.6 | Z36: =SUM($H36:M36) -> 32925.25 | AA36: =SUM($H36:N36) -> 40610.7 | AB36: =SUM($H36:O36) -> 46328.2 | ... AF36: =SUM($H36:S36) -> 65709.49
... B43: 51158 | C43: Liberty Press | D43: =VLOOKUP($B43, Mapping!$A:$E, 5, 0) -> Other | E43: =IF(D43="Spa",VLOOKUP($B43,Mapping!$A:$D,4,0), D43) -> Other | F43: Yes | G43: No | H43: {=INDEX('[2]Data 2022 to Oct24'!$E$2:$CJ$41,MATCH($B43,'[2]Data 2022 to Oct24'!$B$2:$B$41),H$23)} -> 0 | I43: {=INDEX('[2]Data 2022 to Oct24'!$E$2:$CJ$41,MATCH($B43,'[2]Data 2022 to Oct24'!$B$2:$B$41),I$23)} -> 0 | J43: {=INDEX('[2]Data 2022 to Oct24'!$E$2:$CJ$41,MATCH($B43,'[2]Data 2022 to Oct24'!$B$2:$B$41),J$23)} -> 0 | K43: {=INDEX('[2]Data 2022 to Oct24'!$E$2:$CJ$41,MATCH($B43,'[2]Data 2022 to Oct24'!$B$2:$B$41),K$23)} -> 0 | L43: {=INDEX('[2]Data 2022 to Oct24'!$E$2:$CJ$41,MATCH($B43,'[2]Data 2022 to Oct24'!$B$2:$B$41),L$23)} -> 0 | M43: {=INDEX('[2]Data 2022 to Oct24'!$E$2:$CJ$41,MATCH($B43,'[2]Data 2022 to Oct24'!$B$2:$B$41),M$23)} -> 0 | N43: {=INDEX('[2]Data 2022 to Oct24'!$E$2:$CJ$41,MATCH($B43,'[2]Data 2022 to Oct24'!$B$2:$B$41),N$23)} -> 0 | O43: {=INDEX('[2]Data 2022 to Oct24'!$E$2:$CJ$41,MATCH($B43,'[2]Data 2022 to Oct24'!$B$2:$B$41),O$23)} -> 0 | ... S43: {=INDEX('[2]Data 2022 to Oct24'!$E$2:$CJ$41,MATCH($B43,'[2]Data 2022 to Oct24'!$B$2:$B$41),S$23)} -> 0 | U43: =SUM($H43:H43) -> 0 | V43: =SUM($H43:I43) -> 0 | W43: =SUM($H43:J43) -> 0 | X43: =SUM($H43:K43) -> 0 | Y43: =SUM($H43:L43) -> 0 | Z43: =SUM($H43:M43) -> 0 | AA43: =SUM($H43:N43) -> 0 | AB43: =SUM($H43:O43) -> 0 | ... AF43: =SUM($H43:S43) -> 0
B44: 51184 | C44: The Connaught Hotel | D44: =VLOOKUP($B44, Mapping!$A:$E, 5, 0) -> Spa | E44: =IF(D44="Spa",VLOOKUP($B44,Mapping!$A:$D,4,0), D44) -> Spas / Hotels | F44: No | G44: 45261 | H44: {=INDEX('[2]Data 2022 to Oct24'!$E$2:$CJ$41,MATCH($B44,'[2]Data 2022 to Oct24'!$B$2:$B$41),H$23)} -> 0 | I44: {=INDEX('[2]Data 2022 to Oct24'!$E$2:$CJ$41,MATCH($B44,'[2]Data 2022 to Oct24'!$B$2:$B$41),I$23)} -> 0 | J44: {=INDEX('[2]Data 2022 to Oct24'!$E$2:$CJ$41,MATCH($B44,'[2]Data 2022 to Oct24'!$B$2:$B$41),J$23)} -> 0 | K44: {=INDEX('[2]Data 2022 to Oct24'!$E$2:$CJ$41,MATCH($B44,'[2]Data 2022 to Oct24'!$B$2:$B$41),K$23)} -> 0 | L44: {=INDEX('[2]Data 2022 to Oct24'!$E$2:$CJ$41,MATCH($B44,'[2]Data 2022 to Oct24'!$B$2:$B$41),L$23)} -> 0 | M44: {=INDEX('[2]Data 2022 to Oct24'!$E$2:$CJ$41,MATCH($B44,'[2]Data 2022 to Oct24'!$B$2:$B$41),M$23)} -> 0 | N44: {=INDEX('[2]Data 2022 to Oct24'!$E$2:$CJ$41,MATCH($B44,'[2]Data 2022 to Oct24'!$B$2:$B$41),N$23)} -> 0 | O44: {=INDEX('[2]Data 2022 to Oct24'!$E$2:$CJ$41,MATCH($B44,'[2]Data 2022 to Oct24'!$B$2:$B$41),O$23)} -> 0 | ... S44: {=INDEX('[2]Data 2022 to Oct24'!$E$2:$CJ$41,MATCH($B44,'[2]Data 2022 to Oct24'!$B$2:$B$41),S$23)} -> 6655.7 | U44: =SUM($H44:H44) -> 0 | V44: =SUM($H44:I44) -> 0 | W44: =SUM($H44:J44) -> 0 | X44: =SUM($H44:K44) -> 0 | Y44: =SUM($H44:L44) -> 0 | Z44: =SUM($H44:M44) -> 0 | AA44: =SUM($H44:N44) -> 0 | AB44: =SUM($H44:O44) -> 0 | ... AF44: =SUM($H44:S44) -> 6655.7
B45: 51185 | C45: Four Seasons Hotel London | D45: =VLOOKUP($B45, Mapping!$A:$E, 5, 0) -> Spa | E45: =IF(D45="Spa",VLOOKUP($B45,Mapping!$A:$D,4,0), D45) -> Spas / Hotels | F45: No | G45: No | H45: {=INDEX('[2]Data 2022 to Oct24'!$E$2:$CJ$41,MATCH($B45,'[2]Data 2022 to Oct24'!$B$2:$B$41),H$23)} -> 0 | I45: {=INDEX('[2]Data 2022 to Oct24'!$E$2:$CJ$41,MATCH($B45,'[2]Data 2022 to Oct24'!$B$2:$B$41),I$23)} -> 0 | J45: {=INDEX('[2]Data 2022 to Oct24'!$E$2:$CJ$41,MATCH($B45,'[2]Data 2022 to Oct24'!$B$2:$B$41),J$23)} -> 0 | K45: {=INDEX('[2]Data 2022 to Oct24'!$E$2:$CJ$41,MATCH($B45,'[2]Data 2022 to Oct24'!$B$2:$B$41),K$23)} -> 0 | L45: {=INDEX('[2]Data 2022 to Oct24'!$E$2:$CJ$41,MATCH($B45,'[2]Data 2022 to Oct24'!$B$2:$B$41),L$23)} -> 0 | M45: {=INDEX('[2]Data 2022 to Oct24'!$E$2:$CJ$41,MATCH($B45,'[2]Data 2022 to Oct24'!$B$2:$B$41),M$23)} -> 0 | N45: {=INDEX('[2]Data 2022 to Oct24'!$E$2:$CJ$41,MATCH($B45,'[2]Data 2022 to Oct24'!$B$2:$B$41),N$23)} -> 0 | O45: {=INDEX('[2]Data 2022 to Oct24'!$E$2:$CJ$41,MATCH($B45,'[2]Data 2022 to Oct24'!$B$2:$B$41),O$23)} -> 0 | ... S45: {=INDEX('[2]Data 2022 to Oct24'!$E$2:$CJ$41,MATCH($B45,'[2]Data 2022 to Oct24'!$B$2:$B$41),S$23)} -> 0 | U45: =SUM($H45:H45) -> 0 | V45: =SUM($H45:I45) -> 0 | W45: =SUM($H45:J45) -> 0 | X45: =SUM($H45:K45) -> 0 | Y45: =SUM($H45:L45) -> 0 | Z45: =SUM($H45:M45) -> 0 | AA45: =SUM($H45:N45) -> 0 | AB45: =SUM($H45:O45) -> 0 | ... AF45: =SUM($H45:S45) -> 0
B46: 51186 | C46: hope street hotel; Liverpool | D46: =VLOOKUP($B46, Mapping!$A:$E, 5, 0) -> Spa | E46: =IF(D46="Spa",VLOOKUP($B46,Mapping!$A:$D,4,0), D46) -> Spas / Hotels | F46: No | G46: 45231 | H46: {=INDEX('[2]Data 2022 to Oct24'!$E$2:$CJ$41,MATCH($B46,'[2]Data 2022 to Oct24'!$B$2:$B$41),H$23)} -> 0 | I46: {=INDEX('[2]Data 2022 to Oct24'!$E$2:$CJ$41,MATCH($B46,'[2]Data 2022 to Oct24'!$B$2:$B$41),I$23)} -> 0 | J46: {=INDEX('[2]Data 2022 to Oct24'!$E$2:$CJ$41,MATCH($B46,'[2]Data 2022 to Oct24'!$B$2:$B$41),J$23)} -> 0 | K46: {=INDEX('[2]Data 2022 to Oct24'!$E$2:$CJ$41,MATCH($B46,'[2]Data 2022 to Oct24'!$B$2:$B$41),K$23)} -> 0 | L46: {=INDEX('[2]Data 2022 to Oct24'!$E$2:$CJ$41,MATCH($B46,'[2]Data 2022 to Oct24'!$B$2:$B$41),L$23)} -> 0 | M46: {=INDEX('[2]Data 2022 to Oct24'!$E$2:$CJ$41,MATCH($B46,'[2]Data 2022 to Oct24'!$B$2:$B$41),M$23)} -> 0 | N46: {=INDEX('[2]Data 2022 to Oct24'!$E$2:$CJ$41,MATCH($B46,'[2]Data 2022 to Oct24'!$B$2:$B$41),N$23)} -> 0 | O46: {=INDEX('[2]Data 2022 to Oct24'!$E$2:$CJ$41,MATCH($B46,'[2]Data 2022 to Oct24'!$B$2:$B$41),O$23)} -> 0 | ... S46: {=INDEX('[2]Data 2022 to Oct24'!$E$2:$CJ$41,MATCH($B46,'[2]Data 2022 to Oct24'!$B$2:$B$41),S$23)} -> 0 | U46: =SUM($H46:H46) -> 0 | V46: =SUM($H46:I46) -> 0 | W46: =SUM($H46:J46) -> 0 | X46: =SUM($H46:K46) -> 0 | Y46: =SUM($H46:L46) -> 0 | Z46: =SUM($H46:M46) -> 0 | AA46: =SUM($H46:N46) -> 0 | AB46: =SUM($H46:O46) -> 0 | ... AF46: =SUM($H46:S46) -> 2266.78
B47: 51187 | C47: Julia Knight; Sale | D47: =VLOOKUP($B47, Mapping!$A:$E, 5, 0) -> Spa | E47: =IF(D47="Spa",VLOOKUP($B47,Mapping!$A:$D,4,0), D47) -> Institutes / Clinics | F47: No | G47: 45261 | H47: {=INDEX('[2]Data 2022 to Oct24'!$E$2:$CJ$41,MATCH($B47,'[2]Data 2022 to Oct24'!$B$2:$B$41),H$23)} -> 0 | I47: {=INDEX('[2]Data 2022 to Oct24'!$E$2:$CJ$41,MATCH($B47,'[2]Data 2022 to Oct24'!$B$2:$B$41),I$23)} -> 0 | J47: {=INDEX('[2]Data 2022 to Oct24'!$E$2:$CJ$41,MATCH($B47,'[2]Data 2022 to Oct24'!$B$2:$B$41),J$23)} -> 0 | K47: {=INDEX('[2]Data 2022 to Oct24'!$E$2:$CJ$41,MATCH($B47,'[2]Data 2022 to Oct24'!$B$2:$B$41),K$23)} -> 0 | L47: {=INDEX('[2]Data 2022 to Oct24'!$E$2:$CJ$41,MATCH($B47,'[2]Data 2022 to Oct24'!$B$2:$B$41),L$23)} -> 0 | M47: {=INDEX('[2]Data 2022 to Oct24'!$E$2:$CJ$41,MATCH($B47,'[2]Data 2022 to Oct24'!$B$2:$B$41),M$23)} -> 0 | N47: {=INDEX('[2]Data 2022 to Oct24'!$E$2:$CJ$41,MATCH($B47,'[2]Data 2022 to Oct24'!$B$2:$B$41),N$23)} -> 0 | O47: {=INDEX('[2]Data 2022 to Oct24'!$E$2:$CJ$41,MATCH($B47,'[2]Data 2022 to Oct24'!$B$2:$B$41),O$23)} -> 0 | ... S47: {=INDEX('[2]Data 2022 to Oct24'!$E$2:$CJ$41,MATCH($B47,'[2]Data 2022 to Oct24'!$B$2:$B$41),S$23)} -> 1173.99 | U47: =SUM($H47:H47) -> 0 | V47: =SUM($H47:I47) -> 0 | W47: =SUM($H47:J47) -> 0 | X47: =SUM($H47:K47) -> 0 | Y47: =SUM($H47:L47) -> 0 | Z47: =SUM($H47:M47) -> 0 | AA47: =SUM($H47:N47) -> 0 | AB47: =SUM($H47:O47) -> 0 | ... AF47: =SUM($H47:S47) -> 1173.99
B48: 53000 | C48: IzzyJ Aesthetics | D48: =VLOOKUP($B48, Mapping!$A:$E, 5, 0) -> Other | E48: =IF(D48="Spa",VLOOKUP($B48,Mapping!$A:$D,4,0), D48) -> Other | F48: Yes | G48: No | H48: {=INDEX('[2]Data 2022 to Oct24'!$E$2:$CJ$41,MATCH($B48,'[2]Data 2022 to Oct24'!$B$2:$B$41),H$23)} -> 0 | I48: {=INDEX('[2]Data 2022 to Oct24'!$E$2:$CJ$41,MATCH($B48,'[2]Data 2022 to Oct24'!$B$2:$B$41),I$23)} -> 0 | J48: {=INDEX('[2]Data 2022 to Oct24'!$E$2:$CJ$41,MATCH($B48,'[2]Data 2022 to Oct24'!$B$2:$B$41),J$23)} -> 0 | K48: {=INDEX('[2]Data 2022 to Oct24'!$E$2:$CJ$41,MATCH($B48,'[2]Data 2022 to Oct24'!$B$2:$B$41),K$23)} -> 0 | L48: {=INDEX('[2]Data 2022 to Oct24'!$E$2:$CJ$41,MATCH($B48,'[2]Data 2022 to Oct24'!$B$2:$B$41),L$23)} -> 0 | M48: {=INDEX('[2]Data 2022 to Oct24'!$E$2:$CJ$41,MATCH($B48,'[2]Data 2022 to Oct24'!$B$2:$B$41),M$23)} -> 0 | N48: {=INDEX('[2]Data 2022 to Oct24'!$E$2:$CJ$41,MATCH($B48,'[2]Data 2022 to Oct24'!$B$2:$B$41),N$23)} -> 0 | O48: {=INDEX('[2]Data 2022 to Oct24'!$E$2:$CJ$41,MATCH($B48,'[2]Data 2022 to Oct24'!$B$2:$B$41),O$23)} -> 0 | ... S48: {=INDEX('[2]Data 2022 to Oct24'!$E$2:$CJ$41,MATCH($B48,'[2]Data 2022 to Oct24'!$B$2:$B$41),S$23)} -> 0 | U48: =SUM($H48:H48) -> 0 | V48: =SUM($H48:I48) -> 0 | W48: =SUM($H48:J48) -> 0 | X48: =SUM($H48:K48) -> 0 | Y48: =SUM($H48:L48) -> 0 | Z48: =SUM($H48:M48) -> 0 | AA48: =SUM($H48:N48) -> 0 | AB48: =SUM($H48:O48) -> 0 | ... AF48: =SUM($H48:S48) -> 610.56
B49: 53014 | C49: Oblique house of aesthetics; London | D49: =VLOOKUP($B49, Mapping!$A:$E, 5, 0) -> Spa | E49: =IF(D49="Spa",VLOOKUP($B49,Mapping!$A:$D,4,0), D49) -> Institutes / Clinics | F49: No | G49: No | H49: {=INDEX('[2]Data 2022 to Oct24'!$E$2:$CJ$41,MATCH($B49,'[2]Data 2022 to Oct24'!$B$2:$B$41),H$23)} -> 0 | I49: {=INDEX('[2]Data 2022 to Oct24'!$E$2:$CJ$41,MATCH($B49,'[2]Data 2022 to Oct24'!$B$2:$B$41),I$23)} -> 0 | J49: {=INDEX('[2]Data 2022 to Oct24'!$E$2:$CJ$41,MATCH($B49,'[2]Data 2022 to Oct24'!$B$2:$B$41),J$23)} -> 0 | K49: {=INDEX('[2]Data 2022 to Oct24'!$E$2:$CJ$41,MATCH($B49,'[2]Data 2022 to Oct24'!$B$2:$B$41),K$23)} -> 0 | L49: {=INDEX('[2]Data 2022 to Oct24'!$E$2:$CJ$41,MATCH($B49,'[2]Data 2022 to Oct24'!$B$2:$B$41),L$23)} -> 0 | M49: {=INDEX('[2]Data 2022 to Oct24'!$E$2:$CJ$41,MATCH($B49,'[2]Data 2022 to Oct24'!$B$2:$B$41),M$23)} -> 0 | N49: {=INDEX('[2]Data 2022 to Oct24'!$E$2:$CJ$41,MATCH($B49,'[2]Data 2022 to Oct24'!$B$2:$B$41),N$23)} -> 0 | O49: {=INDEX('[2]Data 2022 to Oct24'!$E$2:$CJ$41,MATCH($B49,'[2]Data 2022 to Oct24'!$B$2:$B$41),O$23)} -> 0 | ... S49: {=INDEX('[2]Data 2022 to Oct24'!$E$2:$CJ$41,MATCH($B49,'[2]Data 2022 to Oct24'!$B$2:$B$41),S$23)} -> 0 | U49: =SUM($H49:H49) -> 0 | V49: =SUM($H49:I49) -> 0 | W49: =SUM($H49:J49) -> 0 | X49: =SUM($H49:K49) -> 0 | Y49: =SUM($H49:L49) -> 0 | Z49: =SUM($H49:M49) -> 0 | AA49: =SUM($H49:N49) -> 0 | AB49: =SUM($H49:O49) -> 0 | ... AF49: =SUM($H49:S49) -> 0

Sheet 2024
D1: Retail
D2: in month sales | H2: =SUMIFS(H$25:H$78, $D$25:$D$78, $D$1) -> 7797.59 | I2: =SUMIFS(I$25:I$78, $D$25:$D$78, $D$1) -> 11992.84 | J2: =SUMIFS(J$25:J$78, $D$25:$D$78, $D$1) -> 16105.22 | K2: =SUMIFS(K$25:K$78, $D$25:$D$78, $D$1) -> 12385.1 | L2: =SUMIFS(L$25:L$78, $D$25:$D$78, $D$1) -> 6348.89 | M2: =SUMIFS(M$25:M$78, $D$25:$D$78, $D$1) -> 4071.35 | N2: =SUMIFS(N$25:N$78, $D$25:$D$78, $D$1) -> 5664 | O2: =SUMIFS(O$25:O$78, $D$25:$D$78, $D$1) -> 16864.65 | ... S2: =SUMIFS(S$25:S$78, $D$25:$D$78, $D$1) -> 10673.75
D3: YTD sales | H3: =SUM($H2:H2) -> 7797.59 | I3: =SUM($H2:I2) -> 19790.43 | J3: =SUM($H2:J2) -> 35895.65 | K3: =SUM($H2:K2) -> 48280.75 | L3: =SUM($H2:L2) -> 54629.64 | M3: =SUM($H2:M2) -> 58700.99 | N3: =SUM($H2:N2) -> 64364.99 | O3: =SUM($H2:O2) -> 81229.64 | ... S3: =SUM($H2:S2) -> 147667.26
D4: ordering in month | H4: =COUNTIFS(H$25:H$78,">0", $D$25:$D$78, $D$1) -> 2 | I4: =COUNTIFS(I$25:I$78,">0", $D$25:$D$78, $D$1) -> 2 | J4: =COUNTIFS(J$25:J$78,">0", $D$25:$D$78, $D$1) -> 2 | K4: =COUNTIFS(K$25:K$78,">0", $D$25:$D$78, $D$1) -> 3 | L4: =COUNTIFS(L$25:L$78,">0", $D$25:$D$78, $D$1) -> 2 | M4: =COUNTIFS(M$25:M$78,">0", $D$25:$D$78, $D$1) -> 2 | N4: =COUNTIFS(N$25:N$78,">0", $D$25:$D$78, $D$1) -> 2 | O4: =COUNTIFS(O$25:O$78,">0", $D$25:$D$78, $D$1) -> 2 | ... S4: =COUNTIFS(S$25:S$78,">0", $D$25:$D$78, $D$1) -> 2
D5: ordering YTD | H5: =COUNTIFS(U$25:U$78,">0", $D$25:$D$78, $D$1) -> 2 | I5: =COUNTIFS(V$25:V$78,">0", $D$25:$D$78, $D$1) -> 2 | J5: =COUNTIFS(W$25:W$78,">0", $D$25:$D$78, $D$1) -> 2 | K5: =COUNTIFS(X$25:X$78,">0", $D$25:$D$78, $D$1) -> 3 | L5: =COUNTIFS(Y$25:Y$78,">0", $D$25:$D$78, $D$1) -> 3 | M5: =COUNTIFS(Z$25:Z$78,">0", $D$25:$D$78, $D$1) -> 3 | N5: =COUNTIFS(AA$25:AA$78,">0", $D$25:$D$78, $D$1) -> 3 | O5: =COUNTIFS(AB$25:AB$78,">0", $D$25:$D$78, $D$1) -> 3 | ... S5: =COUNTIFS(AF$25:AF$78,">0", $D$25:$D$78, $D$1) -> 3
D6: Active doors | H6: =COUNTIFS($F$25:$F$78,"Yes", $D$25:$D$78, $D$1)+COUNTIFS( $G$25:$G$78, "<="&H$24, $D$25:$D$78, $D$1) -> 3 | I6: =COUNTIFS($F$25:$F$78,"Yes", $D$25:$D$78, $D$1)+COUNTIFS( $G$25:$G$78, "<="&I$24, $D$25:$D$78, $D$1) -> 3 | J6: =COUNTIFS($F$25:$F$78,"Yes", $D$25:$D$78, $D$1)+COUNTIFS( $G$25:$G$78, "<="&J$24, $D$25:$D$78, $D$1) -> 3 | K6: =COUNTIFS($F$25:$F$78,"Yes", $D$25:$D$78, $D$1)+COUNTIFS( $G$25:$G$78, "<="&K$24, $D$25:$D$78, $D$1) -> 3 | L6: =COUNTIFS($F$25:$F$78,"Yes", $D$25:$D$78, $D$1)+COUNTIFS( $G$25:$G$78, "<="&L$24, $D$25:$D$78, $D$1) -> 3 | M6: =COUNTIFS($F$25:$F$78,"Yes", $D$25:$D$78, $D$1)+COUNTIFS( $G$25:$G$78, "<="&M$24, $D$25:$D$78, $D$1) -> 3 | N6: =COUNTIFS($F$25:$F$78,"Yes", $D$25:$D$78, $D$1)+COUNTIFS( $G$25:$G$78, "<="&N$24, $D$25:$D$78, $D$1) -> 3 | O6: =COUNTIFS($F$25:$F$78,"Yes", $D$25:$D$78, $D$1)+COUNTIFS( $G$25:$G$78, "<="&O$24, $D$25:$D$78, $D$1) -> 3 | ... S6: =COUNTIFS($F$25:$F$78,"Yes", $D$25:$D$78, $D$1)+COUNTIFS( $G$25:$G$78, "<="&S$24, $D$25:$D$78, $D$1) -> 3
D7: New doors in month | H7: =COUNTIFS( $G$25:$G$78, H$24, $D$25:$D$78, $D$1) -> 0 | I7: =COUNTIFS( $G$25:$G$78, I$24, $D$25:$D$78, $D$1) -> 0 | J7: =COUNTIFS( $G$25:$G$78, J$24, $D$25:$D$78, $D$1) -> 0 | K7: =COUNTIFS( $G$25:$G$78, K$24, $D$25:$D$78, $D$1) -> 0 | L7: =COUNTIFS( $G$25:$G$78, L$24, $D$25:$D$78, $D$1) -> 0 | M7: =COUNTIFS( $G$25:$G$78, M$24, $D$25:$D$78, $D$1) -> 0 | N7: =COUNTIFS( $G$25:$G$78, N$24, $D$25:$D$78, $D$1) -> 0 | O7: =COUNTIFS( $G$25:$G$78, O$24, $D$25:$D$78, $D$1) -> 0 | ... S7: =COUNTIFS( $G$25:$G$78, S$24, $D$25:$D$78, $D$1) -> 0
D8: New doors YTD | H8: =SUM($H7:H7) -> 0 | I8: =SUM($H7:I7) -> 0 | J8: =SUM($H7:J7) -> 0 | K8: =SUM($H7:K7) -> 0 | L8: =SUM($H7:L7) -> 0 | M8: =SUM($H7:M7) -> 0 | N8: =SUM($H7:N7) -> 0 | O8: =SUM($H7:O7) -> 0 | ... S8: =SUM($H7:S7) -> 0
D9: New door sales in month | H9: =SUMIFS( H$25:H$78, $G$25:$G$78, H$24, $D$25:$D$78, $D$1) -> 0 | I9: =SUMIFS( I$25:I$78, $G$25:$G$78, I$24, $D$25:$D$78, $D$1) -> 0 | J9: =SUMIFS( J$25:J$78, $G$25:$G$78, J$24, $D$25:$D$78, $D$1) -> 0 | K9: =SUMIFS( K$25:K$78, $G$25:$G$78, K$24, $D$25:$D$78, $D$1) -> 0 | L9: =SUMIFS( L$25:L$78, $G$25:$G$78, L$24, $D$25:$D$78, $D$1) -> 0 | M9: =SUMIFS( M$25:M$78, $G$25:$G$78, M$24, $D$25:$D$78, $D$1) -> 0 | N9: =SUMIFS( N$25:N$78, $G$25:$G$78, N$24, $D$25:$D$78, $D$1) -> 0 | O9: =SUMIFS( O$25:O$78, $G$25:$G$78, O$24, $D$25:$D$78, $D$1) -> 0 | ... S9: =SUMIFS( S$25:S$78, $G$25:$G$78, S$24, $D$25:$D$78, $D$1) -> 0
D10: New door sales YTD | H10: =SUMIFS( U$25:U$78, $G$25:$G$78, "<="&H$24, $D$25:$D$78, $D$1) -> 0 | I10: =SUMIFS( V$25:V$78, $G$25:$G$78, "<="&I$24, $D$25:$D$78, $D$1) -> 0 | J10: =SUMIFS( W$25:W$78, $G$25:$G$78, "<="&J$24, $D$25:$D$78, $D$1) -> 0 | K10: =SUMIFS( X$25:X$78, $G$25:$G$78, "<="&K$24, $D$25:$D$78, $D$1) -> 0 | L10: =SUMIFS( Y$25:Y$78, $G$25:$G$78, "<="&L$24, $D$25:$D$78, $D$1) -> 0 | M10: =SUMIFS( Z$25:Z$78, $G$25:$G$78, "<="&M$24, $D$25:$D$78, $D$1) -> 0 | N10: =SUMIFS( AA$25:AA$78, $G$25:$G$78, "<="&N$24, $D$25:$D$78, $D$1) -> 0 | O10: =SUMIFS( AB$25:AB$78, $G$25:$G$78, "<="&O$24, $D$25:$D$78, $D$1) -> 0 | ... S10: =SUMIFS( AF$25:AF$78, $G$25:$G$78, "<="&S$24, $D$25:$D$78, $D$1) -> 0
D12: Spa
D13: in month sales | H13: =SUMIFS(H$25:H$78, $D$25:$D$78, $D$12) -> 0 | I13: =SUMIFS(I$25:I$78, $D$25:$D$78, $D$12) -> 8523.54 | J13: =SUMIFS(J$25:J$78, $D$25:$D$78, $D$12) -> 7184.6 | K13: =SUMIFS(K$25:K$78, $D$25:$D$78, $D$12) -> 338.4 | L13: =SUMIFS(L$25:L$78, $D$25:$D$78, $D$12) -> 5735.82 | M13: =SUMIFS(M$25:M$78, $D$25:$D$78, $D$12) -> 5438.09 | N13: =SUMIFS(N$25:N$78, $D$25:$D$78, $D$12) -> 3492.33 | O13: =SUMIFS(O$25:O$78, $D$25:$D$78, $D$12) -> 15711.38 | ... S13: =SUMIFS(S$25:S$78, $D$25:$D$78, $D$12) -> 11879.59
D14: YTD sales | H14: =SUM($H13:H13) -> 0 | I14: =SUM($H13:I13) -> 8523.54 | J14: =SUM($H13:J13) -> 15708.14 | K14: =SUM($H13:K13) -> 16046.54 | L14: =SUM($H13:L13) -> 21782.36 | M14: =SUM($H13:M13) -> 27220.45 | N14: =SUM($H13:N13) -> 30712.78 | O14: =SUM($H13:O13) -> 46424.16 | ... S14: =SUM($H13:S13) -> 101155.89
D15: ordering in month | H15: =COUNTIFS(H$25:H$78,">0", $D$25:$D$78, $D$12) -> 0 | I15: =COUNTIFS(I$25:I$78,">0", $D$25:$D$78, $D$12) -> 2 | J15: =COUNTIFS(J$25:J$78,">0", $D$25:$D$78, $D$12) -> 4 | K15: =COUNTIFS(K$25:K$78,">0", $D$25:$D$78, $D$12) -> 1 | L15: =COUNTIFS(L$25:L$78,">0", $D$25:$D$78, $D$12) -> 3 | M15: =COUNTIFS(M$25:M$78,">0", $D$25:$D$78, $D$12) -> 2 | N15: =COUNTIFS(N$25:N$78,">0", $D$25:$D$78, $D$12) -> 5 | O15: =COUNTIFS(O$25:O$78,">0", $D$25:$D$78, $D$12) -> 2 | ... S15: =COUNTIFS(S$25:S$78,">0", $D$25:$D$78, $D$12) -> 6
D16: ordering YTD | H16: =COUNTIFS(U$25:U$78,">0", $D$25:$D$78, $D$12) -> 0 | I16: =COUNTIFS(V$25:V$78,">0", $D$25:$D$78, $D$12) -> 2 | J16: =COUNTIFS(W$25:W$78,">0", $D$25:$D$78, $D$12) -> 5 | K16: =COUNTIFS(X$25:X$78,">0", $D$25:$D$78, $D$12) -> 5 | L16: =COUNTIFS(Y$25:Y$78,">0", $D$25:$D$78, $D$12) -> 5 | M16: =COUNTIFS(Z$25:Z$78,">0", $D$25:$D$78, $D$12) -> 5 | N16: =COUNTIFS(AA$25:AA$78,">0", $D$25:$D$78, $D$12) -> 6 | O16: =COUNTIFS(AB$25:AB$78,">0", $D$25:$D$78, $D$12) -> 7 | ... S16: =COUNTIFS(AF$25:AF$78,">0", $D$25:$D$78, $D$12) -> 9
D17: Active doors | H17: =COUNTIFS($F$25:$F$78,"Yes", $D$25:$D$78, $D$12)+COUNTIFS( $G$25:$G$78, "<="&H$24, $D$25:$D$78, $D$12) -> 3 | I17: =COUNTIFS($F$25:$F$78,"Yes", $D$25:$D$78, $D$12)+COUNTIFS( $G$25:$G$78, "<="&I$24, $D$25:$D$78, $D$12) -> 4 | J17: =COUNTIFS($F$25:$F$78,"Yes", $D$25:$D$78, $D$12)+COUNTIFS( $G$25:$G$78, "<="&J$24, $D$25:$D$78, $D$12) -> 5 | K17: =COUNTIFS($F$25:$F$78,"Yes", $D$25:$D$78, $D$12)+COUNTIFS( $G$25:$G$78, "<="&K$24, $D$25:$D$78, $D$12) -> 5 | L17: =COUNTIFS($F$25:$F$78,"Yes", $D$25:$D$78, $D$12)+COUNTIFS( $G$25:$G$78, "<="&L$24, $D$25:$D$78, $D$12) -> 5 | M17: =COUNTIFS($F$25:$F$78,"Yes", $D$25:$D$78, $D$12)+COUNTIFS( $G$25:$G$78, "<="&M$24, $D$25:$D$78, $D$12) -> 5 | N17: =COUNTIFS($F$25:$F$78,"Yes", $D$25:$D$78, $D$12)+COUNTIFS( $G$25:$G$78, "<="&N$24, $D$25:$D$78, $D$12) -> 6 | O17: =COUNTIFS($F$25:$F$78,"Yes", $D$25:$D$78, $D$12)+COUNTIFS( $G$25:$G$78, "<="&O$24, $D$25:$D$78, $D$12) -> 7 | ... S17: =COUNTIFS($F$25:$F$78,"Yes", $D$25:$D$78, $D$12)+COUNTIFS( $G$25:$G$78, "<="&S$24, $D$25:$D$78, $D$12) -> 9
D18: New doors in month | H18: =COUNTIFS( $G$25:$G$78, H$24, $D$25:$D$78, $D$12) -> 0 | I18: =COUNTIFS( $G$25:$G$78, I$24, $D$25:$D$78, $D$12) -> 1 | J18: =COUNTIFS( $G$25:$G$78, J$24, $D$25:$D$78, $D$12) -> 1 | K18: =COUNTIFS( $G$25:$G$78, K$24, $D$25:$D$78, $D$12) -> 0 | L18: =COUNTIFS( $G$25:$G$78, L$24, $D$25:$D$78, $D$12) -> 0 | M18: =COUNTIFS( $G$25:$G$78, M$24, $D$25:$D$78, $D$12) -> 0 | N18: =COUNTIFS( $G$25:$G$78, N$24, $D$25:$D$78, $D$12) -> 1 | O18: =COUNTIFS( $G$25:$G$78, O$24, $D$25:$D$78, $D$12) -> 1 | ... S18: =COUNTIFS( $G$25:$G$78, S$24, $D$25:$D$78, $D$12) -> 0
D19: New doors YTD | H19: =SUM($H18:H18) -> 0 | I19: =SUM($H18:I18) -> 1 | J19: =SUM($H18:J18) -> 2 | K19: =SUM($H18:K18) -> 2 | L19: =SUM($H18:L18) -> 2 | M19: =SUM($H18:M18) -> 2 | N19: =SUM($H18:N18) -> 3 | O19: =SUM($H18:O18) -> 4 | ... S19: =SUM($H18:S18) -> 6
D20: New door sales in month | H20: =SUMIFS( H$25:H$78, $G$25:$G$78, H$24, $D$25:$D$78, $D$12) -> 0 | I20: =SUMIFS( I$25:I$78, $G$25:$G$78, I$24, $D$25:$D$78, $D$12) -> 7912.09 | J20: =SUMIFS( J$25:J$78, $G$25:$G$78, J$24, $D$25:$D$78, $D$12) -> 3019.77 | K20: =SUMIFS( K$25:K$78, $G$25:$G$78, K$24, $D$25:$D$78, $D$12) -> 0 | L20: =SUMIFS( L$25:L$78, $G$25:$G$78, L$24, $D$25:$D$78, $D$12) -> 0 | M20: =SUMIFS( M$25:M$78, $G$25:$G$78, M$24, $D$25:$D$78, $D$12) -> 0 | N20: =SUMIFS( N$25:N$78, $G$25:$G$78, N$24, $D$25:$D$78, $D$12) -> 1646.78 | O20: =SUMIFS( O$25:O$78, $G$25:$G$78, O$24, $D$25:$D$78, $D$12) -> 12259.13 | ... S20: =SUMIFS( S$25:S$78, $G$25:$G$78, S$24, $D$25:$D$78, $D$12) -> 0
D21: New door sales YTD | H21: =SUMIFS( U$25:U$78, $G$25:$G$78, "<="&H$24, $D$25:$D$78, $D$12) -> 0 | I21: =SUMIFS( V$25:V$78, $G$25:$G$78, "<="&I$24, $D$25:$D$78, $D$12) -> 7912.09 | J21: =SUMIFS( W$25:W$78, $G$25:$G$78, "<="&J$24, $D$25:$D$78, $D$12) -> 10931.86 | K21: =SUMIFS( X$25:X$78, $G$25:$G$78, "<="&K$24, $D$25:$D$78, $D$12) -> 10931.86 | L21: =SUMIFS( Y$25:Y$78, $G$25:$G$78, "<="&L$24, $D$25:$D$78, $D$12) -> 11231.01 | M21: =SUMIFS( Z$25:Z$78, $G$25:$G$78, "<="&M$24, $D$25:$D$78, $D$12) -> 13473.5 | N21: =SUMIFS( AA$25:AA$78, $G$25:$G$78, "<="&N$24, $D$25:$D$78, $D$12) -> 16001.49 | O21: =SUMIFS( AB$25:AB$78, $G$25:$G$78, "<="&O$24, $D$25:$D$78, $D$12) -> 28260.62 | ... S21: =SUMIFS( AF$25:AF$78, $G$25:$G$78, "<="&S$24, $D$25:$D$78, $D$12) -> 63917.89
H23: 73 | I23: =H23+3 -> 76 | J23: =I23+3 -> 79 | K23: =J23+3 -> 82 | L23: =K23+3 -> 85 | M23: =L23+3 -> 88 | N23: =M23+3 -> 91 | O23: =N23+3 -> 94 | P23: =O23+3 -> 97 | ... S23: =R23+3 -> 106
D24: Mapping | E24: Mapping 2 | F24: Active in PY? | G24: New in year | H24: 45292 | I24: 45323 | J24: 45352 | K24: 45383 | L24: 45413 | M24: 45444 | N24: 45474 | O24: 45505 | P24: 45536 | Q24: 45566 | R24: 45597 | S24: 45627 | U24: 45292 | V24: 45323 | W24: 45352 | X24: 45383 | Y24: 45413 | Z24: 45444 | AA24: 45474 | AB24: 45505 | AC24: 45536 | AD24: 45566 | AE24: 45597 | AF24: 45627
B25: 51101 | C25: Liberty | D25: =VLOOKUP($B25, Mapping!$A:$E, 5, 0) -> Retail | E25: =IF(D25="Spa",VLOOKUP($B25,Mapping!$A:$D,4,0), D25) -> Retail | F25: Yes | G25: No | H25: 4000 | I25: 11872.82 | J25: 5331.17 | K25: 11392.17 | L25: 5320.75 | M25: 3786.91 | N25: 4925.17 | O25: 11123.93 | P25: 10032.59 | Q25: 11189.24 | R25: 17416.18 | S25: 10000 | U25: =SUM($H25:H25) -> 4000 | V25: =SUM($H25:I25) -> 15872.82 | W25: =SUM($H25:J25) -> 21203.99 | X25: =SUM($H25:K25) -> 32596.16 | Y25: =SUM($H25:L25) -> 37916.91 | Z25: =SUM($H25:M25) -> 41703.82 | AA25: =SUM($H25:N25) -> 46628.99 | AB25: =SUM($H25:O25) -> 57752.92 | ... AF25: =SUM($H25:S25) -> 106390.93
B26: 51172 | C26: Harrods (UK) Ltd. | D26: =VLOOKUP($B26, Mapping!$A:$E, 5, 0) -> Retail | E26: =IF(D26="Spa",VLOOKUP($B26,Mapping!$A:$D,4,0), D26) -> Retail | F26: Yes | G26: No | H26: 4085.59 | I26: 120.02 | J26: 10774.05 | K26: 587.93 | L26: 1028.14 | M26: 284.44 | N26: 738.83 | O26: 5740.72 | P26: 6676.07 | Q26: 4583.76 | R26: 4274.08 | S26: 673.75 | U26: =SUM($H26:H26) -> 4085.59 | V26: =SUM($H26:I26) -> 4205.61 | W26: =SUM($H26:J26) -> 14979.66 | X26: =SUM($H26:K26) -> 15567.59 | Y26: =SUM($H26:L26) -> 16595.73 | Z26: =SUM($H26:M26) -> 16880.17 | AA26: =SUM($H26:N26) -> 17619 | AB26: =SUM($H26:O26) -> 23359.72 | ... AF26: =SUM($H26:S26) -> 39567.38
B27: 51175 | C27: The Hut.com Ltd; Poland | D27: =VLOOKUP($B27, Mapping!$A:$E, 5, 0) -> eTailers | E27: =IF(D27="Spa",VLOOKUP($B27,Mapping!$A:$D,4,0), D27) -> eTailers | F27: Yes | G27: No | H27: 0 | I27: 0 | J27: 0 | K27: -6663.15 | L27: 0 | M27: 0 | N27: 0 | O27: 0 | P27: 0 | Q27: 0 | R27: 0 | S27: 0 | U27: =SUM($H27:H27) -> 0 | V27: =SUM($H27:I27) -> 0 | W27: =SUM($H27:J27) -> 0 | X27: =SUM($H27:K27) -> -6663.15 | Y27: =SUM($H27:L27) -> -6663.15 | Z27: =SUM($H27:M27) -> -6663.15 | AA27: =SUM($H27:N27) -> -6663.15 | AB27: =SUM($H27:O27) -> -6663.15 | ... AF27: =SUM($H27:S27) -> -6663.15
B28: 51176 | C28: The Hut.com Ltd; GB | D28: =VLOOKUP($B28, Mapping!$A:$E, 5, 0) -> eTailers | E28: =IF(D28="Spa",VLOOKUP($B28,Mapping!$A:$D,4,0), D28) -> eTailers | F28: Yes | G28: No | H28: 0 | I28: 0 | J28: 0 | K28: 0 | L28: 0 | M28: 2424.96 | N28: 5293.89 | O28: 0 | P28: 2431.32 | Q28: 4375.14 | R28: 787.5 | S28: 0 | U28: =SUM($H28:H28) -> 0 | V28: =SUM($H28:I28) -> 0 | W28: =SUM($H28:J28) -> 0 | X28: =SUM($H28:K28) -> 0 | Y28: =SUM($H28:L28) -> 0 | Z28: =SUM($H28:M28) -> 2424.96 | AA28: =SUM($H28:N28) -> 7718.85 | AB28: =SUM($H28:O28) -> 7718.85 | ... AF28: =SUM($H28:S28) -> 15312.81
B29: 51177 | C29: Net-A-Porter; London GB | D29: =VLOOKUP($B29, Mapping!$A:$E, 5, 0) -> eTailers | E29: =IF(D29="Spa",VLOOKUP($B29,Mapping!$A:$D,4,0), D29) -> eTailers | F29: Yes | G29: No | H29: 0 | I29: 0 | J29: 0 | K29: 0 | L29: 0 | M29: 0 | N29: 0 | O29: 0 | P29: 0 | Q29: 0 | R29: 0 | S29: 0 | U29: =SUM($H29:H29) -> 0 | V29: =SUM($H29:I29) -> 0 | W29: =SUM($H29:J29) -> 0 | X29: =SUM($H29:K29) -> 0 | Y29: =SUM($H29:L29) -> 0 | Z29: =SUM($H29:M29) -> 0 | AA29: =SUM($H29:N29) -> 0 | AB29: =SUM($H29:O29) -> 0 | ... AF29: =SUM($H29:S29) -> 0
B30: 51179 | C30: Net-A-Porter; Hong Kong | D30: =VLOOKUP($B30, Mapping!$A:$E, 5, 0) -> eTailers | E30: =IF(D30="Spa",VLOOKUP($B30,Mapping!$A:$D,4,0), D30) -> eTailers | F30: Yes | G30: No | H30: 0 | I30: 0 | J30: 0 | K30: 0 | L30: 0 | M30: 0 | N30: 0 | O30: 0 | P30: 0 | Q30: 0 | R30: 0 | S30: 0 | U30: =SUM($H30:H30) -> 0 | V30: =SUM($H30:I30) -> 0 | W30: =SUM($H30:J30) -> 0 | X30: =SUM($H30:K30) -> 0 | Y30: =SUM($H30:L30) -> 0 | Z30: =SUM($H30:M30) -> 0 | AA30: =SUM($H30:N30) -> 0 | AB30: =SUM($H30:O30) -> 0 | ... AF30: =SUM($H30:S30) -> 0
B31: 51183 | C31: John Bell & Croyden, London | D31: =VLOOKUP($B31, Mapping!$A:$E, 5, 0) -> Retail | E31: =IF(D31="Spa",VLOOKUP($B31,Mapping!$A:$D,4,0), D31) -> Retail | F31: Yes | G31: No | H31: -288 | I31: 0 | J31: 0 | K31: 405 | L31: 0 | M31: 0 | N31: 0 | O31: 0 | P31: 0 | Q31: 731.28 | R31: 860.67 | S31: 0 | U31: =SUM($H31:H31) -> -288 | V31: =SUM($H31:I31) -> -288 | W31: =SUM($H31:J31) -> -288 | X31: =SUM($H31:K31) -> 117 | Y31: =SUM($H31:L31) -> 117 | Z31: =SUM($H31:M31) -> 117 | AA31: =SUM($H31:N31) -> 117 | AB31: =SUM($H31:O31) -> 117 | ... AF31: =SUM($H31:S31) -> 1708.95
B32: 51206 | C32: DESCOMED GB, London (Personal BlueGem) | D32: =VLOOKUP($B32, Mapping!$A:$E, 5, 0) -> Other | E32: =IF(D32="Spa",VLOOKUP($B32,Mapping!$A:$D,4,0), D32) -> Other | F32: Yes | G32: No | H32: 128.51 | I32: 430.94 | J32: 489.43 | K32: 61.22 | L32: 166.49 | M32: 133.82 | N32: 0 | O32: 0 | P32: 0 | Q32: 0 | R32: 0 | S32: 0 | U32: =SUM($H32:H32) -> 128.51 | V32: =SUM($H32:I32) -> 559.45 | W32: =SUM($H32:J32) -> 1048.88 | X32: =SUM($H32:K32) -> 1110.1 | Y32: =SUM($H32:L32) -> 1276.59 | Z32: =SUM($H32:M32) -> 1410.41 | AA32: =SUM($H32:N32) -> 1410.41 | AB32: =SUM($H32:O32) -> 1410.41 | ... AF32: =SUM($H32:S32) -> 1410.41
B33: 53008 | C33: Saintly Skin;Frederika Van Hagan | D33: =VLOOKUP($B33, Mapping!$A:$E, 5, 0) -> Other | E33: =IF(D33="Spa",VLOOKUP($B33,Mapping!$A:$D,4,0), D33) -> Other | F33: Yes | G33: No | H33: 0 | I33: 0 | J33: 0 | K33: 0 | L33: 0 | M33: 0 | N33: 1066.8 | O33: 0 | P33: 0 | Q33: 0 | R33: 0 | S33: 0 | U33: =SUM($H33:H33) -> 0 | V33: =SUM($H33:I33) -> 0 | W33: =SUM($H33:J33) -> 0 | X33: =SUM($H33:K33) -> 0 | Y33: =SUM($H33:L33) -> 0 | Z33: =SUM($H33:M33) -> 0 | AA33: =SUM($H33:N33) -> 1066.8 | AB33: =SUM($H33:O33) -> 1066.8 | ... AF33: =SUM($H33:S33) -> 1066.8
B34: 53011 | C34: Liliana Fernandes | D34: =VLOOKUP($B34, Mapping!$A:$E, 5, 0) -> Other | E34: =IF(D34="Spa",VLOOKUP($B34,Mapping!$A:$D,4,0), D34) -> Other | F34: Yes | G34: No | H34: 0 | I34: 0 | J34: 0 | K34: 0 | L34: 0 | M34: 0 | N34: 0 | O34: 0 | P34: 0 | Q34: 0 | R34: 0 | S34: 0 | U34: =SUM($H34:H34) -> 0 | V34: =SUM($H34:I34) -> 0 | W34: =SUM($H34:J34) -> 0 | X34: =SUM($H34:K34) -> 0 | Y34: =SUM($H34:L34) -> 0 | Z34: =SUM($H34:M34) -> 0 | AA34: =SUM($H34:N34) -> 0 | AB34: =SUM($H34:O34) -> 0 | ... AF34: =SUM($H34:S34) -> 0
B35: 53012 | C35: Virginie Alvarez | D35: =VLOOKUP($B35, Mapping!$A:$E, 5, 0) -> Other | E35: =IF(D35="Spa",VLOOKUP($B35,Mapping!$A:$D,4,0), D35) -> Other | F35: Yes | G35: No | H35: 0 | I35: 0 | J35: 0 | K35: 0 | L35: 0 | M35: 0 | N35: 0 | O35: 0 | P35: 0 | Q35: 0 | R35: 0 | S35: 0 | U35: =SUM($H35:H35) -> 0 | V35: =SUM($H35:I35) -> 0 | W35: =SUM($H35:J35) -> 0 | X35: =SUM($H35:K35) -> 0 | Y35: =SUM($H35:L35) -> 0 | Z35: =SUM($H35:M35) -> 0 | AA35: =SUM($H35:N35) -> 0 | AB35: =SUM($H35:O35) -> 0 | ... AF35: =SUM($H35:S35) -> 0
B36: 59100 | C36: Shopify UK | D36: =VLOOKUP($B36, Mapping!$A:$E, 5, 0) -> Other | E36: =IF(D36="Spa",VLOOKUP($B36,Mapping!$A:$D,4,0), D36) -> Other | F36: Yes | G36: No | H36: 4235.86 | I36: 6752.53 | J36: 4774.57 | K36: 6251.65 | L36: 6235.84 | M36: 3867.09 | N36: 3766.28 | O36: 5114.01 | P36: 5965.01 | Q36: 5608.76 | R36: 5079.17 | S36: 2646.66 | U36: =SUM($H36:H36) -> 4235.86 | V36: =SUM($H36:I36) -> 10988.39 | W36: =SUM($H36:J36) -> 15762.96 | X36: =SUM($H36:K36) -> 22014.61 | Y36: =SUM($H36:L36) -> 28250.45 | Z36: =SUM($H36:M36) -> 32117.54 | AA36: =SUM($H36:N36) -> 35883.82 | AB36: =SUM($H36:O36) -> 40997.83 | ... AF36: =SUM($H36:S36) -> 60297.43
... B44: 51184 | C44: The Connaught Hotel | D44: =VLOOKUP($B44, Mapping!$A:$E, 5, 0) -> Spa | E44: =IF(D44="Spa",VLOOKUP($B44,Mapping!$A:$D,4,0), D44) -> Spas / Hotels | F44: Yes | G44: No | H44: 0 | I44: 611.45 | J44: 1366.67 | K44: 0 | L44: 685.87 | M44: 3195.6 | N44: 449.76 | O44: 3452.25 | P44: 6318.48 | Q44: 6520.52 | R44: 235.21 | S44: 3830.1 | U44: =SUM($H44:H44) -> 0 | V44: =SUM($H44:I44) -> 611.45 | W44: =SUM($H44:J44) -> 1978.12 | X44: =SUM($H44:K44) -> 1978.12 | Y44: =SUM($H44:L44) -> 2663.99 | Z44: =SUM($H44:M44) -> 5859.59 | AA44: =SUM($H44:N44) -> 6309.35 | AB44: =SUM($H44:O44) -> 9761.6 | ... AF44: =SUM($H44:S44) -> 26665.91
B45: 51185 | C45: Four Seasons Hotel London | D45: =VLOOKUP($B45, Mapping!$A:$E, 5, 0) -> Spa | E45: =IF(D45="Spa",VLOOKUP($B45,Mapping!$A:$D,4,0), D45) -> Spas / Hotels | F45: No | G45: 45352 | H45: 0 | I45: 0 | J45: 3019.77 | K45: 0 | L45: 299.15 | M45: 0 | N45: 260.41 | O45: 0 | P45: 489.6 | Q45: 77.08 | R45: 0 | S45: 615 | U45: =SUM($H45:H45) -> 0 | V45: =SUM($H45:I45) -> 0 | W45: =SUM($H45:J45) -> 3019.77 | X45: =SUM($H45:K45) -> 3019.77 | Y45: =SUM($H45:L45) -> 3318.92 | Z45: =SUM($H45:M45) -> 3318.92 | AA45: =SUM($H45:N45) -> 3579.33 | AB45: =SUM($H45:O45) -> 3579.33 | ... AF45: =SUM($H45:S45) -> 4761.01
B46: 51186 | C46: hope street hotel; Liverpool | D46: =VLOOKUP($B46, Mapping!$A:$E, 5, 0) -> Spa | E46: =IF(D46="Spa",VLOOKUP($B46,Mapping!$A:$D,4,0), D46) -> Spas / Hotels | F46: Yes | G46: No | H46: 0 | I46: 0 | J46: 2153.08 | K46: 0 | L46: 4750.8 | M46: 0 | N46: 0 | O46: 0 | P46: 0 | Q46: 0 | R46: 1141.63 | S46: 0 | U46: =SUM($H46:H46) -> 0 | V46: =SUM($H46:I46) -> 0 | W46: =SUM($H46:J46) -> 2153.08 | X46: =SUM($H46:K46) -> 2153.08 | Y46: =SUM($H46:L46) -> 6903.88 | Z46: =SUM($H46:M46) -> 6903.88 | AA46: =SUM($H46:N46) -> 6903.88 | AB46: =SUM($H46:O46) -> 6903.88 | ... AF46: =SUM($H46:S46) -> 8045.51
B47: 51187 | C47: Julia Knight; Sale | D47: =VLOOKUP($B47, Mapping!$A:$E, 5, 0) -> Spa | E47: =IF(D47="Spa",VLOOKUP($B47,Mapping!$A:$D,4,0), D47) -> Institutes / Clinics | F47: Yes | G47: No | H47: 0 | I47: 0 | J47: 645.08 | K47: 338.4 | L47: 0 | M47: 0 | N47: 514.58 | O47: 0 | P47: 0 | Q47: 486.1 | R47: 298.42 | S47: 244 | U47: =SUM($H47:H47) -> 0 | V47: =SUM($H47:I47) -> 0 | W47: =SUM($H47:J47) -> 645.08 | X47: =SUM($H47:K47) -> 983.48 | Y47: =SUM($H47:L47) -> 983.48 | Z47: =SUM($H47:M47) -> 983.48 | AA47: =SUM($H47:N47) -> 1498.06 | AB47: =SUM($H47:O47) -> 1498.06 | ... AF47: =SUM($H47:S47) -> 2526.58
B48: 51189 | C48: RTL Limited; The Grove Hotel | D48: =VLOOKUP($B48, Mapping!$A:$E, 5, 0) -> Spa | E48: =IF(D48="Spa",VLOOKUP($B48,Mapping!$A:$D,4,0), D48) -> Spas / Hotels | F48: No | G48: 45505 | H48: 0 | I48: 0 | J48: 0 | K48: 0 | L48: 0 | M48: 0 | N48: 0 | O48: 12259.13 | P48: 3263.58 | Q48: 9401.17 | R48: 2089.68 | S48: 1792.49 | U48: =SUM($H48:H48) -> 0 | V48: =SUM($H48:I48) -> 0 | W48: =SUM($H48:J48) -> 0 | X48: =SUM($H48:K48) -> 0 | Y48: =SUM($H48:L48) -> 0 | Z48: =SUM($H48:M48) -> 0 | AA48: =SUM($H48:N48) -> 0 | AB48: =SUM($H48:O48) -> 12259.13 | ... AF48: =SUM($H48:S48) -> 28806.05
B49: 53000 | C49: IzzyJ Aesthetics | D49: =VLOOKUP($B49, Mapping!$A:$E, 5, 0) -> Other | E49: =IF(D49="Spa",VLOOKUP($B49,Mapping!$A:$D,4,0), D49) -> Other | F49: Yes | G49: No | H49: 270 | I49: 0 | J49: 0 | K49: 0 | L49: 0 | M49: 0 | N49: 1895.32 | O49: 0 | P49: 0 | Q49: 0 | R49: 0 | S49: 0 | U49: =SUM($H49:H49) -> 270 | V49: =SUM($H49:I49) -> 270 | W49: =SUM($H49:J49) -> 270 | X49: =SUM($H49:K49) -> 270 | Y49: =SUM($H49:L49) -> 270 | Z49: =SUM($H49:M49) -> 270 | AA49: =SUM($H49:N49) -> 2165.32 | AB49: =SUM($H49:O49) -> 2165.32 | ... AF49: =SUM($H49:S49) -> 2165.32
B50: 53014 | C50: Oblique house of aesthetics; London | D50: =VLOOKUP($B50, Mapping!$A:$E, 5, 0) -> Spa | E50: =IF(D50="Spa",VLOOKUP($B50,Mapping!$A:$D,4,0), D50) -> Institutes / Clinics | F50: No | G50: 45323 | H50: 0 | I50: 7912.09 | J50: 0 | K50: 0 | L50: 0 | M50: 2242.49 | N50: 620.8 | O50: 0 | P50: 1519.18 | Q50: 1626.69 | R50: 1512.48 | S50: 391 | U50: =SUM($H50:H50) -> 0 | V50: =SUM($H50:I50) -> 7912.09 | W50: =SUM($H50:J50) -> 7912.09 | X50: =SUM($H50:K50) -> 7912.09 | Y50: =SUM($H50:L50) -> 7912.09 | Z50: =SUM($H50:M50) -> 10154.58 | AA50: =SUM($H50:N50) -> 10775.38 | AB50: =SUM($H50:O50) -> 10775.38 | ... AF50: =SUM($H50:S50) -> 15824.73
B51: 53015 | C51: Hilton Bankside; Ken Tui Management Ltd.; London | D51: =VLOOKUP($B51, Mapping!$A:$E, 5, 0) -> Spa | E51: =IF(D51="Spa",VLOOKUP($B51,Mapping!$A:$D,4,0), D51) -> Spas / Hotels | F51: No | G51: 45474 | H51: 0 | I51: 0 | J51: 0 | K51: 0 | L51: 0 | M51: 0 | N51: 1646.78 | O51: 0 | P51: 546.91 | Q51: 1147.77 | R51: 337.33 | S51: 0 | U51: =SUM($H51:H51) -> 0 | V51: =SUM($H51:I51) -> 0 | W51: =SUM($H51:J51) -> 0 | X51: =SUM($H51:K51) -> 0 | Y51: =SUM($H51:L51) -> 0 | Z51: =SUM($H51:M51) -> 0 | AA51: =SUM($H51:N51) -> 1646.78 | AB51: =SUM($H51:O51) -> 1646.78 | ... AF51: =SUM($H51:S51) -> 3678.79
B52: 53016 | C52: Royal London House; Ken Tui Managem. Ltd | D52: =VLOOKUP($B52, Mapping!$A:$E, 5, 0) -> Spa | E52: =IF(D52="Spa",VLOOKUP($B52,Mapping!$A:$D,4,0), D52) -> Spas / Hotels | F52: No | G52: 45597 | H52: 0 | I52: 0 | J52: 0 | K52: 0 | L52: 0 | M52: 0 | N52: 0 | O52: 0 | P52: 0 | Q52: 0 | R52: 2148.84 | S52: 0 | U52: =SUM($H52:H52) -> 0 | V52: =SUM($H52:I52) -> 0 | W52: =SUM($H52:J52) -> 0 | X52: =SUM($H52:K52) -> 0 | Y52: =SUM($H52:L52) -> 0 | Z52: =SUM($H52:M52) -> 0 | AA52: =SUM($H52:N52) -> 0 | AB52: =SUM($H52:O52) -> 0 | ... AF52: =SUM($H52:S52) -> 2148.84
B53: 53017 | C53: Piccadilly Town House; Ken Tui Managem. Ltd | D53: =VLOOKUP($B53, Mapping!$A:$E, 5, 0) -> Spa | E53: =IF(D53="Spa",VLOOKUP($B53,Mapping!$A:$D,4,0), D53) -> Spas / Hotels | F53: No | G53: 45566 | H53: 0 | I53: 0 | J53: 0 | K53: 0 | L53: 0 | M53: 0 | N53: 0 | O53: 0 | P53: 0 | Q53: 1853.97 | R53: 1837.5 | S53: 5007 | U53: =SUM($H53:H53) -> 0 | V53: =SUM($H53:I53) -> 0 | W53: =SUM($H53:J53) -> 0 | X53: =SUM($H53:K53) -> 0 | Y53: =SUM($H53:L53) -> 0 | Z53: =SUM($H53:M53) -> 0 | AA53: =SUM($H53:N53) -> 0 | AB53: =SUM($H53:O53) -> 0 | ... AF53: =SUM($H53:S53) -> 8698.47

Sheet 2025
D1: Retail
D2: in month sales | H2: 17184.62 | I2: 20014.11 | J2: 14380.2 | K2: 11938.1 | L2: 14958.5 | M2: 1602.56 | N2: 15695.83 | O2: 7158.65 | P2: 11075.91 | Q2: 8083.34 | R2: 12357.37 | S2: 9297.37
D3: YTD sales | H3: 17184.62 | I3: 37198.73 | J3: 51578.93 | K3: 63517.03 | L3: 78475.53 | M3: 80078.09 | N3: 95773.92 | O3: 102932.57 | P3: 114008.48 | Q3: 122091.82 | R3: 134449.19 | S3: 143746.56
D4: ordering in month | H4: 2 | I4: 3 | J4: 2 | K4: 3 | L4: 1 | M4: 3 | N4: 1 | O4: 2 | P4: 2 | Q4: 2 | R4: 2 | S4: 2
D5: ordering YTD | H5: 2 | I5: 3 | J5: 3 | K5: 3 | L5: 3 | M5: 3 | N5: 3 | O5: 3 | P5: 3 | Q5: 3 | R5: 3 | S5: 3
D6: Active doors | H6: 3 | I6: 3 | J6: 3 | K6: 3 | L6: 3 | M6: 3 | N6: 3 | O6: 3 | P6: 3 | Q6: 3 | R6: 3 | S6: 3
D7: New doors in month | H7: 0 | I7: 0 | J7: 0 | K7: 0 | L7: 0 | M7: 0 | N7: 0 | O7: 0 | P7: 0 | Q7: 0 | R7: 0 | S7: 0
D8: New doors YTD | H8: 0 | I8: 0 | J8: 0 | K8: 0 | L8: 0 | M8: 0 | N8: 0 | O8: 0 | P8: 0 | Q8: 0 | R8: 0 | S8: 0
D9: New door sales in month | H9: 0 | I9: 0 | J9: 0 | K9: 0 | L9: 0 | M9: 0 | N9: 0 | O9: 0 | P9: 0 | Q9: 0 | R9: 0 | S9: 0
D10: New door sales YTD | H10: 0 | I10: 0 | J10: 0 | K10: 0 | L10: 0 | M10: 0 | N10: 0 | O10: 0 | P10: 0 | Q10: 0 | R10: 0 | S10: 0
D12: Spa
D13: in month sales | H13: 17572.61 | I13: 14883.8 | J13: 15351.74 | K13: 14168.56 | L13: 11242.04 | M13: 15006.37 | N13: 15264.59 | O13: 2269.96 | P13: 9452.5 | Q13: 15335.2 | R13: 13203.47 | S13: 9615.97
D14: YTD sales | H14: 17572.61 | I14: 32456.41 | J14: 47808.15 | K14: 61976.71 | L14: 73218.75 | M14: 88225.12 | N14: 103489.71 | O14: 105759.67 | P14: 115212.17 | Q14: 130547.37 | R14: 143750.84 | S14: 153366.81
D15: ordering in month | H15: 7 | I15: 7 | J15: 9 | K15: 8 | L15: 7 | M15: 10 | N15: 8 | O15: 5 | P15: 10 | Q15: 10 | R15: 10 | S15: 9
D16: ordering YTD | H16: 7 | I16: 8 | J16: 11 | K16: 12 | L16: 12 | M16: 13 | N16: 13 | O16: 13 | P16: 14 | Q16: 15 | R16: 16 | S16: 16
D17: Active doors | H17: 12 | I17: 12 | J17: 13 | K17: 14 | L17: 14 | M17: 14 | N17: 14 | O17: 14 | P17: 15 | Q17: 16 | R17: 17 | S17: 17
D18: New doors in month | H18: 3 | I18: 0 | J18: 1 | K18: 1 | L18: 0 | M18: 0 | N18: 0 | O18: 0 | P18: 1 | Q18: 1 | R18: 1 | S18: 0
D19: New doors YTD | H19: 3 | I19: 3 | J19: 4 | K19: 5 | L19: 5 | M19: 5 | N19: 5 | O19: 5 | P19: 6 | Q19: 7 | R19: 8 | S19: 8
D20: New door sales in month | H20: 9874.76 | I20: 0 | J20: 2275.92 | K20: 1841.8 | L20: 0 | M20: 0 | N20: 0 | O20: 0 | P20: 1780.4 | Q20: 633.76 | R20: 1213.1 | S20: 0
D21: New door sales YTD | H21: 9874.76 | I21: 20340.96 | J21: 26022.68 | K21: 34345.1 | L21: 38376.62 | M21: 39871.14 | N21: 43793.43 | O21: 44769.18 | P21: 50819.26 | Q21: 57239.04 | R21: 67172.87 | S21: 71295.28
H23: 73 | I23: 76 | J23: 79 | K23: 82 | L23: 85 | M23: 88 | N23: 91 | O23: 94 | P23: 97 | Q23: 100 | R23: 103 | S23: 106
D24: Mapping | E24: Mapping 2 | F24: Active in PY? | G24: New in year | H24: 45658 | I24: 45689 | J24: 45717 | K24: 45748 | L24: 45778 | M24: 45809 | N24: 45839 | O24: 45870 | P24: 45901 | Q24: 45931 | R24: 45962 | S24: 45992 | U24: 45658 | V24: 45689 | W24: 45717 | X24: 45748 | Y24: 45778 | Z24: 45809 | AA24: 45839 | AB24: 45870 | AC24: 45901 | AD24: 45931 | AE24: 45962 | AF24: 45992
B25: 51101 | C25: Liberty | D25: Retail | E25: Retail | F25: Yes | G25: No | H25: 5000 | I25: 17415 | J25: 12240.7 | K25: 5611.51 | L25: 15157.88 | M25: 931.9 | N25: 15996.01 | O25: 4123.34 | P25: 9146.28 | Q25: 4358.01 | R25: 10042.77 | S25: 4112.12 | U25: 5000 | V25: 22415 | W25: 34655.7 | X25: 40267.21 | Y25: 55425.09 | Z25: 56356.99 | AA25: 72353 | AB25: 76476.34 | AC25: 85622.62 | AD25: 89980.63 | AE25: 100023.4 | AF25: 104135.52
B26: 51172 | C26: Harrods (UK) Ltd. | D26: Retail | E26: Retail | F26: Yes | G26: No | H26: 12184.62 | I26: 2019.72 | J26: 2139.5 | K26: 5539.06 | L26: -199.38 | M26: 468.16 | N26: -300.18 | O26: 3035.31 | P26: 1929.63 | Q26: 3725.33 | R26: 2314.6 | S26: 5185.25 | U26: 12184.62 | V26: 14204.34 | W26: 16343.84 | X26: 21882.9 | Y26: 21683.52 | Z26: 22151.68 | AA26: 21851.5 | AB26: 24886.81 | AC26: 26816.44 | AD26: 30541.77 | AE26: 32856.37 | AF26: 38041.62
B27: 51175 | C27: The Hut.com Ltd; Poland | D27: eTailers | E27: eTailers | F27: Yes | G27: No | H27: 0 | I27: 0 | J27: 0 | K27: 0 | L27: 0 | M27: 0 | N27: 0 | O27: 0 | P27: 0 | Q27: 0 | R27: 0 | S27: 0 | U27: 0 | V27: 0 | W27: 0 | X27: 0 | Y27: 0 | Z27: 0 | AA27: 0 | AB27: 0 | AC27: 0 | AD27: 0 | AE27: 0 | AF27: 0
B28: 51176 | C28: The Hut.com Ltd; GB | D28: eTailers | E28: eTailers | F28: Yes | G28: No | H28: 3324.93 | I28: 3108.44 | J28: 7099.86 | K28: 0 | L28: 437.43 | M28: 0 | N28: 1487.43 | O28: 2800.14 | P28: 4200 | Q28: 0 | R28: 5624.88 | S28: 0 | U28: 3324.93 | V28: 6433.37 | W28: 13533.23 | X28: 13533.23 | Y28: 13970.66 | Z28: 13970.66 | AA28: 15458.09 | AB28: 18258.23 | AC28: 22458.23 | AD28: 22458.23 | AE28: 28083.11 | AF28: 28083.11
B29: 51177 | C29: Net-A-Porter; London GB | D29: eTailers | E29: eTailers | F29: Yes | G29: No | H29: 0 | I29: 0 | J29: 0 | K29: 0 | L29: 0 | M29: 0 | N29: 0 | O29: 0 | P29: 0 | Q29: 0 | R29: 0 | S29: 0 | U29: 0 | V29: 0 | W29: 0 | X29: 0 | Y29: 0 | Z29: 0 | AA29: 0 | AB29: 0 | AC29: 0 | AD29: 0 | AE29: 0 | AF29: 0
B30: 51179 | C30: Net-A-Porter; Hong Kong | D30: eTailers | E30: eTailers | F30: Yes | G30: No | H30: 0 | I30: 0 | J30: 0 | K30: 0 | L30: 0 | M30: 0 | N30: 0 | O30: 0 | P30: 0 | Q30: 0 | R30: 0 | S30: 0 | U30: 0 | V30: 0 | W30: 0 | X30: 0 | Y30: 0 | Z30: 0 | AA30: 0 | AB30: 0 | AC30: 0 | AD30: 0 | AE30: 0 | AF30: 0
B31: 51183 | C31: John Bell & Croyden, London | D31: Retail | E31: Retail | F31: Yes | G31: No | H31: 0 | I31: 579.39 | J31: 0 | K31: 787.53 | L31: 0 | M31: 202.5 | N31: 0 | O31: 0 | P31: 0 | Q31: 0 | R31: 0 | S31: 0 | U31: 0 | V31: 579.39 | W31: 579.39 | X31: 1366.92 | Y31: 1366.92 | Z31: 1569.42 | AA31: 1569.42 | AB31: 1569.42 | AC31: 1569.42 | AD31: 1569.42 | AE31: 1569.42 | AF31: 1569.42
B32: 51206 | C32: DESCOMED GB, London (Personal BlueGem) | D32: Other | E32: Other | F32: Yes | G32: No | H32: 0 | I32: 0 | J32: 0 | K32: 0 | L32: 0 | M32: 0 | N32: 0 | O32: 0 | P32: 0 | Q32: 0 | R32: 0 | S32: 0 | U32: 0 | V32: 0 | W32: 0 | X32: 0 | Y32: 0 | Z32: 0 | AA32: 0 | AB32: 0 | AC32: 0 | AD32: 0 | AE32: 0 | AF32: 0
B33: 53008 | C33: Saintly Skin;Frederika Van Hagan | D33: Other | E33: Other | F33: Yes | G33: No | H33: 0 | I33: 0 | J33: 0 | K33: 0 | L33: 0 | M33: 0 | N33: 0 | O33: 0 | P33: 0 | Q33: 0 | R33: 0 | S33: 0 | U33: 0 | V33: 0 | W33: 0 | X33: 0 | Y33: 0 | Z33: 0 | AA33: 0 | AB33: 0 | AC33: 0 | AD33: 0 | AE33: 0 | AF33: 0
B34: 53011 | C34: Liliana Fernandes | D34: Other | E34: Other | F34: Yes | G34: No | H34: 0 | I34: 0 | J34: 0 | K34: 0 | L34: 0 | M34: 0 | N34: 0 | O34: 0 | P34: 0 | Q34: 0 | R34: 0 | S34: 0 | U34: 0 | V34: 0 | W34: 0 | X34: 0 | Y34: 0 | Z34: 0 | AA34: 0 | AB34: 0 | AC34: 0 | AD34: 0 | AE34: 0 | AF34: 0
B35: 53012 | C35: Virginie Alvarez | D35: Other | E35: Other | F35: Yes | G35: No | H35: 0 | I35: 0 | J35: 0 | K35: 0 | L35: 0 | M35: 0 | N35: 0 | O35: 0 | P35: 0 | Q35: 0 | R35: 0 | S35: 0 | U35: 0 | V35: 0 | W35: 0 | X35: 0 | Y35: 0 | Z35: 0 | AA35: 0 | AB35: 0 | AC35: 0 | AD35: 0 | AE35: 0 | AF35: 0
B36: 59100 | C36: Shopify UK | D36: Other | E36: Other | F36: Yes | G36: No | H36: 4911.47 | I36: 5200.65 | J36: 7962.09 | K36: 2370.83 | L36: 4684.16 | M36: 4198.11 | N36: 5664.56 | O36: 1233.34 | P36: 5522.25 | Q36: 3737.3 | R36: 5083.54 | S36: 6000 | U36: 4911.47 | V36: 10112.12 | W36: 18074.21 | X36: 20445.04 | Y36: 25129.2 | Z36: 29327.31 | AA36: 34991.87 | AB36: 36225.21 | AC36: 41747.46 | AD36: 45484.76 | AE36: 50568.3 | AF36: 56568.3
... B51: 53015 | C51: Hilton Bankside; Ken Tui Management Ltd.; London | D51: Spa | E51: Spas / Hotels | F51: Yes | G51: No | H51: 0 | I51: 0 | J51: 4533.27 | K51: 0 | L51: 0 | M51: 1851.66 | N51: 0 | O51: 0 | P51: 0 | Q51: 0 | R51: 0 | S51: 0 | U51: 0 | V51: 0 | W51: 4533.27 | X51: 4533.27 | Y51: 4533.27 | Z51: 6384.93 | AA51: 6384.93 | AB51: 6384.93 | AC51: 6384.93 | AD51: 6384.93 | AE51: 6384.93 | AF51: 6384.93
B52: 53016 | C52: Royal London House; Ken Tui Managem. Ltd | D52: Spa | E52: Spas / Hotels | F52: Yes | G52: No | I52: 0 | J52: 0 | K52: 0 | L52: 0 | M52: 1636.92 | N52: 0 | O52: 0 | P52: 0 | Q52: 0 | R52: 0 | S52: 0 | U52: 0 | V52: 0 | W52: 0 | X52: 0 | Y52: 0 | Z52: 1636.92 | AA52: 1636.92 | AB52: 1636.92 | AC52: 1636.92 | AD52: 1636.92 | AE52: 1636.92 | AF52: 1636.92
B53: 53017 | C53: Piccadilly Town House; Ken Tui Managem. Ltd | D53: Spa | E53: Spas / Hotels | F53: Yes | G53: No | H53: 0 | I53: 0 | J53: 0 | K53: 0 | L53: 0 | M53: 0 | N53: 0 | O53: 0 | P53: 0 | Q53: 0 | R53: 0 | S53: 0 | U53: 0 | V53: 0 | W53: 0 | X53: 0 | Y53: 0 | Z53: 0 | AA53: 0 | AB53: 0 | AC53: 0 | AD53: 0 | AE53: 0 | AF53: 0
B54: 53019 | C54: M Alexander London | D54: Spa | E54: Institutes / Clinics | F54: No | G54: 45658 | H54: 1502.76 | I54: 355.64 | J54: 372.95 | K54: 98.65 | L54: 341.13 | M54: 199.95 | N54: 0 | O54: 0 | P54: 317.52 | Q54: 375.36 | R54: 0 | S54: 311.95 | U54: 1502.76 | V54: 1858.4 | W54: 2231.35 | X54: 2330 | Y54: 2671.13 | Z54: 2871.08 | AA54: 2871.08 | AB54: 2871.08 | AC54: 3188.6 | AD54: 3563.96 | AE54: 3563.96 | AF54: 3875.91
B55: 53018 | C55: The Goodwood Hotel, Chichester | D55: Spa | E55: Spas / Hotels | F55: No | G55: 45658 | H55: 5018 | I55: 4242.25 | J55: 0 | K55: 0 | L55: 0 | M55: 0 | N55: 0 | O55: 0 | P55: 440.4 | Q55: 987.48 | R55: 1494.65 | S55: 0 | U55: 5018 | V55: 9260.25 | W55: 9260.25 | X55: 9260.25 | Y55: 9260.25 | Z55: 9260.25 | AA55: 9260.25 | AB55: 9260.25 | AC55: 9700.65 | AD55: 10688.13 | AE55: 12182.78 | AF55: 12182.78
B56: 53020 | C56: Guendalina The Skin Sculpter LTD | D56: Spa | E56: Institutes / Clinics | F56: No | G56: 45658 | H56: 3354 | I56: 5868.31 | J56: 3032.85 | K56: 5600.72 | L56: 1691.83 | M56: 1114.98 | N56: 2709.26 | O56: 600.75 | P56: 2194.18 | Q56: 2645.8 | R56: 4171.34 | S56: 2208.7 | U56: 3354 | V56: 9222.31 | W56: 12255.16 | X56: 17855.88 | Y56: 19547.71 | Z56: 20662.69 | AA56: 23371.95 | AB56: 23972.7 | AC56: 26166.88 | AD56: 28812.68 | AE56: 32984.02 | AF56: 35192.72
B57: 51192 | C57: Rachel Staggs Ltd. | D57: Spa | E57: Institutes / Clinics | F57: No | G57: 45717 | H57: 0 | I57: 0 | J57: 2275.92 | K57: 781.25 | L57: 1570.81 | M57: 0 | N57: 560.42 | O57: 375 | P57: 1037.49 | Q57: 822.9 | R57: 1404.87 | S57: 683.32 | U57: 0 | V57: 0 | W57: 2275.92 | X57: 3057.17 | Y57: 4627.98 | Z57: 4627.98 | AA57: 5188.4 | AB57: 5563.4 | AC57: 6600.89 | AD57: 7423.79 | AE57: 8828.66 | AF57: 9511.98
B58: 51191 | C58: Louise Godsil; Tranquil Escape | D58: Spa | E58: Institutes / Clinics | F58: No | G58: 45748 | H58: 0 | I58: 0 | J58: 0 | K58: 1841.8 | L58: 427.75 | M58: 179.59 | N58: 652.61 | O58: 0 | P58: 280.09 | Q58: 625.32 | R58: 1094.31 | S58: 0 | U58: 0 | V58: 0 | W58: 0 | X58: 1841.8 | Y58: 2269.55 | Z58: 2449.14 | AA58: 3101.75 | AB58: 3101.75 | AC58: 3381.84 | AD58: 4007.16 | AE58: 5101.47 | AF58: 5101.47
B59: 53021 | C59: Ayadi Ltd. | D59: Spa | E59: Spas / Hotels | F59: Spa | G59: 45901 | H59: 0 | I59: 0 | J59: 0 | K59: 0 | L59: 0 | M59: 0 | N59: 0 | O59: 0 | P59: 1780.4 | Q59: 329.16 | R59: 0 | S59: 0 | U59: 0 | V59: 0 | W59: 0 | X59: 0 | Y59: 0 | Z59: 0 | AA59: 0 | AB59: 0 | AC59: 1780.4 | AD59: 2109.56 | AE59: 2109.56 | AF59: 2109.56
B60: 51194 | C60: Artfarm Limited; The Fife Arms Braemar | D60: Spa | E60: Spas / Hotels | F60: Spa | G60: 45931 | H60: 0 | I60: 0 | J60: 0 | K60: 0 | L60: 0 | M60: 0 | N60: 0 | O60: 0 | P60: 0 | Q60: 633.76 | R60: 555.56 | S60: 918.44 | U60: 0 | V60: 0 | W60: 0 | X60: 0 | Y60: 0 | Z60: 0 | AA60: 0 | AB60: 0 | AC60: 0 | AD60: 633.76 | AE60: 1189.32 | AF60: 2107.76
B61: 51196 | C61: CHAPEL BEAUTY | D61: Spa | E61: Institutes / Clinics | F61: No | G61: 45962 | H61: 0 | I61: 0 | J61: 0 | K61: 0 | L61: 0 | M61: 0 | N61: 0 | O61: 0 | P61: 0 | Q61: 0 | R61: 1213.1 | S61: 0 | U61: 0 | V61: 0 | W61: 0 | X61: 0 | Y61: 0 | Z61: 0 | AA61: 0 | AB61: 0 | AC61: 0 | AD61: 0 | AE61: 1213.1 | AF61: 1213.1
U62: 0 | V62: 0 | W62: 0 | X62: 0 | Y62: 0 | Z62: 0 | AA62: 0 | AB62: 0 | AC62: 0 | AD62: 0 | AE62: 0 | AF62: 0
U63: 0 | V63: 0 | W63: 0 | X63: 0 | Y63: 0 | Z63: 0 | AA63: 0 | AB63: 0 | AC63: 0 | AD63: 0 | AE63: 0 | AF63: 0

Sheet 2025B
D1: Retail
D2: in month sales | H2: =SUMIFS(H$25:H$57, $D$25:$D$57, $D$1) -> 10960 | I2: =SUMIFS(I$25:I$57, $D$25:$D$57, $D$1) -> 9590 | J2: =SUMIFS(J$25:J$57, $D$25:$D$57, $D$1) -> 13700 | K2: =SUMIFS(K$25:K$57, $D$25:$D$57, $D$1) -> 12330 | L2: =SUMIFS(L$25:L$57, $D$25:$D$57, $D$1) -> 12330 | M2: =SUMIFS(M$25:M$57, $D$25:$D$57, $D$1) -> 10960 | N2: =SUMIFS(N$25:N$57, $D$25:$D$57, $D$1) -> 10960 | O2: =SUMIFS(O$25:O$57, $D$25:$D$57, $D$1) -> 6850 | ... S2: =SUMIFS(S$25:S$57, $D$25:$D$57, $D$1) -> 9590
D3: YTD sales | H3: =SUM($H2:H2) -> 10960 | I3: =SUM($H2:I2) -> 20550 | J3: =SUM($H2:J2) -> 34250 | K3: =SUM($H2:K2) -> 46580 | L3: =SUM($H2:L2) -> 58910 | M3: =SUM($H2:M2) -> 69870 | N3: =SUM($H2:N2) -> 80830 | O3: =SUM($H2:O2) -> 87680 | ... S3: =SUM($H2:S2) -> 137000
